question_id,answer_value,skill_id,skill_name,skill_score
Q_UI_U_0001,belum_paham,wireframing,Dynamic Skill,0
Q_UI_U_0001,paham_dasar,wireframing,Dynamic Skill,1
Q_UI_U_0001,cukup_paham,ui_principles,Dynamic Skill,2
Q_DATA_0002,belum_paham,python_basic,Dynamic Skill,0
Q_DATA_0002,paham_dasar,spreadsheet_basic,Dynamic Skill,1
Q_DATA_0002,cukup_paham,spreadsheet_basic,Dynamic Skill,2
Q_DATA_0003,belum_paham,spreadsheet_basic,Dynamic Skill,0
Q_DATA_0003,paham_dasar,python_basic,Dynamic Skill,1
Q_DATA_0003,cukup_paham,sql_basic,Dynamic Skill,2
Q_WEB__0004,belum_paham,javascript_basic,Dynamic Skill,0
Q_WEB__0004,paham_dasar,css_basic,Dynamic Skill,1
Q_WEB__0004,cukup_paham,javascript_basic,Dynamic Skill,2
Q_AI_M_0005,belum_paham,mlops,Dynamic Skill,0
Q_AI_M_0005,paham_dasar,model_training,Dynamic Skill,1
Q_AI_M_0005,cukup_paham,python_basic,Dynamic Skill,2
Q_CYBE_0006,belum_paham,linux_basic,Dynamic Skill,0
Q_CYBE_0006,paham_dasar,networking_fundamental,Dynamic Skill,1
Q_CYBE_0006,cukup_paham,log_analysis,Dynamic Skill,2
Q_CYBE_0007,belum_paham,networking_fundamental,Dynamic Skill,0
Q_CYBE_0007,paham_dasar,linux_basic,Dynamic Skill,1
Q_CYBE_0007,cukup_paham,linux_basic,Dynamic Skill,2
Q_DATA_0008,belum_paham,python_basic,Dynamic Skill,0
Q_DATA_0008,paham_dasar,sql_basic,Dynamic Skill,1
Q_DATA_0008,cukup_paham,sql_basic,Dynamic Skill,2
Q_WEB__0009,belum_paham,html_basic,Dynamic Skill,0
Q_WEB__0009,paham_dasar,html_basic,Dynamic Skill,1
Q_WEB__0009,cukup_paham,html_basic,Dynamic Skill,2
Q_UI_U_0010,belum_paham,figma,Dynamic Skill,0
Q_UI_U_0010,paham_dasar,wireframing,Dynamic Skill,1
Q_UI_U_0010,cukup_paham,ui_principles,Dynamic Skill,2
Q_UI_U_0011,belum_paham,figma,Dynamic Skill,0
Q_UI_U_0011,paham_dasar,wireframing,Dynamic Skill,1
Q_UI_U_0011,cukup_paham,wireframing,Dynamic Skill,2
Q_AI_M_0012,belum_paham,model_training,Dynamic Skill,0
Q_AI_M_0012,paham_dasar,mlops,Dynamic Skill,1
Q_AI_M_0012,cukup_paham,model_training,Dynamic Skill,2
Q_UI_U_0013,belum_paham,wireframing,Dynamic Skill,0
Q_UI_U_0013,paham_dasar,ui_principles,Dynamic Skill,1
Q_UI_U_0013,cukup_paham,figma,Dynamic Skill,2
Q_WEB__0014,belum_paham,javascript_basic,Dynamic Skill,0
Q_WEB__0014,paham_dasar,css_basic,Dynamic Skill,1
Q_WEB__0014,cukup_paham,html_basic,Dynamic Skill,2
Q_AI_M_0015,belum_paham,model_training,Dynamic Skill,0
Q_AI_M_0015,paham_dasar,mlops,Dynamic Skill,1
Q_AI_M_0015,cukup_paham,model_training,Dynamic Skill,2
Q_AI_M_0016,belum_paham,python_basic,Dynamic Skill,0
Q_AI_M_0016,paham_dasar,model_training,Dynamic Skill,1
Q_AI_M_0016,cukup_paham,model_training,Dynamic Skill,2
Q_UI_U_0017,belum_paham,ui_principles,Dynamic Skill,0
Q_UI_U_0017,paham_dasar,wireframing,Dynamic Skill,1
Q_UI_U_0017,cukup_paham,figma,Dynamic Skill,2
Q_DATA_0018,belum_paham,spreadsheet_basic,Dynamic Skill,0
Q_DATA_0018,paham_dasar,spreadsheet_basic,Dynamic Skill,1
Q_DATA_0018,cukup_paham,sql_basic,Dynamic Skill,2
Q_AI_M_0019,belum_paham,python_basic,Dynamic Skill,0
Q_AI_M_0019,paham_dasar,python_basic,Dynamic Skill,1
Q_AI_M_0019,cukup_paham,python_basic,Dynamic Skill,2
Q_CYBE_0020,belum_paham,networking_fundamental,Dynamic Skill,0
Q_CYBE_0020,paham_dasar,linux_basic,Dynamic Skill,1
Q_CYBE_0020,cukup_paham,linux_basic,Dynamic Skill,2
Q_AI_M_0021,belum_paham,model_training,Dynamic Skill,0
Q_AI_M_0021,paham_dasar,mlops,Dynamic Skill,1
Q_AI_M_0021,cukup_paham,model_training,Dynamic Skill,2
Q_CYBE_0022,belum_paham,log_analysis,Dynamic Skill,0
Q_CYBE_0022,paham_dasar,log_analysis,Dynamic Skill,1
Q_CYBE_0022,cukup_paham,linux_basic,Dynamic Skill,2
Q_UI_U_0023,belum_paham,ui_principles,Dynamic Skill,0
Q_UI_U_0023,paham_dasar,ui_principles,Dynamic Skill,1
Q_UI_U_0023,cukup_paham,figma,Dynamic Skill,2
Q_DATA_0024,belum_paham,spreadsheet_basic,Dynamic Skill,0
Q_DATA_0024,paham_dasar,spreadsheet_basic,Dynamic Skill,1
Q_DATA_0024,cukup_paham,spreadsheet_basic,Dynamic Skill,2
Q_CYBE_0025,belum_paham,linux_basic,Dynamic Skill,0
Q_CYBE_0025,paham_dasar,linux_basic,Dynamic Skill,1
Q_CYBE_0025,cukup_paham,linux_basic,Dynamic Skill,2
Q_CYBE_0026,belum_paham,networking_fundamental,Dynamic Skill,0
Q_CYBE_0026,paham_dasar,linux_basic,Dynamic Skill,1
Q_CYBE_0026,cukup_paham,log_analysis,Dynamic Skill,2
Q_CYBE_0027,belum_paham,linux_basic,Dynamic Skill,0
Q_CYBE_0027,paham_dasar,networking_fundamental,Dynamic Skill,1
Q_CYBE_0027,cukup_paham,networking_fundamental,Dynamic Skill,2
Q_WEB__0028,belum_paham,html_basic,Dynamic Skill,0
Q_WEB__0028,paham_dasar,javascript_basic,Dynamic Skill,1
Q_WEB__0028,cukup_paham,html_basic,Dynamic Skill,2
Q_CYBE_0029,belum_paham,networking_fundamental,Dynamic Skill,0
Q_CYBE_0029,paham_dasar,linux_basic,Dynamic Skill,1
Q_CYBE_0029,cukup_paham,linux_basic,Dynamic Skill,2
Q_DATA_0030,belum_paham,sql_basic,Dynamic Skill,0
Q_DATA_0030,paham_dasar,sql_basic,Dynamic Skill,1
Q_DATA_0030,cukup_paham,sql_basic,Dynamic Skill,2
Q_UI_U_0031,belum_paham,figma,Dynamic Skill,0
Q_UI_U_0031,paham_dasar,wireframing,Dynamic Skill,1
Q_UI_U_0031,cukup_paham,figma,Dynamic Skill,2
Q_CYBE_0032,belum_paham,linux_basic,Dynamic Skill,0
Q_CYBE_0032,paham_dasar,linux_basic,Dynamic Skill,1
Q_CYBE_0032,cukup_paham,log_analysis,Dynamic Skill,2
Q_CYBE_0033,belum_paham,linux_basic,Dynamic Skill,0
Q_CYBE_0033,paham_dasar,log_analysis,Dynamic Skill,1
Q_CYBE_0033,cukup_paham,log_analysis,Dynamic Skill,2
Q_DATA_0034,belum_paham,python_basic,Dynamic Skill,0
Q_DATA_0034,paham_dasar,python_basic,Dynamic Skill,1
Q_DATA_0034,cukup_paham,sql_basic,Dynamic Skill,2
Q_DATA_0035,belum_paham,python_basic,Dynamic Skill,0
Q_DATA_0035,paham_dasar,sql_basic,Dynamic Skill,1
Q_DATA_0035,cukup_paham,sql_basic,Dynamic Skill,2
Q_AI_M_0036,belum_paham,python_basic,Dynamic Skill,0
Q_AI_M_0036,paham_dasar,mlops,Dynamic Skill,1
Q_AI_M_0036,cukup_paham,python_basic,Dynamic Skill,2
Q_CYBE_0037,belum_paham,linux_basic,Dynamic Skill,0
Q_CYBE_0037,paham_dasar,linux_basic,Dynamic Skill,1
Q_CYBE_0037,cukup_paham,log_analysis,Dynamic Skill,2
Q_WEB__0038,belum_paham,css_basic,Dynamic Skill,0
Q_WEB__0038,paham_dasar,css_basic,Dynamic Skill,1
Q_WEB__0038,cukup_paham,javascript_basic,Dynamic Skill,2
Q_DATA_0039,belum_paham,sql_basic,Dynamic Skill,0
Q_DATA_0039,paham_dasar,python_basic,Dynamic Skill,1
Q_DATA_0039,cukup_paham,spreadsheet_basic,Dynamic Skill,2
Q_WEB__0040,belum_paham,html_basic,Dynamic Skill,0
Q_WEB__0040,paham_dasar,html_basic,Dynamic Skill,1
Q_WEB__0040,cukup_paham,javascript_basic,Dynamic Skill,2
Q_UI_U_0041,belum_paham,figma,Dynamic Skill,0
Q_UI_U_0041,paham_dasar,figma,Dynamic Skill,1
Q_UI_U_0041,cukup_paham,figma,Dynamic Skill,2
Q_AI_M_0042,belum_paham,python_basic,Dynamic Skill,0
Q_AI_M_0042,paham_dasar,model_training,Dynamic Skill,1
Q_AI_M_0042,cukup_paham,python_basic,Dynamic Skill,2
Q_UI_U_0043,belum_paham,wireframing,Dynamic Skill,0
Q_UI_U_0043,paham_dasar,wireframing,Dynamic Skill,1
Q_UI_U_0043,cukup_paham,wireframing,Dynamic Skill,2
Q_UI_U_0044,belum_paham,wireframing,Dynamic Skill,0
Q_UI_U_0044,paham_dasar,figma,Dynamic Skill,1
Q_UI_U_0044,cukup_paham,figma,Dynamic Skill,2
Q_DATA_0045,belum_paham,spreadsheet_basic,Dynamic Skill,0
Q_DATA_0045,paham_dasar,python_basic,Dynamic Skill,1
Q_DATA_0045,cukup_paham,python_basic,Dynamic Skill,2
Q_CYBE_0046,belum_paham,log_analysis,Dynamic Skill,0
Q_CYBE_0046,paham_dasar,log_analysis,Dynamic Skill,1
Q_CYBE_0046,cukup_paham,log_analysis,Dynamic Skill,2
Q_DATA_0047,belum_paham,spreadsheet_basic,Dynamic Skill,0
Q_DATA_0047,paham_dasar,spreadsheet_basic,Dynamic Skill,1
Q_DATA_0047,cukup_paham,python_basic,Dynamic Skill,2
Q_UI_U_0048,belum_paham,figma,Dynamic Skill,0
Q_UI_U_0048,paham_dasar,ui_principles,Dynamic Skill,1
Q_UI_U_0048,cukup_paham,figma,Dynamic Skill,2
Q_UI_U_0049,belum_paham,ui_principles,Dynamic Skill,0
Q_UI_U_0049,paham_dasar,ui_principles,Dynamic Skill,1
Q_UI_U_0049,cukup_paham,figma,Dynamic Skill,2
Q_UI_U_0050,belum_paham,wireframing,Dynamic Skill,0
Q_UI_U_0050,paham_dasar,wireframing,Dynamic Skill,1
Q_UI_U_0050,cukup_paham,wireframing,Dynamic Skill,2
Q_AI_M_0051,belum_paham,model_training,Dynamic Skill,0
Q_AI_M_0051,paham_dasar,python_basic,Dynamic Skill,1
Q_AI_M_0051,cukup_paham,mlops,Dynamic Skill,2
Q_UI_U_0052,belum_paham,ui_principles,Dynamic Skill,0
Q_UI_U_0052,paham_dasar,wireframing,Dynamic Skill,1
Q_UI_U_0052,cukup_paham,figma,Dynamic Skill,2
Q_CYBE_0053,belum_paham,linux_basic,Dynamic Skill,0
Q_CYBE_0053,paham_dasar,networking_fundamental,Dynamic Skill,1
Q_CYBE_0053,cukup_paham,log_analysis,Dynamic Skill,2
Q_AI_M_0054,belum_paham,mlops,Dynamic Skill,0
Q_AI_M_0054,paham_dasar,model_training,Dynamic Skill,1
Q_AI_M_0054,cukup_paham,model_training,Dynamic Skill,2
Q_CYBE_0055,belum_paham,networking_fundamental,Dynamic Skill,0
Q_CYBE_0055,paham_dasar,linux_basic,Dynamic Skill,1
Q_CYBE_0055,cukup_paham,log_analysis,Dynamic Skill,2
Q_DATA_0056,belum_paham,python_basic,Dynamic Skill,0
Q_DATA_0056,paham_dasar,python_basic,Dynamic Skill,1
Q_DATA_0056,cukup_paham,sql_basic,Dynamic Skill,2
Q_UI_U_0057,belum_paham,wireframing,Dynamic Skill,0
Q_UI_U_0057,paham_dasar,ui_principles,Dynamic Skill,1
Q_UI_U_0057,cukup_paham,figma,Dynamic Skill,2
Q_UI_U_0058,belum_paham,figma,Dynamic Skill,0
Q_UI_U_0058,paham_dasar,wireframing,Dynamic Skill,1
Q_UI_U_0058,cukup_paham,wireframing,Dynamic Skill,2
Q_WEB__0059,belum_paham,css_basic,Dynamic Skill,0
Q_WEB__0059,paham_dasar,javascript_basic,Dynamic Skill,1
Q_WEB__0059,cukup_paham,css_basic,Dynamic Skill,2
Q_AI_M_0060,belum_paham,python_basic,Dynamic Skill,0
Q_AI_M_0060,paham_dasar,model_training,Dynamic Skill,1
Q_AI_M_0060,cukup_paham,mlops,Dynamic Skill,2
Q_AI_M_0061,belum_paham,model_training,Dynamic Skill,0
Q_AI_M_0061,paham_dasar,mlops,Dynamic Skill,1
Q_AI_M_0061,cukup_paham,model_training,Dynamic Skill,2
Q_DATA_0062,belum_paham,python_basic,Dynamic Skill,0
Q_DATA_0062,paham_dasar,spreadsheet_basic,Dynamic Skill,1
Q_DATA_0062,cukup_paham,spreadsheet_basic,Dynamic Skill,2
Q_AI_M_0063,belum_paham,mlops,Dynamic Skill,0
Q_AI_M_0063,paham_dasar,model_training,Dynamic Skill,1
Q_AI_M_0063,cukup_paham,model_training,Dynamic Skill,2
Q_AI_M_0064,belum_paham,model_training,Dynamic Skill,0
Q_AI_M_0064,paham_dasar,model_training,Dynamic Skill,1
Q_AI_M_0064,cukup_paham,mlops,Dynamic Skill,2
Q_AI_M_0065,belum_paham,mlops,Dynamic Skill,0
Q_AI_M_0065,paham_dasar,mlops,Dynamic Skill,1
Q_AI_M_0065,cukup_paham,python_basic,Dynamic Skill,2
Q_CYBE_0066,belum_paham,log_analysis,Dynamic Skill,0
Q_CYBE_0066,paham_dasar,linux_basic,Dynamic Skill,1
Q_CYBE_0066,cukup_paham,log_analysis,Dynamic Skill,2
Q_UI_U_0067,belum_paham,ui_principles,Dynamic Skill,0
Q_UI_U_0067,paham_dasar,figma,Dynamic Skill,1
Q_UI_U_0067,cukup_paham,figma,Dynamic Skill,2
Q_AI_M_0068,belum_paham,mlops,Dynamic Skill,0
Q_AI_M_0068,paham_dasar,mlops,Dynamic Skill,1
Q_AI_M_0068,cukup_paham,model_training,Dynamic Skill,2
Q_WEB__0069,belum_paham,css_basic,Dynamic Skill,0
Q_WEB__0069,paham_dasar,html_basic,Dynamic Skill,1
Q_WEB__0069,cukup_paham,html_basic,Dynamic Skill,2
Q_WEB__0070,belum_paham,css_basic,Dynamic Skill,0
Q_WEB__0070,paham_dasar,html_basic,Dynamic Skill,1
Q_WEB__0070,cukup_paham,javascript_basic,Dynamic Skill,2
Q_CYBE_0071,belum_paham,linux_basic,Dynamic Skill,0
Q_CYBE_0071,paham_dasar,networking_fundamental,Dynamic Skill,1
Q_CYBE_0071,cukup_paham,networking_fundamental,Dynamic Skill,2
Q_CYBE_0072,belum_paham,linux_basic,Dynamic Skill,0
Q_CYBE_0072,paham_dasar,linux_basic,Dynamic Skill,1
Q_CYBE_0072,cukup_paham,linux_basic,Dynamic Skill,2
Q_AI_M_0073,belum_paham,mlops,Dynamic Skill,0
Q_AI_M_0073,paham_dasar,python_basic,Dynamic Skill,1
Q_AI_M_0073,cukup_paham,mlops,Dynamic Skill,2
Q_DATA_0074,belum_paham,python_basic,Dynamic Skill,0
Q_DATA_0074,paham_dasar,sql_basic,Dynamic Skill,1
Q_DATA_0074,cukup_paham,spreadsheet_basic,Dynamic Skill,2
Q_AI_M_0075,belum_paham,mlops,Dynamic Skill,0
Q_AI_M_0075,paham_dasar,python_basic,Dynamic Skill,1
Q_AI_M_0075,cukup_paham,model_training,Dynamic Skill,2
Q_DATA_0076,belum_paham,sql_basic,Dynamic Skill,0
Q_DATA_0076,paham_dasar,sql_basic,Dynamic Skill,1
Q_DATA_0076,cukup_paham,spreadsheet_basic,Dynamic Skill,2
Q_AI_M_0077,belum_paham,mlops,Dynamic Skill,0
Q_AI_M_0077,paham_dasar,mlops,Dynamic Skill,1
Q_AI_M_0077,cukup_paham,python_basic,Dynamic Skill,2
Q_WEB__0078,belum_paham,html_basic,Dynamic Skill,0
Q_WEB__0078,paham_dasar,css_basic,Dynamic Skill,1
Q_WEB__0078,cukup_paham,css_basic,Dynamic Skill,2
Q_CYBE_0079,belum_paham,linux_basic,Dynamic Skill,0
Q_CYBE_0079,paham_dasar,linux_basic,Dynamic Skill,1
Q_CYBE_0079,cukup_paham,linux_basic,Dynamic Skill,2
Q_CYBE_0080,belum_paham,log_analysis,Dynamic Skill,0
Q_CYBE_0080,paham_dasar,linux_basic,Dynamic Skill,1
Q_CYBE_0080,cukup_paham,log_analysis,Dynamic Skill,2
Q_AI_M_0081,belum_paham,model_training,Dynamic Skill,0
Q_AI_M_0081,paham_dasar,mlops,Dynamic Skill,1
Q_AI_M_0081,cukup_paham,mlops,Dynamic Skill,2
Q_AI_M_0082,belum_paham,mlops,Dynamic Skill,0
Q_AI_M_0082,paham_dasar,mlops,Dynamic Skill,1
Q_AI_M_0082,cukup_paham,model_training,Dynamic Skill,2
Q_AI_M_0083,belum_paham,python_basic,Dynamic Skill,0
Q_AI_M_0083,paham_dasar,mlops,Dynamic Skill,1
Q_AI_M_0083,cukup_paham,python_basic,Dynamic Skill,2
Q_AI_M_0084,belum_paham,python_basic,Dynamic Skill,0
Q_AI_M_0084,paham_dasar,python_basic,Dynamic Skill,1
Q_AI_M_0084,cukup_paham,model_training,Dynamic Skill,2
Q_DATA_0085,belum_paham,python_basic,Dynamic Skill,0
Q_DATA_0085,paham_dasar,python_basic,Dynamic Skill,1
Q_DATA_0085,cukup_paham,sql_basic,Dynamic Skill,2
Q_CYBE_0086,belum_paham,log_analysis,Dynamic Skill,0
Q_CYBE_0086,paham_dasar,networking_fundamental,Dynamic Skill,1
Q_CYBE_0086,cukup_paham,log_analysis,Dynamic Skill,2
Q_UI_U_0087,belum_paham,wireframing,Dynamic Skill,0
Q_UI_U_0087,paham_dasar,wireframing,Dynamic Skill,1
Q_UI_U_0087,cukup_paham,figma,Dynamic Skill,2
Q_CYBE_0088,belum_paham,log_analysis,Dynamic Skill,0
Q_CYBE_0088,paham_dasar,linux_basic,Dynamic Skill,1
Q_CYBE_0088,cukup_paham,networking_fundamental,Dynamic Skill,2
Q_WEB__0089,belum_paham,css_basic,Dynamic Skill,0
Q_WEB__0089,paham_dasar,html_basic,Dynamic Skill,1
Q_WEB__0089,cukup_paham,html_basic,Dynamic Skill,2
Q_CYBE_0090,belum_paham,log_analysis,Dynamic Skill,0
Q_CYBE_0090,paham_dasar,linux_basic,Dynamic Skill,1
Q_CYBE_0090,cukup_paham,networking_fundamental,Dynamic Skill,2
Q_UI_U_0091,belum_paham,wireframing,Dynamic Skill,0
Q_UI_U_0091,paham_dasar,wireframing,Dynamic Skill,1
Q_UI_U_0091,cukup_paham,wireframing,Dynamic Skill,2
Q_UI_U_0092,belum_paham,wireframing,Dynamic Skill,0
Q_UI_U_0092,paham_dasar,ui_principles,Dynamic Skill,1
Q_UI_U_0092,cukup_paham,figma,Dynamic Skill,2
Q_DATA_0093,belum_paham,python_basic,Dynamic Skill,0
Q_DATA_0093,paham_dasar,python_basic,Dynamic Skill,1
Q_DATA_0093,cukup_paham,spreadsheet_basic,Dynamic Skill,2
Q_UI_U_0094,belum_paham,wireframing,Dynamic Skill,0
Q_UI_U_0094,paham_dasar,ui_principles,Dynamic Skill,1
Q_UI_U_0094,cukup_paham,ui_principles,Dynamic Skill,2
Q_AI_M_0095,belum_paham,model_training,Dynamic Skill,0
Q_AI_M_0095,paham_dasar,python_basic,Dynamic Skill,1
Q_AI_M_0095,cukup_paham,mlops,Dynamic Skill,2
Q_CYBE_0096,belum_paham,log_analysis,Dynamic Skill,0
Q_CYBE_0096,paham_dasar,networking_fundamental,Dynamic Skill,1
Q_CYBE_0096,cukup_paham,networking_fundamental,Dynamic Skill,2
Q_WEB__0097,belum_paham,html_basic,Dynamic Skill,0
Q_WEB__0097,paham_dasar,html_basic,Dynamic Skill,1
Q_WEB__0097,cukup_paham,javascript_basic,Dynamic Skill,2
Q_CYBE_0098,belum_paham,networking_fundamental,Dynamic Skill,0
Q_CYBE_0098,paham_dasar,log_analysis,Dynamic Skill,1
Q_CYBE_0098,cukup_paham,linux_basic,Dynamic Skill,2
Q_WEB__0099,belum_paham,css_basic,Dynamic Skill,0
Q_WEB__0099,paham_dasar,javascript_basic,Dynamic Skill,1
Q_WEB__0099,cukup_paham,javascript_basic,Dynamic Skill,2
Q_UI_U_0100,belum_paham,wireframing,Dynamic Skill,0
Q_UI_U_0100,paham_dasar,figma,Dynamic Skill,1
Q_UI_U_0100,cukup_paham,wireframing,Dynamic Skill,2
Q_CYBE_0101,belum_paham,linux_basic,Dynamic Skill,0
Q_CYBE_0101,paham_dasar,log_analysis,Dynamic Skill,1
Q_CYBE_0101,cukup_paham,linux_basic,Dynamic Skill,2
Q_DATA_0102,belum_paham,python_basic,Dynamic Skill,0
Q_DATA_0102,paham_dasar,python_basic,Dynamic Skill,1
Q_DATA_0102,cukup_paham,sql_basic,Dynamic Skill,2
Q_CYBE_0103,belum_paham,networking_fundamental,Dynamic Skill,0
Q_CYBE_0103,paham_dasar,networking_fundamental,Dynamic Skill,1
Q_CYBE_0103,cukup_paham,log_analysis,Dynamic Skill,2
Q_WEB__0104,belum_paham,html_basic,Dynamic Skill,0
Q_WEB__0104,paham_dasar,html_basic,Dynamic Skill,1
Q_WEB__0104,cukup_paham,css_basic,Dynamic Skill,2
Q_UI_U_0105,belum_paham,figma,Dynamic Skill,0
Q_UI_U_0105,paham_dasar,wireframing,Dynamic Skill,1
Q_UI_U_0105,cukup_paham,wireframing,Dynamic Skill,2
Q_UI_U_0106,belum_paham,figma,Dynamic Skill,0
Q_UI_U_0106,paham_dasar,wireframing,Dynamic Skill,1
Q_UI_U_0106,cukup_paham,wireframing,Dynamic Skill,2
Q_CYBE_0107,belum_paham,networking_fundamental,Dynamic Skill,0
Q_CYBE_0107,paham_dasar,log_analysis,Dynamic Skill,1
Q_CYBE_0107,cukup_paham,log_analysis,Dynamic Skill,2
Q_DATA_0108,belum_paham,spreadsheet_basic,Dynamic Skill,0
Q_DATA_0108,paham_dasar,spreadsheet_basic,Dynamic Skill,1
Q_DATA_0108,cukup_paham,sql_basic,Dynamic Skill,2
Q_CYBE_0109,belum_paham,log_analysis,Dynamic Skill,0
Q_CYBE_0109,paham_dasar,log_analysis,Dynamic Skill,1
Q_CYBE_0109,cukup_paham,networking_fundamental,Dynamic Skill,2
Q_AI_M_0110,belum_paham,mlops,Dynamic Skill,0
Q_AI_M_0110,paham_dasar,mlops,Dynamic Skill,1
Q_AI_M_0110,cukup_paham,mlops,Dynamic Skill,2
Q_DATA_0111,belum_paham,python_basic,Dynamic Skill,0
Q_DATA_0111,paham_dasar,sql_basic,Dynamic Skill,1
Q_DATA_0111,cukup_paham,spreadsheet_basic,Dynamic Skill,2
Q_AI_M_0112,belum_paham,python_basic,Dynamic Skill,0
Q_AI_M_0112,paham_dasar,python_basic,Dynamic Skill,1
Q_AI_M_0112,cukup_paham,model_training,Dynamic Skill,2
Q_AI_M_0113,belum_paham,mlops,Dynamic Skill,0
Q_AI_M_0113,paham_dasar,mlops,Dynamic Skill,1
Q_AI_M_0113,cukup_paham,mlops,Dynamic Skill,2
Q_DATA_0114,belum_paham,spreadsheet_basic,Dynamic Skill,0
Q_DATA_0114,paham_dasar,python_basic,Dynamic Skill,1
Q_DATA_0114,cukup_paham,python_basic,Dynamic Skill,2
Q_WEB__0115,belum_paham,javascript_basic,Dynamic Skill,0
Q_WEB__0115,paham_dasar,html_basic,Dynamic Skill,1
Q_WEB__0115,cukup_paham,javascript_basic,Dynamic Skill,2
Q_UI_U_0116,belum_paham,ui_principles,Dynamic Skill,0
Q_UI_U_0116,paham_dasar,wireframing,Dynamic Skill,1
Q_UI_U_0116,cukup_paham,figma,Dynamic Skill,2
Q_DATA_0117,belum_paham,sql_basic,Dynamic Skill,0
Q_DATA_0117,paham_dasar,python_basic,Dynamic Skill,1
Q_DATA_0117,cukup_paham,python_basic,Dynamic Skill,2
Q_WEB__0118,belum_paham,html_basic,Dynamic Skill,0
Q_WEB__0118,paham_dasar,html_basic,Dynamic Skill,1
Q_WEB__0118,cukup_paham,css_basic,Dynamic Skill,2
Q_UI_U_0119,belum_paham,figma,Dynamic Skill,0
Q_UI_U_0119,paham_dasar,figma,Dynamic Skill,1
Q_UI_U_0119,cukup_paham,wireframing,Dynamic Skill,2
Q_DATA_0120,belum_paham,spreadsheet_basic,Dynamic Skill,0
Q_DATA_0120,paham_dasar,python_basic,Dynamic Skill,1
Q_DATA_0120,cukup_paham,sql_basic,Dynamic Skill,2
Q_WEB__0121,belum_paham,javascript_basic,Dynamic Skill,0
Q_WEB__0121,paham_dasar,html_basic,Dynamic Skill,1
Q_WEB__0121,cukup_paham,html_basic,Dynamic Skill,2
Q_WEB__0122,belum_paham,javascript_basic,Dynamic Skill,0
Q_WEB__0122,paham_dasar,javascript_basic,Dynamic Skill,1
Q_WEB__0122,cukup_paham,css_basic,Dynamic Skill,2
Q_WEB__0123,belum_paham,javascript_basic,Dynamic Skill,0
Q_WEB__0123,paham_dasar,html_basic,Dynamic Skill,1
Q_WEB__0123,cukup_paham,javascript_basic,Dynamic Skill,2
Q_CYBE_0124,belum_paham,networking_fundamental,Dynamic Skill,0
Q_CYBE_0124,paham_dasar,linux_basic,Dynamic Skill,1
Q_CYBE_0124,cukup_paham,log_analysis,Dynamic Skill,2
Q_CYBE_0125,belum_paham,networking_fundamental,Dynamic Skill,0
Q_CYBE_0125,paham_dasar,log_analysis,Dynamic Skill,1
Q_CYBE_0125,cukup_paham,linux_basic,Dynamic Skill,2
Q_UI_U_0126,belum_paham,figma,Dynamic Skill,0
Q_UI_U_0126,paham_dasar,ui_principles,Dynamic Skill,1
Q_UI_U_0126,cukup_paham,wireframing,Dynamic Skill,2
Q_UI_U_0127,belum_paham,ui_principles,Dynamic Skill,0
Q_UI_U_0127,paham_dasar,wireframing,Dynamic Skill,1
Q_UI_U_0127,cukup_paham,figma,Dynamic Skill,2
Q_DATA_0128,belum_paham,spreadsheet_basic,Dynamic Skill,0
Q_DATA_0128,paham_dasar,sql_basic,Dynamic Skill,1
Q_DATA_0128,cukup_paham,sql_basic,Dynamic Skill,2
Q_CYBE_0129,belum_paham,networking_fundamental,Dynamic Skill,0
Q_CYBE_0129,paham_dasar,linux_basic,Dynamic Skill,1
Q_CYBE_0129,cukup_paham,linux_basic,Dynamic Skill,2
Q_UI_U_0130,belum_paham,wireframing,Dynamic Skill,0
Q_UI_U_0130,paham_dasar,ui_principles,Dynamic Skill,1
Q_UI_U_0130,cukup_paham,figma,Dynamic Skill,2
Q_WEB__0131,belum_paham,css_basic,Dynamic Skill,0
Q_WEB__0131,paham_dasar,html_basic,Dynamic Skill,1
Q_WEB__0131,cukup_paham,css_basic,Dynamic Skill,2
Q_CYBE_0132,belum_paham,linux_basic,Dynamic Skill,0
Q_CYBE_0132,paham_dasar,log_analysis,Dynamic Skill,1
Q_CYBE_0132,cukup_paham,log_analysis,Dynamic Skill,2
Q_AI_M_0133,belum_paham,mlops,Dynamic Skill,0
Q_AI_M_0133,paham_dasar,python_basic,Dynamic Skill,1
Q_AI_M_0133,cukup_paham,mlops,Dynamic Skill,2
Q_AI_M_0134,belum_paham,model_training,Dynamic Skill,0
Q_AI_M_0134,paham_dasar,model_training,Dynamic Skill,1
Q_AI_M_0134,cukup_paham,python_basic,Dynamic Skill,2
Q_CYBE_0135,belum_paham,networking_fundamental,Dynamic Skill,0
Q_CYBE_0135,paham_dasar,networking_fundamental,Dynamic Skill,1
Q_CYBE_0135,cukup_paham,log_analysis,Dynamic Skill,2
Q_DATA_0136,belum_paham,spreadsheet_basic,Dynamic Skill,0
Q_DATA_0136,paham_dasar,sql_basic,Dynamic Skill,1
Q_DATA_0136,cukup_paham,python_basic,Dynamic Skill,2
Q_AI_M_0137,belum_paham,model_training,Dynamic Skill,0
Q_AI_M_0137,paham_dasar,python_basic,Dynamic Skill,1
Q_AI_M_0137,cukup_paham,mlops,Dynamic Skill,2
Q_DATA_0138,belum_paham,spreadsheet_basic,Dynamic Skill,0
Q_DATA_0138,paham_dasar,sql_basic,Dynamic Skill,1
Q_DATA_0138,cukup_paham,sql_basic,Dynamic Skill,2
Q_UI_U_0139,belum_paham,ui_principles,Dynamic Skill,0
Q_UI_U_0139,paham_dasar,wireframing,Dynamic Skill,1
Q_UI_U_0139,cukup_paham,ui_principles,Dynamic Skill,2
Q_UI_U_0140,belum_paham,figma,Dynamic Skill,0
Q_UI_U_0140,paham_dasar,figma,Dynamic Skill,1
Q_UI_U_0140,cukup_paham,wireframing,Dynamic Skill,2
Q_UI_U_0141,belum_paham,figma,Dynamic Skill,0
Q_UI_U_0141,paham_dasar,ui_principles,Dynamic Skill,1
Q_UI_U_0141,cukup_paham,wireframing,Dynamic Skill,2
Q_AI_M_0142,belum_paham,mlops,Dynamic Skill,0
Q_AI_M_0142,paham_dasar,mlops,Dynamic Skill,1
Q_AI_M_0142,cukup_paham,python_basic,Dynamic Skill,2
Q_WEB__0143,belum_paham,css_basic,Dynamic Skill,0
Q_WEB__0143,paham_dasar,javascript_basic,Dynamic Skill,1
Q_WEB__0143,cukup_paham,javascript_basic,Dynamic Skill,2
Q_WEB__0144,belum_paham,html_basic,Dynamic Skill,0
Q_WEB__0144,paham_dasar,css_basic,Dynamic Skill,1
Q_WEB__0144,cukup_paham,css_basic,Dynamic Skill,2
Q_UI_U_0145,belum_paham,wireframing,Dynamic Skill,0
Q_UI_U_0145,paham_dasar,ui_principles,Dynamic Skill,1
Q_UI_U_0145,cukup_paham,figma,Dynamic Skill,2
Q_CYBE_0146,belum_paham,log_analysis,Dynamic Skill,0
Q_CYBE_0146,paham_dasar,linux_basic,Dynamic Skill,1
Q_CYBE_0146,cukup_paham,linux_basic,Dynamic Skill,2
Q_CYBE_0147,belum_paham,networking_fundamental,Dynamic Skill,0
Q_CYBE_0147,paham_dasar,log_analysis,Dynamic Skill,1
Q_CYBE_0147,cukup_paham,networking_fundamental,Dynamic Skill,2
Q_WEB__0148,belum_paham,html_basic,Dynamic Skill,0
Q_WEB__0148,paham_dasar,html_basic,Dynamic Skill,1
Q_WEB__0148,cukup_paham,css_basic,Dynamic Skill,2
Q_WEB__0149,belum_paham,css_basic,Dynamic Skill,0
Q_WEB__0149,paham_dasar,css_basic,Dynamic Skill,1
Q_WEB__0149,cukup_paham,css_basic,Dynamic Skill,2
Q_AI_M_0150,belum_paham,model_training,Dynamic Skill,0
Q_AI_M_0150,paham_dasar,model_training,Dynamic Skill,1
Q_AI_M_0150,cukup_paham,mlops,Dynamic Skill,2
Q_UI_U_0151,belum_paham,wireframing,Dynamic Skill,0
Q_UI_U_0151,paham_dasar,wireframing,Dynamic Skill,1
Q_UI_U_0151,cukup_paham,wireframing,Dynamic Skill,2
Q_CYBE_0152,belum_paham,linux_basic,Dynamic Skill,0
Q_CYBE_0152,paham_dasar,linux_basic,Dynamic Skill,1
Q_CYBE_0152,cukup_paham,linux_basic,Dynamic Skill,2
Q_DATA_0153,belum_paham,python_basic,Dynamic Skill,0
Q_DATA_0153,paham_dasar,sql_basic,Dynamic Skill,1
Q_DATA_0153,cukup_paham,spreadsheet_basic,Dynamic Skill,2
Q_AI_M_0154,belum_paham,mlops,Dynamic Skill,0
Q_AI_M_0154,paham_dasar,python_basic,Dynamic Skill,1
Q_AI_M_0154,cukup_paham,model_training,Dynamic Skill,2
Q_AI_M_0155,belum_paham,model_training,Dynamic Skill,0
Q_AI_M_0155,paham_dasar,model_training,Dynamic Skill,1
Q_AI_M_0155,cukup_paham,mlops,Dynamic Skill,2
Q_AI_M_0156,belum_paham,model_training,Dynamic Skill,0
Q_AI_M_0156,paham_dasar,mlops,Dynamic Skill,1
Q_AI_M_0156,cukup_paham,mlops,Dynamic Skill,2
Q_UI_U_0157,belum_paham,ui_principles,Dynamic Skill,0
Q_UI_U_0157,paham_dasar,ui_principles,Dynamic Skill,1
Q_UI_U_0157,cukup_paham,figma,Dynamic Skill,2
Q_AI_M_0158,belum_paham,model_training,Dynamic Skill,0
Q_AI_M_0158,paham_dasar,mlops,Dynamic Skill,1
Q_AI_M_0158,cukup_paham,mlops,Dynamic Skill,2
Q_UI_U_0159,belum_paham,wireframing,Dynamic Skill,0
Q_UI_U_0159,paham_dasar,wireframing,Dynamic Skill,1
Q_UI_U_0159,cukup_paham,ui_principles,Dynamic Skill,2
Q_DATA_0160,belum_paham,sql_basic,Dynamic Skill,0
Q_DATA_0160,paham_dasar,python_basic,Dynamic Skill,1
Q_DATA_0160,cukup_paham,sql_basic,Dynamic Skill,2
Q_DATA_0161,belum_paham,sql_basic,Dynamic Skill,0
Q_DATA_0161,paham_dasar,python_basic,Dynamic Skill,1
Q_DATA_0161,cukup_paham,spreadsheet_basic,Dynamic Skill,2
Q_WEB__0162,belum_paham,css_basic,Dynamic Skill,0
Q_WEB__0162,paham_dasar,javascript_basic,Dynamic Skill,1
Q_WEB__0162,cukup_paham,html_basic,Dynamic Skill,2
Q_DATA_0163,belum_paham,spreadsheet_basic,Dynamic Skill,0
Q_DATA_0163,paham_dasar,spreadsheet_basic,Dynamic Skill,1
Q_DATA_0163,cukup_paham,python_basic,Dynamic Skill,2
Q_AI_M_0164,belum_paham,model_training,Dynamic Skill,0
Q_AI_M_0164,paham_dasar,model_training,Dynamic Skill,1
Q_AI_M_0164,cukup_paham,python_basic,Dynamic Skill,2
Q_DATA_0165,belum_paham,python_basic,Dynamic Skill,0
Q_DATA_0165,paham_dasar,python_basic,Dynamic Skill,1
Q_DATA_0165,cukup_paham,sql_basic,Dynamic Skill,2
Q_CYBE_0166,belum_paham,networking_fundamental,Dynamic Skill,0
Q_CYBE_0166,paham_dasar,linux_basic,Dynamic Skill,1
Q_CYBE_0166,cukup_paham,networking_fundamental,Dynamic Skill,2
Q_DATA_0167,belum_paham,spreadsheet_basic,Dynamic Skill,0
Q_DATA_0167,paham_dasar,sql_basic,Dynamic Skill,1
Q_DATA_0167,cukup_paham,python_basic,Dynamic Skill,2
Q_WEB__0168,belum_paham,css_basic,Dynamic Skill,0
Q_WEB__0168,paham_dasar,css_basic,Dynamic Skill,1
Q_WEB__0168,cukup_paham,html_basic,Dynamic Skill,2
Q_WEB__0169,belum_paham,javascript_basic,Dynamic Skill,0
Q_WEB__0169,paham_dasar,html_basic,Dynamic Skill,1
Q_WEB__0169,cukup_paham,html_basic,Dynamic Skill,2
Q_UI_U_0170,belum_paham,figma,Dynamic Skill,0
Q_UI_U_0170,paham_dasar,ui_principles,Dynamic Skill,1
Q_UI_U_0170,cukup_paham,wireframing,Dynamic Skill,2
Q_WEB__0171,belum_paham,javascript_basic,Dynamic Skill,0
Q_WEB__0171,paham_dasar,javascript_basic,Dynamic Skill,1
Q_WEB__0171,cukup_paham,javascript_basic,Dynamic Skill,2
Q_WEB__0172,belum_paham,html_basic,Dynamic Skill,0
Q_WEB__0172,paham_dasar,html_basic,Dynamic Skill,1
Q_WEB__0172,cukup_paham,html_basic,Dynamic Skill,2
Q_AI_M_0173,belum_paham,mlops,Dynamic Skill,0
Q_AI_M_0173,paham_dasar,python_basic,Dynamic Skill,1
Q_AI_M_0173,cukup_paham,mlops,Dynamic Skill,2
Q_UI_U_0174,belum_paham,figma,Dynamic Skill,0
Q_UI_U_0174,paham_dasar,ui_principles,Dynamic Skill,1
Q_UI_U_0174,cukup_paham,wireframing,Dynamic Skill,2
Q_DATA_0175,belum_paham,spreadsheet_basic,Dynamic Skill,0
Q_DATA_0175,paham_dasar,sql_basic,Dynamic Skill,1
Q_DATA_0175,cukup_paham,python_basic,Dynamic Skill,2
Q_DATA_0176,belum_paham,python_basic,Dynamic Skill,0
Q_DATA_0176,paham_dasar,sql_basic,Dynamic Skill,1
Q_DATA_0176,cukup_paham,spreadsheet_basic,Dynamic Skill,2
Q_CYBE_0177,belum_paham,networking_fundamental,Dynamic Skill,0
Q_CYBE_0177,paham_dasar,networking_fundamental,Dynamic Skill,1
Q_CYBE_0177,cukup_paham,networking_fundamental,Dynamic Skill,2
Q_CYBE_0178,belum_paham,networking_fundamental,Dynamic Skill,0
Q_CYBE_0178,paham_dasar,log_analysis,Dynamic Skill,1
Q_CYBE_0178,cukup_paham,linux_basic,Dynamic Skill,2
Q_DATA_0179,belum_paham,sql_basic,Dynamic Skill,0
Q_DATA_0179,paham_dasar,sql_basic,Dynamic Skill,1
Q_DATA_0179,cukup_paham,sql_basic,Dynamic Skill,2
Q_UI_U_0180,belum_paham,figma,Dynamic Skill,0
Q_UI_U_0180,paham_dasar,figma,Dynamic Skill,1
Q_UI_U_0180,cukup_paham,wireframing,Dynamic Skill,2
Q_AI_M_0181,belum_paham,model_training,Dynamic Skill,0
Q_AI_M_0181,paham_dasar,model_training,Dynamic Skill,1
Q_AI_M_0181,cukup_paham,mlops,Dynamic Skill,2
Q_CYBE_0182,belum_paham,log_analysis,Dynamic Skill,0
Q_CYBE_0182,paham_dasar,log_analysis,Dynamic Skill,1
Q_CYBE_0182,cukup_paham,networking_fundamental,Dynamic Skill,2
Q_CYBE_0183,belum_paham,linux_basic,Dynamic Skill,0
Q_CYBE_0183,paham_dasar,log_analysis,Dynamic Skill,1
Q_CYBE_0183,cukup_paham,networking_fundamental,Dynamic Skill,2
Q_WEB__0184,belum_paham,css_basic,Dynamic Skill,0
Q_WEB__0184,paham_dasar,javascript_basic,Dynamic Skill,1
Q_WEB__0184,cukup_paham,javascript_basic,Dynamic Skill,2
Q_CYBE_0185,belum_paham,log_analysis,Dynamic Skill,0
Q_CYBE_0185,paham_dasar,log_analysis,Dynamic Skill,1
Q_CYBE_0185,cukup_paham,linux_basic,Dynamic Skill,2
Q_WEB__0186,belum_paham,css_basic,Dynamic Skill,0
Q_WEB__0186,paham_dasar,javascript_basic,Dynamic Skill,1
Q_WEB__0186,cukup_paham,javascript_basic,Dynamic Skill,2
Q_AI_M_0187,belum_paham,python_basic,Dynamic Skill,0
Q_AI_M_0187,paham_dasar,model_training,Dynamic Skill,1
Q_AI_M_0187,cukup_paham,model_training,Dynamic Skill,2
Q_DATA_0188,belum_paham,spreadsheet_basic,Dynamic Skill,0
Q_DATA_0188,paham_dasar,python_basic,Dynamic Skill,1
Q_DATA_0188,cukup_paham,python_basic,Dynamic Skill,2
Q_WEB__0189,belum_paham,css_basic,Dynamic Skill,0
Q_WEB__0189,paham_dasar,javascript_basic,Dynamic Skill,1
Q_WEB__0189,cukup_paham,javascript_basic,Dynamic Skill,2
Q_AI_M_0190,belum_paham,python_basic,Dynamic Skill,0
Q_AI_M_0190,paham_dasar,python_basic,Dynamic Skill,1
Q_AI_M_0190,cukup_paham,model_training,Dynamic Skill,2
Q_WEB__0191,belum_paham,css_basic,Dynamic Skill,0
Q_WEB__0191,paham_dasar,javascript_basic,Dynamic Skill,1
Q_WEB__0191,cukup_paham,html_basic,Dynamic Skill,2
Q_DATA_0192,belum_paham,spreadsheet_basic,Dynamic Skill,0
Q_DATA_0192,paham_dasar,python_basic,Dynamic Skill,1
Q_DATA_0192,cukup_paham,sql_basic,Dynamic Skill,2
Q_UI_U_0193,belum_paham,ui_principles,Dynamic Skill,0
Q_UI_U_0193,paham_dasar,figma,Dynamic Skill,1
Q_UI_U_0193,cukup_paham,ui_principles,Dynamic Skill,2
Q_UI_U_0194,belum_paham,figma,Dynamic Skill,0
Q_UI_U_0194,paham_dasar,ui_principles,Dynamic Skill,1
Q_UI_U_0194,cukup_paham,ui_principles,Dynamic Skill,2
Q_AI_M_0195,belum_paham,python_basic,Dynamic Skill,0
Q_AI_M_0195,paham_dasar,mlops,Dynamic Skill,1
Q_AI_M_0195,cukup_paham,model_training,Dynamic Skill,2
Q_WEB__0196,belum_paham,html_basic,Dynamic Skill,0
Q_WEB__0196,paham_dasar,html_basic,Dynamic Skill,1
Q_WEB__0196,cukup_paham,html_basic,Dynamic Skill,2
Q_AI_M_0197,belum_paham,python_basic,Dynamic Skill,0
Q_AI_M_0197,paham_dasar,model_training,Dynamic Skill,1
Q_AI_M_0197,cukup_paham,model_training,Dynamic Skill,2
Q_AI_M_0198,belum_paham,mlops,Dynamic Skill,0
Q_AI_M_0198,paham_dasar,model_training,Dynamic Skill,1
Q_AI_M_0198,cukup_paham,model_training,Dynamic Skill,2
Q_DATA_0199,belum_paham,spreadsheet_basic,Dynamic Skill,0
Q_DATA_0199,paham_dasar,sql_basic,Dynamic Skill,1
Q_DATA_0199,cukup_paham,sql_basic,Dynamic Skill,2
Q_UI_U_0200,belum_paham,ui_principles,Dynamic Skill,0
Q_UI_U_0200,paham_dasar,wireframing,Dynamic Skill,1
Q_UI_U_0200,cukup_paham,ui_principles,Dynamic Skill,2
Q_WEB__0201,belum_paham,javascript_basic,Dynamic Skill,0
Q_WEB__0201,paham_dasar,javascript_basic,Dynamic Skill,1
Q_WEB__0201,cukup_paham,css_basic,Dynamic Skill,2
Q_DATA_0202,belum_paham,sql_basic,Dynamic Skill,0
Q_DATA_0202,paham_dasar,sql_basic,Dynamic Skill,1
Q_DATA_0202,cukup_paham,python_basic,Dynamic Skill,2
Q_UI_U_0203,belum_paham,ui_principles,Dynamic Skill,0
Q_UI_U_0203,paham_dasar,wireframing,Dynamic Skill,1
Q_UI_U_0203,cukup_paham,ui_principles,Dynamic Skill,2
Q_UI_U_0204,belum_paham,wireframing,Dynamic Skill,0
Q_UI_U_0204,paham_dasar,wireframing,Dynamic Skill,1
Q_UI_U_0204,cukup_paham,ui_principles,Dynamic Skill,2
Q_DATA_0205,belum_paham,python_basic,Dynamic Skill,0
Q_DATA_0205,paham_dasar,sql_basic,Dynamic Skill,1
Q_DATA_0205,cukup_paham,python_basic,Dynamic Skill,2
Q_CYBE_0206,belum_paham,networking_fundamental,Dynamic Skill,0
Q_CYBE_0206,paham_dasar,linux_basic,Dynamic Skill,1
Q_CYBE_0206,cukup_paham,networking_fundamental,Dynamic Skill,2
Q_CYBE_0207,belum_paham,networking_fundamental,Dynamic Skill,0
Q_CYBE_0207,paham_dasar,networking_fundamental,Dynamic Skill,1
Q_CYBE_0207,cukup_paham,networking_fundamental,Dynamic Skill,2
Q_DATA_0208,belum_paham,sql_basic,Dynamic Skill,0
Q_DATA_0208,paham_dasar,sql_basic,Dynamic Skill,1
Q_DATA_0208,cukup_paham,spreadsheet_basic,Dynamic Skill,2
Q_CYBE_0209,belum_paham,linux_basic,Dynamic Skill,0
Q_CYBE_0209,paham_dasar,log_analysis,Dynamic Skill,1
Q_CYBE_0209,cukup_paham,linux_basic,Dynamic Skill,2
Q_DATA_0210,belum_paham,sql_basic,Dynamic Skill,0
Q_DATA_0210,paham_dasar,spreadsheet_basic,Dynamic Skill,1
Q_DATA_0210,cukup_paham,python_basic,Dynamic Skill,2
Q_DATA_0211,belum_paham,sql_basic,Dynamic Skill,0
Q_DATA_0211,paham_dasar,python_basic,Dynamic Skill,1
Q_DATA_0211,cukup_paham,sql_basic,Dynamic Skill,2
Q_WEB__0212,belum_paham,css_basic,Dynamic Skill,0
Q_WEB__0212,paham_dasar,html_basic,Dynamic Skill,1
Q_WEB__0212,cukup_paham,html_basic,Dynamic Skill,2
Q_AI_M_0213,belum_paham,mlops,Dynamic Skill,0
Q_AI_M_0213,paham_dasar,model_training,Dynamic Skill,1
Q_AI_M_0213,cukup_paham,python_basic,Dynamic Skill,2
Q_DATA_0214,belum_paham,spreadsheet_basic,Dynamic Skill,0
Q_DATA_0214,paham_dasar,spreadsheet_basic,Dynamic Skill,1
Q_DATA_0214,cukup_paham,sql_basic,Dynamic Skill,2
Q_WEB__0215,belum_paham,css_basic,Dynamic Skill,0
Q_WEB__0215,paham_dasar,css_basic,Dynamic Skill,1
Q_WEB__0215,cukup_paham,html_basic,Dynamic Skill,2
Q_WEB__0216,belum_paham,css_basic,Dynamic Skill,0
Q_WEB__0216,paham_dasar,html_basic,Dynamic Skill,1
Q_WEB__0216,cukup_paham,html_basic,Dynamic Skill,2
Q_WEB__0217,belum_paham,javascript_basic,Dynamic Skill,0
Q_WEB__0217,paham_dasar,html_basic,Dynamic Skill,1
Q_WEB__0217,cukup_paham,html_basic,Dynamic Skill,2
Q_WEB__0218,belum_paham,css_basic,Dynamic Skill,0
Q_WEB__0218,paham_dasar,css_basic,Dynamic Skill,1
Q_WEB__0218,cukup_paham,javascript_basic,Dynamic Skill,2
Q_AI_M_0219,belum_paham,model_training,Dynamic Skill,0
Q_AI_M_0219,paham_dasar,python_basic,Dynamic Skill,1
Q_AI_M_0219,cukup_paham,mlops,Dynamic Skill,2
Q_AI_M_0220,belum_paham,model_training,Dynamic Skill,0
Q_AI_M_0220,paham_dasar,mlops,Dynamic Skill,1
Q_AI_M_0220,cukup_paham,model_training,Dynamic Skill,2
Q_CYBE_0221,belum_paham,linux_basic,Dynamic Skill,0
Q_CYBE_0221,paham_dasar,log_analysis,Dynamic Skill,1
Q_CYBE_0221,cukup_paham,linux_basic,Dynamic Skill,2
Q_CYBE_0222,belum_paham,log_analysis,Dynamic Skill,0
Q_CYBE_0222,paham_dasar,networking_fundamental,Dynamic Skill,1
Q_CYBE_0222,cukup_paham,networking_fundamental,Dynamic Skill,2
Q_WEB__0223,belum_paham,css_basic,Dynamic Skill,0
Q_WEB__0223,paham_dasar,css_basic,Dynamic Skill,1
Q_WEB__0223,cukup_paham,javascript_basic,Dynamic Skill,2
Q_AI_M_0224,belum_paham,model_training,Dynamic Skill,0
Q_AI_M_0224,paham_dasar,mlops,Dynamic Skill,1
Q_AI_M_0224,cukup_paham,mlops,Dynamic Skill,2
Q_AI_M_0225,belum_paham,python_basic,Dynamic Skill,0
Q_AI_M_0225,paham_dasar,model_training,Dynamic Skill,1
Q_AI_M_0225,cukup_paham,mlops,Dynamic Skill,2
Q_AI_M_0226,belum_paham,model_training,Dynamic Skill,0
Q_AI_M_0226,paham_dasar,model_training,Dynamic Skill,1
Q_AI_M_0226,cukup_paham,mlops,Dynamic Skill,2
Q_CYBE_0227,belum_paham,linux_basic,Dynamic Skill,0
Q_CYBE_0227,paham_dasar,log_analysis,Dynamic Skill,1
Q_CYBE_0227,cukup_paham,log_analysis,Dynamic Skill,2
Q_DATA_0228,belum_paham,python_basic,Dynamic Skill,0
Q_DATA_0228,paham_dasar,sql_basic,Dynamic Skill,1
Q_DATA_0228,cukup_paham,spreadsheet_basic,Dynamic Skill,2
Q_DATA_0229,belum_paham,python_basic,Dynamic Skill,0
Q_DATA_0229,paham_dasar,spreadsheet_basic,Dynamic Skill,1
Q_DATA_0229,cukup_paham,python_basic,Dynamic Skill,2
Q_AI_M_0230,belum_paham,python_basic,Dynamic Skill,0
Q_AI_M_0230,paham_dasar,model_training,Dynamic Skill,1
Q_AI_M_0230,cukup_paham,mlops,Dynamic Skill,2
Q_UI_U_0231,belum_paham,ui_principles,Dynamic Skill,0
Q_UI_U_0231,paham_dasar,wireframing,Dynamic Skill,1
Q_UI_U_0231,cukup_paham,ui_principles,Dynamic Skill,2
Q_UI_U_0232,belum_paham,figma,Dynamic Skill,0
Q_UI_U_0232,paham_dasar,wireframing,Dynamic Skill,1
Q_UI_U_0232,cukup_paham,figma,Dynamic Skill,2
Q_WEB__0233,belum_paham,javascript_basic,Dynamic Skill,0
Q_WEB__0233,paham_dasar,javascript_basic,Dynamic Skill,1
Q_WEB__0233,cukup_paham,javascript_basic,Dynamic Skill,2
Q_UI_U_0234,belum_paham,figma,Dynamic Skill,0
Q_UI_U_0234,paham_dasar,ui_principles,Dynamic Skill,1
Q_UI_U_0234,cukup_paham,wireframing,Dynamic Skill,2
Q_CYBE_0235,belum_paham,networking_fundamental,Dynamic Skill,0
Q_CYBE_0235,paham_dasar,networking_fundamental,Dynamic Skill,1
Q_CYBE_0235,cukup_paham,networking_fundamental,Dynamic Skill,2
Q_AI_M_0236,belum_paham,python_basic,Dynamic Skill,0
Q_AI_M_0236,paham_dasar,python_basic,Dynamic Skill,1
Q_AI_M_0236,cukup_paham,mlops,Dynamic Skill,2
Q_AI_M_0237,belum_paham,python_basic,Dynamic Skill,0
Q_AI_M_0237,paham_dasar,model_training,Dynamic Skill,1
Q_AI_M_0237,cukup_paham,python_basic,Dynamic Skill,2
Q_DATA_0238,belum_paham,sql_basic,Dynamic Skill,0
Q_DATA_0238,paham_dasar,sql_basic,Dynamic Skill,1
Q_DATA_0238,cukup_paham,spreadsheet_basic,Dynamic Skill,2
Q_WEB__0239,belum_paham,html_basic,Dynamic Skill,0
Q_WEB__0239,paham_dasar,css_basic,Dynamic Skill,1
Q_WEB__0239,cukup_paham,html_basic,Dynamic Skill,2
Q_UI_U_0240,belum_paham,ui_principles,Dynamic Skill,0
Q_UI_U_0240,paham_dasar,ui_principles,Dynamic Skill,1
Q_UI_U_0240,cukup_paham,figma,Dynamic Skill,2
Q_WEB__0241,belum_paham,javascript_basic,Dynamic Skill,0
Q_WEB__0241,paham_dasar,javascript_basic,Dynamic Skill,1
Q_WEB__0241,cukup_paham,html_basic,Dynamic Skill,2
Q_AI_M_0242,belum_paham,mlops,Dynamic Skill,0
Q_AI_M_0242,paham_dasar,mlops,Dynamic Skill,1
Q_AI_M_0242,cukup_paham,python_basic,Dynamic Skill,2
Q_WEB__0243,belum_paham,css_basic,Dynamic Skill,0
Q_WEB__0243,paham_dasar,html_basic,Dynamic Skill,1
Q_WEB__0243,cukup_paham,html_basic,Dynamic Skill,2
Q_WEB__0244,belum_paham,css_basic,Dynamic Skill,0
Q_WEB__0244,paham_dasar,html_basic,Dynamic Skill,1
Q_WEB__0244,cukup_paham,html_basic,Dynamic Skill,2
Q_AI_M_0245,belum_paham,mlops,Dynamic Skill,0
Q_AI_M_0245,paham_dasar,model_training,Dynamic Skill,1
Q_AI_M_0245,cukup_paham,model_training,Dynamic Skill,2
Q_WEB__0246,belum_paham,javascript_basic,Dynamic Skill,0
Q_WEB__0246,paham_dasar,html_basic,Dynamic Skill,1
Q_WEB__0246,cukup_paham,css_basic,Dynamic Skill,2
Q_UI_U_0247,belum_paham,wireframing,Dynamic Skill,0
Q_UI_U_0247,paham_dasar,ui_principles,Dynamic Skill,1
Q_UI_U_0247,cukup_paham,ui_principles,Dynamic Skill,2
Q_UI_U_0248,belum_paham,wireframing,Dynamic Skill,0
Q_UI_U_0248,paham_dasar,wireframing,Dynamic Skill,1
Q_UI_U_0248,cukup_paham,ui_principles,Dynamic Skill,2
Q_WEB__0249,belum_paham,html_basic,Dynamic Skill,0
Q_WEB__0249,paham_dasar,css_basic,Dynamic Skill,1
Q_WEB__0249,cukup_paham,css_basic,Dynamic Skill,2
Q_CYBE_0250,belum_paham,log_analysis,Dynamic Skill,0
Q_CYBE_0250,paham_dasar,log_analysis,Dynamic Skill,1
Q_CYBE_0250,cukup_paham,networking_fundamental,Dynamic Skill,2
Q_DATA_0251,belum_paham,sql_basic,Dynamic Skill,0
Q_DATA_0251,paham_dasar,python_basic,Dynamic Skill,1
Q_DATA_0251,cukup_paham,spreadsheet_basic,Dynamic Skill,2
Q_DATA_0252,belum_paham,sql_basic,Dynamic Skill,0
Q_DATA_0252,paham_dasar,sql_basic,Dynamic Skill,1
Q_DATA_0252,cukup_paham,spreadsheet_basic,Dynamic Skill,2
Q_CYBE_0253,belum_paham,log_analysis,Dynamic Skill,0
Q_CYBE_0253,paham_dasar,networking_fundamental,Dynamic Skill,1
Q_CYBE_0253,cukup_paham,networking_fundamental,Dynamic Skill,2
Q_DATA_0254,belum_paham,python_basic,Dynamic Skill,0
Q_DATA_0254,paham_dasar,sql_basic,Dynamic Skill,1
Q_DATA_0254,cukup_paham,sql_basic,Dynamic Skill,2
Q_UI_U_0255,belum_paham,wireframing,Dynamic Skill,0
Q_UI_U_0255,paham_dasar,ui_principles,Dynamic Skill,1
Q_UI_U_0255,cukup_paham,figma,Dynamic Skill,2
Q_CYBE_0256,belum_paham,log_analysis,Dynamic Skill,0
Q_CYBE_0256,paham_dasar,log_analysis,Dynamic Skill,1
Q_CYBE_0256,cukup_paham,log_analysis,Dynamic Skill,2
Q_WEB__0257,belum_paham,javascript_basic,Dynamic Skill,0
Q_WEB__0257,paham_dasar,css_basic,Dynamic Skill,1
Q_WEB__0257,cukup_paham,html_basic,Dynamic Skill,2
Q_CYBE_0258,belum_paham,linux_basic,Dynamic Skill,0
Q_CYBE_0258,paham_dasar,linux_basic,Dynamic Skill,1
Q_CYBE_0258,cukup_paham,log_analysis,Dynamic Skill,2
Q_DATA_0259,belum_paham,sql_basic,Dynamic Skill,0
Q_DATA_0259,paham_dasar,sql_basic,Dynamic Skill,1
Q_DATA_0259,cukup_paham,sql_basic,Dynamic Skill,2
Q_DATA_0260,belum_paham,sql_basic,Dynamic Skill,0
Q_DATA_0260,paham_dasar,python_basic,Dynamic Skill,1
Q_DATA_0260,cukup_paham,sql_basic,Dynamic Skill,2
Q_WEB__0261,belum_paham,javascript_basic,Dynamic Skill,0
Q_WEB__0261,paham_dasar,css_basic,Dynamic Skill,1
Q_WEB__0261,cukup_paham,html_basic,Dynamic Skill,2
Q_AI_M_0262,belum_paham,mlops,Dynamic Skill,0
Q_AI_M_0262,paham_dasar,mlops,Dynamic Skill,1
Q_AI_M_0262,cukup_paham,mlops,Dynamic Skill,2
Q_WEB__0263,belum_paham,css_basic,Dynamic Skill,0
Q_WEB__0263,paham_dasar,html_basic,Dynamic Skill,1
Q_WEB__0263,cukup_paham,css_basic,Dynamic Skill,2
Q_DATA_0264,belum_paham,spreadsheet_basic,Dynamic Skill,0
Q_DATA_0264,paham_dasar,python_basic,Dynamic Skill,1
Q_DATA_0264,cukup_paham,sql_basic,Dynamic Skill,2
Q_CYBE_0265,belum_paham,log_analysis,Dynamic Skill,0
Q_CYBE_0265,paham_dasar,log_analysis,Dynamic Skill,1
Q_CYBE_0265,cukup_paham,linux_basic,Dynamic Skill,2
Q_AI_M_0266,belum_paham,python_basic,Dynamic Skill,0
Q_AI_M_0266,paham_dasar,python_basic,Dynamic Skill,1
Q_AI_M_0266,cukup_paham,python_basic,Dynamic Skill,2
Q_AI_M_0267,belum_paham,model_training,Dynamic Skill,0
Q_AI_M_0267,paham_dasar,python_basic,Dynamic Skill,1
Q_AI_M_0267,cukup_paham,mlops,Dynamic Skill,2
Q_DATA_0268,belum_paham,spreadsheet_basic,Dynamic Skill,0
Q_DATA_0268,paham_dasar,python_basic,Dynamic Skill,1
Q_DATA_0268,cukup_paham,python_basic,Dynamic Skill,2
Q_CYBE_0269,belum_paham,log_analysis,Dynamic Skill,0
Q_CYBE_0269,paham_dasar,linux_basic,Dynamic Skill,1
Q_CYBE_0269,cukup_paham,log_analysis,Dynamic Skill,2
Q_CYBE_0270,belum_paham,linux_basic,Dynamic Skill,0
Q_CYBE_0270,paham_dasar,log_analysis,Dynamic Skill,1
Q_CYBE_0270,cukup_paham,networking_fundamental,Dynamic Skill,2
Q_DATA_0271,belum_paham,spreadsheet_basic,Dynamic Skill,0
Q_DATA_0271,paham_dasar,spreadsheet_basic,Dynamic Skill,1
Q_DATA_0271,cukup_paham,python_basic,Dynamic Skill,2
Q_UI_U_0272,belum_paham,ui_principles,Dynamic Skill,0
Q_UI_U_0272,paham_dasar,wireframing,Dynamic Skill,1
Q_UI_U_0272,cukup_paham,figma,Dynamic Skill,2
Q_AI_M_0273,belum_paham,python_basic,Dynamic Skill,0
Q_AI_M_0273,paham_dasar,python_basic,Dynamic Skill,1
Q_AI_M_0273,cukup_paham,python_basic,Dynamic Skill,2
Q_CYBE_0274,belum_paham,networking_fundamental,Dynamic Skill,0
Q_CYBE_0274,paham_dasar,log_analysis,Dynamic Skill,1
Q_CYBE_0274,cukup_paham,linux_basic,Dynamic Skill,2
Q_DATA_0275,belum_paham,python_basic,Dynamic Skill,0
Q_DATA_0275,paham_dasar,python_basic,Dynamic Skill,1
Q_DATA_0275,cukup_paham,python_basic,Dynamic Skill,2
Q_WEB__0276,belum_paham,html_basic,Dynamic Skill,0
Q_WEB__0276,paham_dasar,html_basic,Dynamic Skill,1
Q_WEB__0276,cukup_paham,html_basic,Dynamic Skill,2
Q_CYBE_0277,belum_paham,log_analysis,Dynamic Skill,0
Q_CYBE_0277,paham_dasar,linux_basic,Dynamic Skill,1
Q_CYBE_0277,cukup_paham,log_analysis,Dynamic Skill,2
Q_AI_M_0278,belum_paham,mlops,Dynamic Skill,0
Q_AI_M_0278,paham_dasar,mlops,Dynamic Skill,1
Q_AI_M_0278,cukup_paham,python_basic,Dynamic Skill,2
Q_DATA_0279,belum_paham,spreadsheet_basic,Dynamic Skill,0
Q_DATA_0279,paham_dasar,python_basic,Dynamic Skill,1
Q_DATA_0279,cukup_paham,sql_basic,Dynamic Skill,2
Q_CYBE_0280,belum_paham,networking_fundamental,Dynamic Skill,0
Q_CYBE_0280,paham_dasar,linux_basic,Dynamic Skill,1
Q_CYBE_0280,cukup_paham,networking_fundamental,Dynamic Skill,2
Q_AI_M_0281,belum_paham,model_training,Dynamic Skill,0
Q_AI_M_0281,paham_dasar,model_training,Dynamic Skill,1
Q_AI_M_0281,cukup_paham,python_basic,Dynamic Skill,2
Q_DATA_0282,belum_paham,python_basic,Dynamic Skill,0
Q_DATA_0282,paham_dasar,spreadsheet_basic,Dynamic Skill,1
Q_DATA_0282,cukup_paham,python_basic,Dynamic Skill,2
Q_AI_M_0283,belum_paham,mlops,Dynamic Skill,0
Q_AI_M_0283,paham_dasar,model_training,Dynamic Skill,1
Q_AI_M_0283,cukup_paham,model_training,Dynamic Skill,2
Q_AI_M_0284,belum_paham,python_basic,Dynamic Skill,0
Q_AI_M_0284,paham_dasar,python_basic,Dynamic Skill,1
Q_AI_M_0284,cukup_paham,python_basic,Dynamic Skill,2
Q_CYBE_0285,belum_paham,log_analysis,Dynamic Skill,0
Q_CYBE_0285,paham_dasar,networking_fundamental,Dynamic Skill,1
Q_CYBE_0285,cukup_paham,linux_basic,Dynamic Skill,2
Q_WEB__0286,belum_paham,html_basic,Dynamic Skill,0
Q_WEB__0286,paham_dasar,html_basic,Dynamic Skill,1
Q_WEB__0286,cukup_paham,css_basic,Dynamic Skill,2
Q_AI_M_0287,belum_paham,model_training,Dynamic Skill,0
Q_AI_M_0287,paham_dasar,python_basic,Dynamic Skill,1
Q_AI_M_0287,cukup_paham,python_basic,Dynamic Skill,2
Q_WEB__0288,belum_paham,css_basic,Dynamic Skill,0
Q_WEB__0288,paham_dasar,css_basic,Dynamic Skill,1
Q_WEB__0288,cukup_paham,javascript_basic,Dynamic Skill,2
Q_DATA_0289,belum_paham,python_basic,Dynamic Skill,0
Q_DATA_0289,paham_dasar,spreadsheet_basic,Dynamic Skill,1
Q_DATA_0289,cukup_paham,python_basic,Dynamic Skill,2
Q_DATA_0290,belum_paham,spreadsheet_basic,Dynamic Skill,0
Q_DATA_0290,paham_dasar,python_basic,Dynamic Skill,1
Q_DATA_0290,cukup_paham,spreadsheet_basic,Dynamic Skill,2
Q_AI_M_0291,belum_paham,python_basic,Dynamic Skill,0
Q_AI_M_0291,paham_dasar,python_basic,Dynamic Skill,1
Q_AI_M_0291,cukup_paham,mlops,Dynamic Skill,2
Q_WEB__0292,belum_paham,javascript_basic,Dynamic Skill,0
Q_WEB__0292,paham_dasar,javascript_basic,Dynamic Skill,1
Q_WEB__0292,cukup_paham,css_basic,Dynamic Skill,2
Q_UI_U_0293,belum_paham,wireframing,Dynamic Skill,0
Q_UI_U_0293,paham_dasar,figma,Dynamic Skill,1
Q_UI_U_0293,cukup_paham,ui_principles,Dynamic Skill,2
Q_UI_U_0294,belum_paham,wireframing,Dynamic Skill,0
Q_UI_U_0294,paham_dasar,ui_principles,Dynamic Skill,1
Q_UI_U_0294,cukup_paham,figma,Dynamic Skill,2
Q_WEB__0295,belum_paham,css_basic,Dynamic Skill,0
Q_WEB__0295,paham_dasar,javascript_basic,Dynamic Skill,1
Q_WEB__0295,cukup_paham,javascript_basic,Dynamic Skill,2
Q_CYBE_0296,belum_paham,log_analysis,Dynamic Skill,0
Q_CYBE_0296,paham_dasar,log_analysis,Dynamic Skill,1
Q_CYBE_0296,cukup_paham,log_analysis,Dynamic Skill,2
Q_CYBE_0297,belum_paham,log_analysis,Dynamic Skill,0
Q_CYBE_0297,paham_dasar,log_analysis,Dynamic Skill,1
Q_CYBE_0297,cukup_paham,log_analysis,Dynamic Skill,2
Q_WEB__0298,belum_paham,javascript_basic,Dynamic Skill,0
Q_WEB__0298,paham_dasar,javascript_basic,Dynamic Skill,1
Q_WEB__0298,cukup_paham,javascript_basic,Dynamic Skill,2
Q_WEB__0299,belum_paham,html_basic,Dynamic Skill,0
Q_WEB__0299,paham_dasar,css_basic,Dynamic Skill,1
Q_WEB__0299,cukup_paham,css_basic,Dynamic Skill,2
Q_AI_M_0300,belum_paham,python_basic,Dynamic Skill,0
Q_AI_M_0300,paham_dasar,model_training,Dynamic Skill,1
Q_AI_M_0300,cukup_paham,python_basic,Dynamic Skill,2
Q_AI_M_0301,belum_paham,python_basic,Dynamic Skill,0
Q_AI_M_0301,paham_dasar,model_training,Dynamic Skill,1
Q_AI_M_0301,cukup_paham,python_basic,Dynamic Skill,2
Q_CYBE_0302,belum_paham,networking_fundamental,Dynamic Skill,0
Q_CYBE_0302,paham_dasar,linux_basic,Dynamic Skill,1
Q_CYBE_0302,cukup_paham,log_analysis,Dynamic Skill,2
Q_CYBE_0303,belum_paham,networking_fundamental,Dynamic Skill,0
Q_CYBE_0303,paham_dasar,networking_fundamental,Dynamic Skill,1
Q_CYBE_0303,cukup_paham,networking_fundamental,Dynamic Skill,2
Q_DATA_0304,belum_paham,spreadsheet_basic,Dynamic Skill,0
Q_DATA_0304,paham_dasar,sql_basic,Dynamic Skill,1
Q_DATA_0304,cukup_paham,python_basic,Dynamic Skill,2
Q_DATA_0305,belum_paham,spreadsheet_basic,Dynamic Skill,0
Q_DATA_0305,paham_dasar,spreadsheet_basic,Dynamic Skill,1
Q_DATA_0305,cukup_paham,python_basic,Dynamic Skill,2
Q_DATA_0306,belum_paham,sql_basic,Dynamic Skill,0
Q_DATA_0306,paham_dasar,sql_basic,Dynamic Skill,1
Q_DATA_0306,cukup_paham,python_basic,Dynamic Skill,2
Q_CYBE_0307,belum_paham,log_analysis,Dynamic Skill,0
Q_CYBE_0307,paham_dasar,networking_fundamental,Dynamic Skill,1
Q_CYBE_0307,cukup_paham,networking_fundamental,Dynamic Skill,2
Q_AI_M_0308,belum_paham,model_training,Dynamic Skill,0
Q_AI_M_0308,paham_dasar,python_basic,Dynamic Skill,1
Q_AI_M_0308,cukup_paham,mlops,Dynamic Skill,2
Q_DATA_0309,belum_paham,spreadsheet_basic,Dynamic Skill,0
Q_DATA_0309,paham_dasar,sql_basic,Dynamic Skill,1
Q_DATA_0309,cukup_paham,python_basic,Dynamic Skill,2
Q_UI_U_0310,belum_paham,wireframing,Dynamic Skill,0
Q_UI_U_0310,paham_dasar,ui_principles,Dynamic Skill,1
Q_UI_U_0310,cukup_paham,wireframing,Dynamic Skill,2
Q_UI_U_0311,belum_paham,wireframing,Dynamic Skill,0
Q_UI_U_0311,paham_dasar,figma,Dynamic Skill,1
Q_UI_U_0311,cukup_paham,wireframing,Dynamic Skill,2
Q_CYBE_0312,belum_paham,log_analysis,Dynamic Skill,0
Q_CYBE_0312,paham_dasar,log_analysis,Dynamic Skill,1
Q_CYBE_0312,cukup_paham,networking_fundamental,Dynamic Skill,2
Q_DATA_0313,belum_paham,sql_basic,Dynamic Skill,0
Q_DATA_0313,paham_dasar,spreadsheet_basic,Dynamic Skill,1
Q_DATA_0313,cukup_paham,sql_basic,Dynamic Skill,2
Q_WEB__0314,belum_paham,javascript_basic,Dynamic Skill,0
Q_WEB__0314,paham_dasar,javascript_basic,Dynamic Skill,1
Q_WEB__0314,cukup_paham,html_basic,Dynamic Skill,2
Q_DATA_0315,belum_paham,sql_basic,Dynamic Skill,0
Q_DATA_0315,paham_dasar,spreadsheet_basic,Dynamic Skill,1
Q_DATA_0315,cukup_paham,sql_basic,Dynamic Skill,2
Q_AI_M_0316,belum_paham,model_training,Dynamic Skill,0
Q_AI_M_0316,paham_dasar,mlops,Dynamic Skill,1
Q_AI_M_0316,cukup_paham,model_training,Dynamic Skill,2
Q_DATA_0317,belum_paham,sql_basic,Dynamic Skill,0
Q_DATA_0317,paham_dasar,sql_basic,Dynamic Skill,1
Q_DATA_0317,cukup_paham,sql_basic,Dynamic Skill,2
Q_UI_U_0318,belum_paham,ui_principles,Dynamic Skill,0
Q_UI_U_0318,paham_dasar,wireframing,Dynamic Skill,1
Q_UI_U_0318,cukup_paham,figma,Dynamic Skill,2
Q_DATA_0319,belum_paham,spreadsheet_basic,Dynamic Skill,0
Q_DATA_0319,paham_dasar,sql_basic,Dynamic Skill,1
Q_DATA_0319,cukup_paham,python_basic,Dynamic Skill,2
Q_DATA_0320,belum_paham,python_basic,Dynamic Skill,0
Q_DATA_0320,paham_dasar,spreadsheet_basic,Dynamic Skill,1
Q_DATA_0320,cukup_paham,spreadsheet_basic,Dynamic Skill,2
Q_UI_U_0321,belum_paham,wireframing,Dynamic Skill,0
Q_UI_U_0321,paham_dasar,wireframing,Dynamic Skill,1
Q_UI_U_0321,cukup_paham,figma,Dynamic Skill,2
Q_DATA_0322,belum_paham,sql_basic,Dynamic Skill,0
Q_DATA_0322,paham_dasar,python_basic,Dynamic Skill,1
Q_DATA_0322,cukup_paham,sql_basic,Dynamic Skill,2
Q_DATA_0323,belum_paham,sql_basic,Dynamic Skill,0
Q_DATA_0323,paham_dasar,sql_basic,Dynamic Skill,1
Q_DATA_0323,cukup_paham,sql_basic,Dynamic Skill,2
Q_AI_M_0324,belum_paham,mlops,Dynamic Skill,0
Q_AI_M_0324,paham_dasar,python_basic,Dynamic Skill,1
Q_AI_M_0324,cukup_paham,python_basic,Dynamic Skill,2
Q_AI_M_0325,belum_paham,mlops,Dynamic Skill,0
Q_AI_M_0325,paham_dasar,python_basic,Dynamic Skill,1
Q_AI_M_0325,cukup_paham,model_training,Dynamic Skill,2
Q_WEB__0326,belum_paham,html_basic,Dynamic Skill,0
Q_WEB__0326,paham_dasar,javascript_basic,Dynamic Skill,1
Q_WEB__0326,cukup_paham,javascript_basic,Dynamic Skill,2
Q_DATA_0327,belum_paham,python_basic,Dynamic Skill,0
Q_DATA_0327,paham_dasar,sql_basic,Dynamic Skill,1
Q_DATA_0327,cukup_paham,spreadsheet_basic,Dynamic Skill,2
Q_DATA_0328,belum_paham,python_basic,Dynamic Skill,0
Q_DATA_0328,paham_dasar,sql_basic,Dynamic Skill,1
Q_DATA_0328,cukup_paham,python_basic,Dynamic Skill,2
Q_DATA_0329,belum_paham,python_basic,Dynamic Skill,0
Q_DATA_0329,paham_dasar,python_basic,Dynamic Skill,1
Q_DATA_0329,cukup_paham,python_basic,Dynamic Skill,2
Q_UI_U_0330,belum_paham,wireframing,Dynamic Skill,0
Q_UI_U_0330,paham_dasar,figma,Dynamic Skill,1
Q_UI_U_0330,cukup_paham,ui_principles,Dynamic Skill,2
Q_AI_M_0331,belum_paham,mlops,Dynamic Skill,0
Q_AI_M_0331,paham_dasar,model_training,Dynamic Skill,1
Q_AI_M_0331,cukup_paham,mlops,Dynamic Skill,2
Q_DATA_0332,belum_paham,sql_basic,Dynamic Skill,0
Q_DATA_0332,paham_dasar,spreadsheet_basic,Dynamic Skill,1
Q_DATA_0332,cukup_paham,spreadsheet_basic,Dynamic Skill,2
Q_WEB__0333,belum_paham,html_basic,Dynamic Skill,0
Q_WEB__0333,paham_dasar,javascript_basic,Dynamic Skill,1
Q_WEB__0333,cukup_paham,javascript_basic,Dynamic Skill,2
Q_UI_U_0334,belum_paham,ui_principles,Dynamic Skill,0
Q_UI_U_0334,paham_dasar,figma,Dynamic Skill,1
Q_UI_U_0334,cukup_paham,wireframing,Dynamic Skill,2
Q_WEB__0335,belum_paham,html_basic,Dynamic Skill,0
Q_WEB__0335,paham_dasar,javascript_basic,Dynamic Skill,1
Q_WEB__0335,cukup_paham,javascript_basic,Dynamic Skill,2
Q_AI_M_0336,belum_paham,model_training,Dynamic Skill,0
Q_AI_M_0336,paham_dasar,model_training,Dynamic Skill,1
Q_AI_M_0336,cukup_paham,model_training,Dynamic Skill,2
Q_AI_M_0337,belum_paham,python_basic,Dynamic Skill,0
Q_AI_M_0337,paham_dasar,model_training,Dynamic Skill,1
Q_AI_M_0337,cukup_paham,python_basic,Dynamic Skill,2
Q_CYBE_0338,belum_paham,networking_fundamental,Dynamic Skill,0
Q_CYBE_0338,paham_dasar,log_analysis,Dynamic Skill,1
Q_CYBE_0338,cukup_paham,log_analysis,Dynamic Skill,2
Q_DATA_0339,belum_paham,sql_basic,Dynamic Skill,0
Q_DATA_0339,paham_dasar,python_basic,Dynamic Skill,1
Q_DATA_0339,cukup_paham,spreadsheet_basic,Dynamic Skill,2
Q_DATA_0340,belum_paham,sql_basic,Dynamic Skill,0
Q_DATA_0340,paham_dasar,python_basic,Dynamic Skill,1
Q_DATA_0340,cukup_paham,python_basic,Dynamic Skill,2
Q_DATA_0341,belum_paham,sql_basic,Dynamic Skill,0
Q_DATA_0341,paham_dasar,spreadsheet_basic,Dynamic Skill,1
Q_DATA_0341,cukup_paham,python_basic,Dynamic Skill,2
Q_DATA_0342,belum_paham,sql_basic,Dynamic Skill,0
Q_DATA_0342,paham_dasar,spreadsheet_basic,Dynamic Skill,1
Q_DATA_0342,cukup_paham,spreadsheet_basic,Dynamic Skill,2
Q_DATA_0343,belum_paham,sql_basic,Dynamic Skill,0
Q_DATA_0343,paham_dasar,sql_basic,Dynamic Skill,1
Q_DATA_0343,cukup_paham,sql_basic,Dynamic Skill,2
Q_CYBE_0344,belum_paham,linux_basic,Dynamic Skill,0
Q_CYBE_0344,paham_dasar,networking_fundamental,Dynamic Skill,1
Q_CYBE_0344,cukup_paham,log_analysis,Dynamic Skill,2
Q_WEB__0345,belum_paham,css_basic,Dynamic Skill,0
Q_WEB__0345,paham_dasar,javascript_basic,Dynamic Skill,1
Q_WEB__0345,cukup_paham,css_basic,Dynamic Skill,2
Q_UI_U_0346,belum_paham,figma,Dynamic Skill,0
Q_UI_U_0346,paham_dasar,figma,Dynamic Skill,1
Q_UI_U_0346,cukup_paham,figma,Dynamic Skill,2
Q_DATA_0347,belum_paham,python_basic,Dynamic Skill,0
Q_DATA_0347,paham_dasar,sql_basic,Dynamic Skill,1
Q_DATA_0347,cukup_paham,python_basic,Dynamic Skill,2
Q_WEB__0348,belum_paham,javascript_basic,Dynamic Skill,0
Q_WEB__0348,paham_dasar,html_basic,Dynamic Skill,1
Q_WEB__0348,cukup_paham,css_basic,Dynamic Skill,2
Q_CYBE_0349,belum_paham,linux_basic,Dynamic Skill,0
Q_CYBE_0349,paham_dasar,log_analysis,Dynamic Skill,1
Q_CYBE_0349,cukup_paham,linux_basic,Dynamic Skill,2
Q_UI_U_0350,belum_paham,figma,Dynamic Skill,0
Q_UI_U_0350,paham_dasar,wireframing,Dynamic Skill,1
Q_UI_U_0350,cukup_paham,ui_principles,Dynamic Skill,2
Q_WEB__0351,belum_paham,css_basic,Dynamic Skill,0
Q_WEB__0351,paham_dasar,javascript_basic,Dynamic Skill,1
Q_WEB__0351,cukup_paham,html_basic,Dynamic Skill,2
Q_WEB__0352,belum_paham,css_basic,Dynamic Skill,0
Q_WEB__0352,paham_dasar,html_basic,Dynamic Skill,1
Q_WEB__0352,cukup_paham,javascript_basic,Dynamic Skill,2
Q_DATA_0353,belum_paham,python_basic,Dynamic Skill,0
Q_DATA_0353,paham_dasar,spreadsheet_basic,Dynamic Skill,1
Q_DATA_0353,cukup_paham,sql_basic,Dynamic Skill,2
Q_CYBE_0354,belum_paham,networking_fundamental,Dynamic Skill,0
Q_CYBE_0354,paham_dasar,networking_fundamental,Dynamic Skill,1
Q_CYBE_0354,cukup_paham,log_analysis,Dynamic Skill,2
Q_DATA_0355,belum_paham,python_basic,Dynamic Skill,0
Q_DATA_0355,paham_dasar,spreadsheet_basic,Dynamic Skill,1
Q_DATA_0355,cukup_paham,spreadsheet_basic,Dynamic Skill,2
Q_DATA_0356,belum_paham,sql_basic,Dynamic Skill,0
Q_DATA_0356,paham_dasar,spreadsheet_basic,Dynamic Skill,1
Q_DATA_0356,cukup_paham,python_basic,Dynamic Skill,2
Q_UI_U_0357,belum_paham,wireframing,Dynamic Skill,0
Q_UI_U_0357,paham_dasar,wireframing,Dynamic Skill,1
Q_UI_U_0357,cukup_paham,figma,Dynamic Skill,2
Q_UI_U_0358,belum_paham,ui_principles,Dynamic Skill,0
Q_UI_U_0358,paham_dasar,figma,Dynamic Skill,1
Q_UI_U_0358,cukup_paham,ui_principles,Dynamic Skill,2
Q_WEB__0359,belum_paham,javascript_basic,Dynamic Skill,0
Q_WEB__0359,paham_dasar,html_basic,Dynamic Skill,1
Q_WEB__0359,cukup_paham,javascript_basic,Dynamic Skill,2
Q_AI_M_0360,belum_paham,python_basic,Dynamic Skill,0
Q_AI_M_0360,paham_dasar,mlops,Dynamic Skill,1
Q_AI_M_0360,cukup_paham,python_basic,Dynamic Skill,2
Q_DATA_0361,belum_paham,spreadsheet_basic,Dynamic Skill,0
Q_DATA_0361,paham_dasar,python_basic,Dynamic Skill,1
Q_DATA_0361,cukup_paham,spreadsheet_basic,Dynamic Skill,2
Q_AI_M_0362,belum_paham,model_training,Dynamic Skill,0
Q_AI_M_0362,paham_dasar,model_training,Dynamic Skill,1
Q_AI_M_0362,cukup_paham,model_training,Dynamic Skill,2
Q_WEB__0363,belum_paham,javascript_basic,Dynamic Skill,0
Q_WEB__0363,paham_dasar,html_basic,Dynamic Skill,1
Q_WEB__0363,cukup_paham,javascript_basic,Dynamic Skill,2
Q_WEB__0364,belum_paham,javascript_basic,Dynamic Skill,0
Q_WEB__0364,paham_dasar,css_basic,Dynamic Skill,1
Q_WEB__0364,cukup_paham,css_basic,Dynamic Skill,2
Q_DATA_0365,belum_paham,spreadsheet_basic,Dynamic Skill,0
Q_DATA_0365,paham_dasar,sql_basic,Dynamic Skill,1
Q_DATA_0365,cukup_paham,sql_basic,Dynamic Skill,2
Q_WEB__0366,belum_paham,html_basic,Dynamic Skill,0
Q_WEB__0366,paham_dasar,html_basic,Dynamic Skill,1
Q_WEB__0366,cukup_paham,javascript_basic,Dynamic Skill,2
Q_AI_M_0367,belum_paham,python_basic,Dynamic Skill,0
Q_AI_M_0367,paham_dasar,model_training,Dynamic Skill,1
Q_AI_M_0367,cukup_paham,python_basic,Dynamic Skill,2
Q_CYBE_0368,belum_paham,log_analysis,Dynamic Skill,0
Q_CYBE_0368,paham_dasar,log_analysis,Dynamic Skill,1
Q_CYBE_0368,cukup_paham,linux_basic,Dynamic Skill,2
Q_DATA_0369,belum_paham,sql_basic,Dynamic Skill,0
Q_DATA_0369,paham_dasar,python_basic,Dynamic Skill,1
Q_DATA_0369,cukup_paham,python_basic,Dynamic Skill,2
Q_AI_M_0370,belum_paham,python_basic,Dynamic Skill,0
Q_AI_M_0370,paham_dasar,mlops,Dynamic Skill,1
Q_AI_M_0370,cukup_paham,model_training,Dynamic Skill,2
Q_DATA_0371,belum_paham,python_basic,Dynamic Skill,0
Q_DATA_0371,paham_dasar,spreadsheet_basic,Dynamic Skill,1
Q_DATA_0371,cukup_paham,spreadsheet_basic,Dynamic Skill,2
Q_CYBE_0372,belum_paham,log_analysis,Dynamic Skill,0
Q_CYBE_0372,paham_dasar,linux_basic,Dynamic Skill,1
Q_CYBE_0372,cukup_paham,networking_fundamental,Dynamic Skill,2
Q_AI_M_0373,belum_paham,mlops,Dynamic Skill,0
Q_AI_M_0373,paham_dasar,model_training,Dynamic Skill,1
Q_AI_M_0373,cukup_paham,mlops,Dynamic Skill,2
Q_WEB__0374,belum_paham,css_basic,Dynamic Skill,0
Q_WEB__0374,paham_dasar,javascript_basic,Dynamic Skill,1
Q_WEB__0374,cukup_paham,javascript_basic,Dynamic Skill,2
Q_DATA_0375,belum_paham,python_basic,Dynamic Skill,0
Q_DATA_0375,paham_dasar,python_basic,Dynamic Skill,1
Q_DATA_0375,cukup_paham,spreadsheet_basic,Dynamic Skill,2
Q_UI_U_0376,belum_paham,figma,Dynamic Skill,0
Q_UI_U_0376,paham_dasar,figma,Dynamic Skill,1
Q_UI_U_0376,cukup_paham,wireframing,Dynamic Skill,2
Q_DATA_0377,belum_paham,sql_basic,Dynamic Skill,0
Q_DATA_0377,paham_dasar,spreadsheet_basic,Dynamic Skill,1
Q_DATA_0377,cukup_paham,sql_basic,Dynamic Skill,2
Q_UI_U_0378,belum_paham,figma,Dynamic Skill,0
Q_UI_U_0378,paham_dasar,figma,Dynamic Skill,1
Q_UI_U_0378,cukup_paham,figma,Dynamic Skill,2
Q_DATA_0379,belum_paham,sql_basic,Dynamic Skill,0
Q_DATA_0379,paham_dasar,spreadsheet_basic,Dynamic Skill,1
Q_DATA_0379,cukup_paham,spreadsheet_basic,Dynamic Skill,2
Q_CYBE_0380,belum_paham,linux_basic,Dynamic Skill,0
Q_CYBE_0380,paham_dasar,linux_basic,Dynamic Skill,1
Q_CYBE_0380,cukup_paham,log_analysis,Dynamic Skill,2
Q_UI_U_0381,belum_paham,figma,Dynamic Skill,0
Q_UI_U_0381,paham_dasar,wireframing,Dynamic Skill,1
Q_UI_U_0381,cukup_paham,wireframing,Dynamic Skill,2
Q_CYBE_0382,belum_paham,networking_fundamental,Dynamic Skill,0
Q_CYBE_0382,paham_dasar,log_analysis,Dynamic Skill,1
Q_CYBE_0382,cukup_paham,networking_fundamental,Dynamic Skill,2
Q_DATA_0383,belum_paham,python_basic,Dynamic Skill,0
Q_DATA_0383,paham_dasar,spreadsheet_basic,Dynamic Skill,1
Q_DATA_0383,cukup_paham,spreadsheet_basic,Dynamic Skill,2
Q_AI_M_0384,belum_paham,model_training,Dynamic Skill,0
Q_AI_M_0384,paham_dasar,mlops,Dynamic Skill,1
Q_AI_M_0384,cukup_paham,python_basic,Dynamic Skill,2
Q_CYBE_0385,belum_paham,networking_fundamental,Dynamic Skill,0
Q_CYBE_0385,paham_dasar,linux_basic,Dynamic Skill,1
Q_CYBE_0385,cukup_paham,networking_fundamental,Dynamic Skill,2
Q_DATA_0386,belum_paham,sql_basic,Dynamic Skill,0
Q_DATA_0386,paham_dasar,python_basic,Dynamic Skill,1
Q_DATA_0386,cukup_paham,python_basic,Dynamic Skill,2
Q_UI_U_0387,belum_paham,ui_principles,Dynamic Skill,0
Q_UI_U_0387,paham_dasar,wireframing,Dynamic Skill,1
Q_UI_U_0387,cukup_paham,wireframing,Dynamic Skill,2
Q_UI_U_0388,belum_paham,wireframing,Dynamic Skill,0
Q_UI_U_0388,paham_dasar,ui_principles,Dynamic Skill,1
Q_UI_U_0388,cukup_paham,figma,Dynamic Skill,2
Q_CYBE_0389,belum_paham,networking_fundamental,Dynamic Skill,0
Q_CYBE_0389,paham_dasar,log_analysis,Dynamic Skill,1
Q_CYBE_0389,cukup_paham,log_analysis,Dynamic Skill,2
Q_CYBE_0390,belum_paham,linux_basic,Dynamic Skill,0
Q_CYBE_0390,paham_dasar,networking_fundamental,Dynamic Skill,1
Q_CYBE_0390,cukup_paham,networking_fundamental,Dynamic Skill,2
Q_AI_M_0391,belum_paham,python_basic,Dynamic Skill,0
Q_AI_M_0391,paham_dasar,model_training,Dynamic Skill,1
Q_AI_M_0391,cukup_paham,mlops,Dynamic Skill,2
Q_UI_U_0392,belum_paham,wireframing,Dynamic Skill,0
Q_UI_U_0392,paham_dasar,ui_principles,Dynamic Skill,1
Q_UI_U_0392,cukup_paham,wireframing,Dynamic Skill,2
Q_AI_M_0393,belum_paham,mlops,Dynamic Skill,0
Q_AI_M_0393,paham_dasar,mlops,Dynamic Skill,1
Q_AI_M_0393,cukup_paham,model_training,Dynamic Skill,2
Q_CYBE_0394,belum_paham,linux_basic,Dynamic Skill,0
Q_CYBE_0394,paham_dasar,linux_basic,Dynamic Skill,1
Q_CYBE_0394,cukup_paham,networking_fundamental,Dynamic Skill,2
Q_UI_U_0395,belum_paham,wireframing,Dynamic Skill,0
Q_UI_U_0395,paham_dasar,wireframing,Dynamic Skill,1
Q_UI_U_0395,cukup_paham,figma,Dynamic Skill,2
Q_DATA_0396,belum_paham,python_basic,Dynamic Skill,0
Q_DATA_0396,paham_dasar,python_basic,Dynamic Skill,1
Q_DATA_0396,cukup_paham,sql_basic,Dynamic Skill,2
Q_UI_U_0397,belum_paham,ui_principles,Dynamic Skill,0
Q_UI_U_0397,paham_dasar,wireframing,Dynamic Skill,1
Q_UI_U_0397,cukup_paham,ui_principles,Dynamic Skill,2
Q_CYBE_0398,belum_paham,linux_basic,Dynamic Skill,0
Q_CYBE_0398,paham_dasar,linux_basic,Dynamic Skill,1
Q_CYBE_0398,cukup_paham,linux_basic,Dynamic Skill,2
Q_UI_U_0399,belum_paham,figma,Dynamic Skill,0
Q_UI_U_0399,paham_dasar,figma,Dynamic Skill,1
Q_UI_U_0399,cukup_paham,wireframing,Dynamic Skill,2
Q_CYBE_0400,belum_paham,networking_fundamental,Dynamic Skill,0
Q_CYBE_0400,paham_dasar,networking_fundamental,Dynamic Skill,1
Q_CYBE_0400,cukup_paham,log_analysis,Dynamic Skill,2
Q_CYBE_0401,belum_paham,linux_basic,Dynamic Skill,0
Q_CYBE_0401,paham_dasar,linux_basic,Dynamic Skill,1
Q_CYBE_0401,cukup_paham,linux_basic,Dynamic Skill,2
Q_DATA_0402,belum_paham,python_basic,Dynamic Skill,0
Q_DATA_0402,paham_dasar,spreadsheet_basic,Dynamic Skill,1
Q_DATA_0402,cukup_paham,sql_basic,Dynamic Skill,2
Q_DATA_0403,belum_paham,spreadsheet_basic,Dynamic Skill,0
Q_DATA_0403,paham_dasar,spreadsheet_basic,Dynamic Skill,1
Q_DATA_0403,cukup_paham,sql_basic,Dynamic Skill,2
Q_UI_U_0404,belum_paham,wireframing,Dynamic Skill,0
Q_UI_U_0404,paham_dasar,wireframing,Dynamic Skill,1
Q_UI_U_0404,cukup_paham,ui_principles,Dynamic Skill,2
Q_DATA_0405,belum_paham,sql_basic,Dynamic Skill,0
Q_DATA_0405,paham_dasar,sql_basic,Dynamic Skill,1
Q_DATA_0405,cukup_paham,sql_basic,Dynamic Skill,2
Q_DATA_0406,belum_paham,spreadsheet_basic,Dynamic Skill,0
Q_DATA_0406,paham_dasar,spreadsheet_basic,Dynamic Skill,1
Q_DATA_0406,cukup_paham,sql_basic,Dynamic Skill,2
Q_DATA_0407,belum_paham,python_basic,Dynamic Skill,0
Q_DATA_0407,paham_dasar,spreadsheet_basic,Dynamic Skill,1
Q_DATA_0407,cukup_paham,python_basic,Dynamic Skill,2
Q_DATA_0408,belum_paham,spreadsheet_basic,Dynamic Skill,0
Q_DATA_0408,paham_dasar,sql_basic,Dynamic Skill,1
Q_DATA_0408,cukup_paham,sql_basic,Dynamic Skill,2
Q_CYBE_0409,belum_paham,linux_basic,Dynamic Skill,0
Q_CYBE_0409,paham_dasar,networking_fundamental,Dynamic Skill,1
Q_CYBE_0409,cukup_paham,log_analysis,Dynamic Skill,2
Q_WEB__0410,belum_paham,css_basic,Dynamic Skill,0
Q_WEB__0410,paham_dasar,javascript_basic,Dynamic Skill,1
Q_WEB__0410,cukup_paham,html_basic,Dynamic Skill,2
Q_UI_U_0411,belum_paham,ui_principles,Dynamic Skill,0
Q_UI_U_0411,paham_dasar,figma,Dynamic Skill,1
Q_UI_U_0411,cukup_paham,ui_principles,Dynamic Skill,2
Q_WEB__0412,belum_paham,javascript_basic,Dynamic Skill,0
Q_WEB__0412,paham_dasar,css_basic,Dynamic Skill,1
Q_WEB__0412,cukup_paham,css_basic,Dynamic Skill,2
Q_DATA_0413,belum_paham,python_basic,Dynamic Skill,0
Q_DATA_0413,paham_dasar,python_basic,Dynamic Skill,1
Q_DATA_0413,cukup_paham,spreadsheet_basic,Dynamic Skill,2
Q_DATA_0414,belum_paham,sql_basic,Dynamic Skill,0
Q_DATA_0414,paham_dasar,sql_basic,Dynamic Skill,1
Q_DATA_0414,cukup_paham,spreadsheet_basic,Dynamic Skill,2
Q_AI_M_0415,belum_paham,python_basic,Dynamic Skill,0
Q_AI_M_0415,paham_dasar,model_training,Dynamic Skill,1
Q_AI_M_0415,cukup_paham,mlops,Dynamic Skill,2
Q_AI_M_0416,belum_paham,mlops,Dynamic Skill,0
Q_AI_M_0416,paham_dasar,mlops,Dynamic Skill,1
Q_AI_M_0416,cukup_paham,python_basic,Dynamic Skill,2
Q_WEB__0417,belum_paham,javascript_basic,Dynamic Skill,0
Q_WEB__0417,paham_dasar,html_basic,Dynamic Skill,1
Q_WEB__0417,cukup_paham,css_basic,Dynamic Skill,2
Q_UI_U_0418,belum_paham,figma,Dynamic Skill,0
Q_UI_U_0418,paham_dasar,figma,Dynamic Skill,1
Q_UI_U_0418,cukup_paham,ui_principles,Dynamic Skill,2
Q_UI_U_0419,belum_paham,ui_principles,Dynamic Skill,0
Q_UI_U_0419,paham_dasar,figma,Dynamic Skill,1
Q_UI_U_0419,cukup_paham,wireframing,Dynamic Skill,2
Q_UI_U_0420,belum_paham,ui_principles,Dynamic Skill,0
Q_UI_U_0420,paham_dasar,wireframing,Dynamic Skill,1
Q_UI_U_0420,cukup_paham,figma,Dynamic Skill,2
Q_AI_M_0421,belum_paham,mlops,Dynamic Skill,0
Q_AI_M_0421,paham_dasar,mlops,Dynamic Skill,1
Q_AI_M_0421,cukup_paham,mlops,Dynamic Skill,2
Q_CYBE_0422,belum_paham,log_analysis,Dynamic Skill,0
Q_CYBE_0422,paham_dasar,log_analysis,Dynamic Skill,1
Q_CYBE_0422,cukup_paham,linux_basic,Dynamic Skill,2
Q_AI_M_0423,belum_paham,model_training,Dynamic Skill,0
Q_AI_M_0423,paham_dasar,python_basic,Dynamic Skill,1
Q_AI_M_0423,cukup_paham,mlops,Dynamic Skill,2
Q_DATA_0424,belum_paham,sql_basic,Dynamic Skill,0
Q_DATA_0424,paham_dasar,python_basic,Dynamic Skill,1
Q_DATA_0424,cukup_paham,spreadsheet_basic,Dynamic Skill,2
Q_DATA_0425,belum_paham,sql_basic,Dynamic Skill,0
Q_DATA_0425,paham_dasar,sql_basic,Dynamic Skill,1
Q_DATA_0425,cukup_paham,spreadsheet_basic,Dynamic Skill,2
Q_AI_M_0426,belum_paham,mlops,Dynamic Skill,0
Q_AI_M_0426,paham_dasar,python_basic,Dynamic Skill,1
Q_AI_M_0426,cukup_paham,python_basic,Dynamic Skill,2
Q_DATA_0427,belum_paham,spreadsheet_basic,Dynamic Skill,0
Q_DATA_0427,paham_dasar,sql_basic,Dynamic Skill,1
Q_DATA_0427,cukup_paham,python_basic,Dynamic Skill,2
Q_CYBE_0428,belum_paham,networking_fundamental,Dynamic Skill,0
Q_CYBE_0428,paham_dasar,linux_basic,Dynamic Skill,1
Q_CYBE_0428,cukup_paham,linux_basic,Dynamic Skill,2
Q_CYBE_0429,belum_paham,log_analysis,Dynamic Skill,0
Q_CYBE_0429,paham_dasar,networking_fundamental,Dynamic Skill,1
Q_CYBE_0429,cukup_paham,log_analysis,Dynamic Skill,2
Q_UI_U_0430,belum_paham,ui_principles,Dynamic Skill,0
Q_UI_U_0430,paham_dasar,wireframing,Dynamic Skill,1
Q_UI_U_0430,cukup_paham,figma,Dynamic Skill,2
Q_WEB__0431,belum_paham,css_basic,Dynamic Skill,0
Q_WEB__0431,paham_dasar,css_basic,Dynamic Skill,1
Q_WEB__0431,cukup_paham,html_basic,Dynamic Skill,2
Q_AI_M_0432,belum_paham,python_basic,Dynamic Skill,0
Q_AI_M_0432,paham_dasar,model_training,Dynamic Skill,1
Q_AI_M_0432,cukup_paham,python_basic,Dynamic Skill,2
Q_DATA_0433,belum_paham,sql_basic,Dynamic Skill,0
Q_DATA_0433,paham_dasar,spreadsheet_basic,Dynamic Skill,1
Q_DATA_0433,cukup_paham,sql_basic,Dynamic Skill,2
Q_WEB__0434,belum_paham,html_basic,Dynamic Skill,0
Q_WEB__0434,paham_dasar,javascript_basic,Dynamic Skill,1
Q_WEB__0434,cukup_paham,css_basic,Dynamic Skill,2
Q_DATA_0435,belum_paham,python_basic,Dynamic Skill,0
Q_DATA_0435,paham_dasar,sql_basic,Dynamic Skill,1
Q_DATA_0435,cukup_paham,sql_basic,Dynamic Skill,2
Q_WEB__0436,belum_paham,html_basic,Dynamic Skill,0
Q_WEB__0436,paham_dasar,javascript_basic,Dynamic Skill,1
Q_WEB__0436,cukup_paham,css_basic,Dynamic Skill,2
Q_DATA_0437,belum_paham,python_basic,Dynamic Skill,0
Q_DATA_0437,paham_dasar,sql_basic,Dynamic Skill,1
Q_DATA_0437,cukup_paham,spreadsheet_basic,Dynamic Skill,2
Q_UI_U_0438,belum_paham,figma,Dynamic Skill,0
Q_UI_U_0438,paham_dasar,figma,Dynamic Skill,1
Q_UI_U_0438,cukup_paham,figma,Dynamic Skill,2
Q_WEB__0439,belum_paham,javascript_basic,Dynamic Skill,0
Q_WEB__0439,paham_dasar,css_basic,Dynamic Skill,1
Q_WEB__0439,cukup_paham,javascript_basic,Dynamic Skill,2
Q_AI_M_0440,belum_paham,python_basic,Dynamic Skill,0
Q_AI_M_0440,paham_dasar,python_basic,Dynamic Skill,1
Q_AI_M_0440,cukup_paham,model_training,Dynamic Skill,2
Q_AI_M_0441,belum_paham,model_training,Dynamic Skill,0
Q_AI_M_0441,paham_dasar,model_training,Dynamic Skill,1
Q_AI_M_0441,cukup_paham,python_basic,Dynamic Skill,2
Q_UI_U_0442,belum_paham,ui_principles,Dynamic Skill,0
Q_UI_U_0442,paham_dasar,wireframing,Dynamic Skill,1
Q_UI_U_0442,cukup_paham,wireframing,Dynamic Skill,2
Q_AI_M_0443,belum_paham,python_basic,Dynamic Skill,0
Q_AI_M_0443,paham_dasar,mlops,Dynamic Skill,1
Q_AI_M_0443,cukup_paham,mlops,Dynamic Skill,2
Q_DATA_0444,belum_paham,python_basic,Dynamic Skill,0
Q_DATA_0444,paham_dasar,python_basic,Dynamic Skill,1
Q_DATA_0444,cukup_paham,sql_basic,Dynamic Skill,2
Q_DATA_0445,belum_paham,python_basic,Dynamic Skill,0
Q_DATA_0445,paham_dasar,python_basic,Dynamic Skill,1
Q_DATA_0445,cukup_paham,sql_basic,Dynamic Skill,2
Q_WEB__0446,belum_paham,javascript_basic,Dynamic Skill,0
Q_WEB__0446,paham_dasar,html_basic,Dynamic Skill,1
Q_WEB__0446,cukup_paham,html_basic,Dynamic Skill,2
Q_DATA_0447,belum_paham,python_basic,Dynamic Skill,0
Q_DATA_0447,paham_dasar,python_basic,Dynamic Skill,1
Q_DATA_0447,cukup_paham,spreadsheet_basic,Dynamic Skill,2
Q_DATA_0448,belum_paham,spreadsheet_basic,Dynamic Skill,0
Q_DATA_0448,paham_dasar,python_basic,Dynamic Skill,1
Q_DATA_0448,cukup_paham,spreadsheet_basic,Dynamic Skill,2
Q_DATA_0449,belum_paham,python_basic,Dynamic Skill,0
Q_DATA_0449,paham_dasar,python_basic,Dynamic Skill,1
Q_DATA_0449,cukup_paham,sql_basic,Dynamic Skill,2
Q_AI_M_0450,belum_paham,mlops,Dynamic Skill,0
Q_AI_M_0450,paham_dasar,mlops,Dynamic Skill,1
Q_AI_M_0450,cukup_paham,model_training,Dynamic Skill,2
Q_AI_M_0451,belum_paham,mlops,Dynamic Skill,0
Q_AI_M_0451,paham_dasar,mlops,Dynamic Skill,1
Q_AI_M_0451,cukup_paham,model_training,Dynamic Skill,2
Q_AI_M_0452,belum_paham,model_training,Dynamic Skill,0
Q_AI_M_0452,paham_dasar,mlops,Dynamic Skill,1
Q_AI_M_0452,cukup_paham,model_training,Dynamic Skill,2
Q_DATA_0453,belum_paham,python_basic,Dynamic Skill,0
Q_DATA_0453,paham_dasar,python_basic,Dynamic Skill,1
Q_DATA_0453,cukup_paham,sql_basic,Dynamic Skill,2
Q_AI_M_0454,belum_paham,mlops,Dynamic Skill,0
Q_AI_M_0454,paham_dasar,model_training,Dynamic Skill,1
Q_AI_M_0454,cukup_paham,mlops,Dynamic Skill,2
Q_AI_M_0455,belum_paham,model_training,Dynamic Skill,0
Q_AI_M_0455,paham_dasar,python_basic,Dynamic Skill,1
Q_AI_M_0455,cukup_paham,model_training,Dynamic Skill,2
Q_DATA_0456,belum_paham,spreadsheet_basic,Dynamic Skill,0
Q_DATA_0456,paham_dasar,spreadsheet_basic,Dynamic Skill,1
Q_DATA_0456,cukup_paham,spreadsheet_basic,Dynamic Skill,2
Q_WEB__0457,belum_paham,html_basic,Dynamic Skill,0
Q_WEB__0457,paham_dasar,html_basic,Dynamic Skill,1
Q_WEB__0457,cukup_paham,css_basic,Dynamic Skill,2
Q_AI_M_0458,belum_paham,mlops,Dynamic Skill,0
Q_AI_M_0458,paham_dasar,python_basic,Dynamic Skill,1
Q_AI_M_0458,cukup_paham,mlops,Dynamic Skill,2
Q_WEB__0459,belum_paham,html_basic,Dynamic Skill,0
Q_WEB__0459,paham_dasar,javascript_basic,Dynamic Skill,1
Q_WEB__0459,cukup_paham,css_basic,Dynamic Skill,2
Q_DATA_0460,belum_paham,python_basic,Dynamic Skill,0
Q_DATA_0460,paham_dasar,spreadsheet_basic,Dynamic Skill,1
Q_DATA_0460,cukup_paham,python_basic,Dynamic Skill,2
Q_DATA_0461,belum_paham,sql_basic,Dynamic Skill,0
Q_DATA_0461,paham_dasar,spreadsheet_basic,Dynamic Skill,1
Q_DATA_0461,cukup_paham,spreadsheet_basic,Dynamic Skill,2
Q_UI_U_0462,belum_paham,wireframing,Dynamic Skill,0
Q_UI_U_0462,paham_dasar,figma,Dynamic Skill,1
Q_UI_U_0462,cukup_paham,figma,Dynamic Skill,2
Q_CYBE_0463,belum_paham,networking_fundamental,Dynamic Skill,0
Q_CYBE_0463,paham_dasar,log_analysis,Dynamic Skill,1
Q_CYBE_0463,cukup_paham,networking_fundamental,Dynamic Skill,2
Q_CYBE_0464,belum_paham,linux_basic,Dynamic Skill,0
Q_CYBE_0464,paham_dasar,networking_fundamental,Dynamic Skill,1
Q_CYBE_0464,cukup_paham,linux_basic,Dynamic Skill,2
Q_UI_U_0465,belum_paham,ui_principles,Dynamic Skill,0
Q_UI_U_0465,paham_dasar,wireframing,Dynamic Skill,1
Q_UI_U_0465,cukup_paham,wireframing,Dynamic Skill,2
Q_CYBE_0466,belum_paham,log_analysis,Dynamic Skill,0
Q_CYBE_0466,paham_dasar,linux_basic,Dynamic Skill,1
Q_CYBE_0466,cukup_paham,linux_basic,Dynamic Skill,2
Q_UI_U_0467,belum_paham,wireframing,Dynamic Skill,0
Q_UI_U_0467,paham_dasar,wireframing,Dynamic Skill,1
Q_UI_U_0467,cukup_paham,ui_principles,Dynamic Skill,2
Q_CYBE_0468,belum_paham,log_analysis,Dynamic Skill,0
Q_CYBE_0468,paham_dasar,networking_fundamental,Dynamic Skill,1
Q_CYBE_0468,cukup_paham,networking_fundamental,Dynamic Skill,2
Q_CYBE_0469,belum_paham,log_analysis,Dynamic Skill,0
Q_CYBE_0469,paham_dasar,networking_fundamental,Dynamic Skill,1
Q_CYBE_0469,cukup_paham,linux_basic,Dynamic Skill,2
Q_DATA_0470,belum_paham,python_basic,Dynamic Skill,0
Q_DATA_0470,paham_dasar,python_basic,Dynamic Skill,1
Q_DATA_0470,cukup_paham,spreadsheet_basic,Dynamic Skill,2
Q_AI_M_0471,belum_paham,python_basic,Dynamic Skill,0
Q_AI_M_0471,paham_dasar,mlops,Dynamic Skill,1
Q_AI_M_0471,cukup_paham,mlops,Dynamic Skill,2
Q_AI_M_0472,belum_paham,model_training,Dynamic Skill,0
Q_AI_M_0472,paham_dasar,model_training,Dynamic Skill,1
Q_AI_M_0472,cukup_paham,python_basic,Dynamic Skill,2
Q_CYBE_0473,belum_paham,log_analysis,Dynamic Skill,0
Q_CYBE_0473,paham_dasar,log_analysis,Dynamic Skill,1
Q_CYBE_0473,cukup_paham,linux_basic,Dynamic Skill,2
Q_UI_U_0474,belum_paham,wireframing,Dynamic Skill,0
Q_UI_U_0474,paham_dasar,figma,Dynamic Skill,1
Q_UI_U_0474,cukup_paham,wireframing,Dynamic Skill,2
Q_DATA_0475,belum_paham,sql_basic,Dynamic Skill,0
Q_DATA_0475,paham_dasar,python_basic,Dynamic Skill,1
Q_DATA_0475,cukup_paham,spreadsheet_basic,Dynamic Skill,2
Q_AI_M_0476,belum_paham,model_training,Dynamic Skill,0
Q_AI_M_0476,paham_dasar,model_training,Dynamic Skill,1
Q_AI_M_0476,cukup_paham,mlops,Dynamic Skill,2
Q_CYBE_0477,belum_paham,log_analysis,Dynamic Skill,0
Q_CYBE_0477,paham_dasar,log_analysis,Dynamic Skill,1
Q_CYBE_0477,cukup_paham,networking_fundamental,Dynamic Skill,2
Q_WEB__0478,belum_paham,css_basic,Dynamic Skill,0
Q_WEB__0478,paham_dasar,javascript_basic,Dynamic Skill,1
Q_WEB__0478,cukup_paham,javascript_basic,Dynamic Skill,2
Q_UI_U_0479,belum_paham,wireframing,Dynamic Skill,0
Q_UI_U_0479,paham_dasar,wireframing,Dynamic Skill,1
Q_UI_U_0479,cukup_paham,ui_principles,Dynamic Skill,2
Q_UI_U_0480,belum_paham,figma,Dynamic Skill,0
Q_UI_U_0480,paham_dasar,ui_principles,Dynamic Skill,1
Q_UI_U_0480,cukup_paham,figma,Dynamic Skill,2
Q_WEB__0481,belum_paham,html_basic,Dynamic Skill,0
Q_WEB__0481,paham_dasar,css_basic,Dynamic Skill,1
Q_WEB__0481,cukup_paham,html_basic,Dynamic Skill,2
Q_UI_U_0482,belum_paham,ui_principles,Dynamic Skill,0
Q_UI_U_0482,paham_dasar,ui_principles,Dynamic Skill,1
Q_UI_U_0482,cukup_paham,ui_principles,Dynamic Skill,2
Q_DATA_0483,belum_paham,python_basic,Dynamic Skill,0
Q_DATA_0483,paham_dasar,python_basic,Dynamic Skill,1
Q_DATA_0483,cukup_paham,python_basic,Dynamic Skill,2
Q_WEB__0484,belum_paham,javascript_basic,Dynamic Skill,0
Q_WEB__0484,paham_dasar,css_basic,Dynamic Skill,1
Q_WEB__0484,cukup_paham,css_basic,Dynamic Skill,2
Q_AI_M_0485,belum_paham,model_training,Dynamic Skill,0
Q_AI_M_0485,paham_dasar,python_basic,Dynamic Skill,1
Q_AI_M_0485,cukup_paham,python_basic,Dynamic Skill,2
Q_AI_M_0486,belum_paham,model_training,Dynamic Skill,0
Q_AI_M_0486,paham_dasar,model_training,Dynamic Skill,1
Q_AI_M_0486,cukup_paham,python_basic,Dynamic Skill,2
Q_UI_U_0487,belum_paham,ui_principles,Dynamic Skill,0
Q_UI_U_0487,paham_dasar,ui_principles,Dynamic Skill,1
Q_UI_U_0487,cukup_paham,ui_principles,Dynamic Skill,2
Q_DATA_0488,belum_paham,sql_basic,Dynamic Skill,0
Q_DATA_0488,paham_dasar,python_basic,Dynamic Skill,1
Q_DATA_0488,cukup_paham,sql_basic,Dynamic Skill,2
Q_AI_M_0489,belum_paham,mlops,Dynamic Skill,0
Q_AI_M_0489,paham_dasar,python_basic,Dynamic Skill,1
Q_AI_M_0489,cukup_paham,mlops,Dynamic Skill,2
Q_CYBE_0490,belum_paham,linux_basic,Dynamic Skill,0
Q_CYBE_0490,paham_dasar,networking_fundamental,Dynamic Skill,1
Q_CYBE_0490,cukup_paham,networking_fundamental,Dynamic Skill,2
Q_CYBE_0491,belum_paham,networking_fundamental,Dynamic Skill,0
Q_CYBE_0491,paham_dasar,networking_fundamental,Dynamic Skill,1
Q_CYBE_0491,cukup_paham,linux_basic,Dynamic Skill,2
Q_AI_M_0492,belum_paham,mlops,Dynamic Skill,0
Q_AI_M_0492,paham_dasar,mlops,Dynamic Skill,1
Q_AI_M_0492,cukup_paham,model_training,Dynamic Skill,2
Q_AI_M_0493,belum_paham,model_training,Dynamic Skill,0
Q_AI_M_0493,paham_dasar,python_basic,Dynamic Skill,1
Q_AI_M_0493,cukup_paham,python_basic,Dynamic Skill,2
Q_WEB__0494,belum_paham,html_basic,Dynamic Skill,0
Q_WEB__0494,paham_dasar,html_basic,Dynamic Skill,1
Q_WEB__0494,cukup_paham,html_basic,Dynamic Skill,2
Q_AI_M_0495,belum_paham,model_training,Dynamic Skill,0
Q_AI_M_0495,paham_dasar,python_basic,Dynamic Skill,1
Q_AI_M_0495,cukup_paham,python_basic,Dynamic Skill,2
Q_UI_U_0496,belum_paham,figma,Dynamic Skill,0
Q_UI_U_0496,paham_dasar,ui_principles,Dynamic Skill,1
Q_UI_U_0496,cukup_paham,wireframing,Dynamic Skill,2
Q_CYBE_0497,belum_paham,networking_fundamental,Dynamic Skill,0
Q_CYBE_0497,paham_dasar,networking_fundamental,Dynamic Skill,1
Q_CYBE_0497,cukup_paham,log_analysis,Dynamic Skill,2
Q_CYBE_0498,belum_paham,networking_fundamental,Dynamic Skill,0
Q_CYBE_0498,paham_dasar,log_analysis,Dynamic Skill,1
Q_CYBE_0498,cukup_paham,log_analysis,Dynamic Skill,2
Q_WEB__0499,belum_paham,html_basic,Dynamic Skill,0
Q_WEB__0499,paham_dasar,javascript_basic,Dynamic Skill,1
Q_WEB__0499,cukup_paham,css_basic,Dynamic Skill,2
Q_CYBE_0500,belum_paham,log_analysis,Dynamic Skill,0
Q_CYBE_0500,paham_dasar,log_analysis,Dynamic Skill,1
Q_CYBE_0500,cukup_paham,networking_fundamental,Dynamic Skill,2
Q_UI_U_0501,belum_paham,ui_principles,Dynamic Skill,0
Q_UI_U_0501,paham_dasar,figma,Dynamic Skill,1
Q_UI_U_0501,cukup_paham,figma,Dynamic Skill,2
Q_CYBE_0502,belum_paham,linux_basic,Dynamic Skill,0
Q_CYBE_0502,paham_dasar,log_analysis,Dynamic Skill,1
Q_CYBE_0502,cukup_paham,linux_basic,Dynamic Skill,2
Q_AI_M_0503,belum_paham,mlops,Dynamic Skill,0
Q_AI_M_0503,paham_dasar,model_training,Dynamic Skill,1
Q_AI_M_0503,cukup_paham,model_training,Dynamic Skill,2
Q_WEB__0504,belum_paham,html_basic,Dynamic Skill,0
Q_WEB__0504,paham_dasar,javascript_basic,Dynamic Skill,1
Q_WEB__0504,cukup_paham,javascript_basic,Dynamic Skill,2
Q_AI_M_0505,belum_paham,python_basic,Dynamic Skill,0
Q_AI_M_0505,paham_dasar,model_training,Dynamic Skill,1
Q_AI_M_0505,cukup_paham,mlops,Dynamic Skill,2
Q_WEB__0506,belum_paham,javascript_basic,Dynamic Skill,0
Q_WEB__0506,paham_dasar,css_basic,Dynamic Skill,1
Q_WEB__0506,cukup_paham,javascript_basic,Dynamic Skill,2
Q_UI_U_0507,belum_paham,ui_principles,Dynamic Skill,0
Q_UI_U_0507,paham_dasar,ui_principles,Dynamic Skill,1
Q_UI_U_0507,cukup_paham,figma,Dynamic Skill,2
Q_DATA_0508,belum_paham,spreadsheet_basic,Dynamic Skill,0
Q_DATA_0508,paham_dasar,sql_basic,Dynamic Skill,1
Q_DATA_0508,cukup_paham,sql_basic,Dynamic Skill,2
Q_UI_U_0509,belum_paham,wireframing,Dynamic Skill,0
Q_UI_U_0509,paham_dasar,wireframing,Dynamic Skill,1
Q_UI_U_0509,cukup_paham,wireframing,Dynamic Skill,2
Q_AI_M_0510,belum_paham,python_basic,Dynamic Skill,0
Q_AI_M_0510,paham_dasar,python_basic,Dynamic Skill,1
Q_AI_M_0510,cukup_paham,mlops,Dynamic Skill,2
Q_WEB__0511,belum_paham,css_basic,Dynamic Skill,0
Q_WEB__0511,paham_dasar,html_basic,Dynamic Skill,1
Q_WEB__0511,cukup_paham,html_basic,Dynamic Skill,2
Q_UI_U_0512,belum_paham,figma,Dynamic Skill,0
Q_UI_U_0512,paham_dasar,wireframing,Dynamic Skill,1
Q_UI_U_0512,cukup_paham,ui_principles,Dynamic Skill,2
Q_AI_M_0513,belum_paham,model_training,Dynamic Skill,0
Q_AI_M_0513,paham_dasar,python_basic,Dynamic Skill,1
Q_AI_M_0513,cukup_paham,python_basic,Dynamic Skill,2
Q_AI_M_0514,belum_paham,model_training,Dynamic Skill,0
Q_AI_M_0514,paham_dasar,python_basic,Dynamic Skill,1
Q_AI_M_0514,cukup_paham,model_training,Dynamic Skill,2
Q_AI_M_0515,belum_paham,model_training,Dynamic Skill,0
Q_AI_M_0515,paham_dasar,model_training,Dynamic Skill,1
Q_AI_M_0515,cukup_paham,model_training,Dynamic Skill,2
Q_AI_M_0516,belum_paham,python_basic,Dynamic Skill,0
Q_AI_M_0516,paham_dasar,model_training,Dynamic Skill,1
Q_AI_M_0516,cukup_paham,python_basic,Dynamic Skill,2
Q_AI_M_0517,belum_paham,model_training,Dynamic Skill,0
Q_AI_M_0517,paham_dasar,model_training,Dynamic Skill,1
Q_AI_M_0517,cukup_paham,python_basic,Dynamic Skill,2
Q_DATA_0518,belum_paham,python_basic,Dynamic Skill,0
Q_DATA_0518,paham_dasar,python_basic,Dynamic Skill,1
Q_DATA_0518,cukup_paham,python_basic,Dynamic Skill,2
Q_DATA_0519,belum_paham,spreadsheet_basic,Dynamic Skill,0
Q_DATA_0519,paham_dasar,spreadsheet_basic,Dynamic Skill,1
Q_DATA_0519,cukup_paham,spreadsheet_basic,Dynamic Skill,2
Q_CYBE_0520,belum_paham,networking_fundamental,Dynamic Skill,0
Q_CYBE_0520,paham_dasar,log_analysis,Dynamic Skill,1
Q_CYBE_0520,cukup_paham,log_analysis,Dynamic Skill,2
Q_CYBE_0521,belum_paham,log_analysis,Dynamic Skill,0
Q_CYBE_0521,paham_dasar,log_analysis,Dynamic Skill,1
Q_CYBE_0521,cukup_paham,log_analysis,Dynamic Skill,2
Q_UI_U_0522,belum_paham,ui_principles,Dynamic Skill,0
Q_UI_U_0522,paham_dasar,ui_principles,Dynamic Skill,1
Q_UI_U_0522,cukup_paham,wireframing,Dynamic Skill,2
Q_DATA_0523,belum_paham,python_basic,Dynamic Skill,0
Q_DATA_0523,paham_dasar,python_basic,Dynamic Skill,1
Q_DATA_0523,cukup_paham,python_basic,Dynamic Skill,2
Q_DATA_0524,belum_paham,spreadsheet_basic,Dynamic Skill,0
Q_DATA_0524,paham_dasar,spreadsheet_basic,Dynamic Skill,1
Q_DATA_0524,cukup_paham,spreadsheet_basic,Dynamic Skill,2
Q_DATA_0525,belum_paham,spreadsheet_basic,Dynamic Skill,0
Q_DATA_0525,paham_dasar,spreadsheet_basic,Dynamic Skill,1
Q_DATA_0525,cukup_paham,sql_basic,Dynamic Skill,2
Q_WEB__0526,belum_paham,html_basic,Dynamic Skill,0
Q_WEB__0526,paham_dasar,javascript_basic,Dynamic Skill,1
Q_WEB__0526,cukup_paham,javascript_basic,Dynamic Skill,2
Q_WEB__0527,belum_paham,javascript_basic,Dynamic Skill,0
Q_WEB__0527,paham_dasar,javascript_basic,Dynamic Skill,1
Q_WEB__0527,cukup_paham,html_basic,Dynamic Skill,2
Q_WEB__0528,belum_paham,css_basic,Dynamic Skill,0
Q_WEB__0528,paham_dasar,css_basic,Dynamic Skill,1
Q_WEB__0528,cukup_paham,css_basic,Dynamic Skill,2
Q_AI_M_0529,belum_paham,model_training,Dynamic Skill,0
Q_AI_M_0529,paham_dasar,mlops,Dynamic Skill,1
Q_AI_M_0529,cukup_paham,python_basic,Dynamic Skill,2
Q_WEB__0530,belum_paham,javascript_basic,Dynamic Skill,0
Q_WEB__0530,paham_dasar,html_basic,Dynamic Skill,1
Q_WEB__0530,cukup_paham,html_basic,Dynamic Skill,2
Q_CYBE_0531,belum_paham,log_analysis,Dynamic Skill,0
Q_CYBE_0531,paham_dasar,linux_basic,Dynamic Skill,1
Q_CYBE_0531,cukup_paham,linux_basic,Dynamic Skill,2
Q_AI_M_0532,belum_paham,python_basic,Dynamic Skill,0
Q_AI_M_0532,paham_dasar,python_basic,Dynamic Skill,1
Q_AI_M_0532,cukup_paham,model_training,Dynamic Skill,2
Q_UI_U_0533,belum_paham,figma,Dynamic Skill,0
Q_UI_U_0533,paham_dasar,ui_principles,Dynamic Skill,1
Q_UI_U_0533,cukup_paham,figma,Dynamic Skill,2
Q_AI_M_0534,belum_paham,model_training,Dynamic Skill,0
Q_AI_M_0534,paham_dasar,python_basic,Dynamic Skill,1
Q_AI_M_0534,cukup_paham,mlops,Dynamic Skill,2
Q_UI_U_0535,belum_paham,ui_principles,Dynamic Skill,0
Q_UI_U_0535,paham_dasar,ui_principles,Dynamic Skill,1
Q_UI_U_0535,cukup_paham,figma,Dynamic Skill,2
Q_DATA_0536,belum_paham,spreadsheet_basic,Dynamic Skill,0
Q_DATA_0536,paham_dasar,sql_basic,Dynamic Skill,1
Q_DATA_0536,cukup_paham,sql_basic,Dynamic Skill,2
Q_WEB__0537,belum_paham,css_basic,Dynamic Skill,0
Q_WEB__0537,paham_dasar,html_basic,Dynamic Skill,1
Q_WEB__0537,cukup_paham,javascript_basic,Dynamic Skill,2
Q_DATA_0538,belum_paham,spreadsheet_basic,Dynamic Skill,0
Q_DATA_0538,paham_dasar,sql_basic,Dynamic Skill,1
Q_DATA_0538,cukup_paham,python_basic,Dynamic Skill,2
Q_DATA_0539,belum_paham,sql_basic,Dynamic Skill,0
Q_DATA_0539,paham_dasar,python_basic,Dynamic Skill,1
Q_DATA_0539,cukup_paham,spreadsheet_basic,Dynamic Skill,2
Q_AI_M_0540,belum_paham,mlops,Dynamic Skill,0
Q_AI_M_0540,paham_dasar,mlops,Dynamic Skill,1
Q_AI_M_0540,cukup_paham,mlops,Dynamic Skill,2
Q_WEB__0541,belum_paham,html_basic,Dynamic Skill,0
Q_WEB__0541,paham_dasar,javascript_basic,Dynamic Skill,1
Q_WEB__0541,cukup_paham,javascript_basic,Dynamic Skill,2
Q_AI_M_0542,belum_paham,model_training,Dynamic Skill,0
Q_AI_M_0542,paham_dasar,mlops,Dynamic Skill,1
Q_AI_M_0542,cukup_paham,model_training,Dynamic Skill,2
Q_CYBE_0543,belum_paham,networking_fundamental,Dynamic Skill,0
Q_CYBE_0543,paham_dasar,linux_basic,Dynamic Skill,1
Q_CYBE_0543,cukup_paham,log_analysis,Dynamic Skill,2
Q_WEB__0544,belum_paham,html_basic,Dynamic Skill,0
Q_WEB__0544,paham_dasar,javascript_basic,Dynamic Skill,1
Q_WEB__0544,cukup_paham,html_basic,Dynamic Skill,2
Q_UI_U_0545,belum_paham,wireframing,Dynamic Skill,0
Q_UI_U_0545,paham_dasar,ui_principles,Dynamic Skill,1
Q_UI_U_0545,cukup_paham,ui_principles,Dynamic Skill,2
Q_WEB__0546,belum_paham,javascript_basic,Dynamic Skill,0
Q_WEB__0546,paham_dasar,html_basic,Dynamic Skill,1
Q_WEB__0546,cukup_paham,javascript_basic,Dynamic Skill,2
Q_UI_U_0547,belum_paham,figma,Dynamic Skill,0
Q_UI_U_0547,paham_dasar,ui_principles,Dynamic Skill,1
Q_UI_U_0547,cukup_paham,figma,Dynamic Skill,2
Q_UI_U_0548,belum_paham,figma,Dynamic Skill,0
Q_UI_U_0548,paham_dasar,wireframing,Dynamic Skill,1
Q_UI_U_0548,cukup_paham,wireframing,Dynamic Skill,2
Q_DATA_0549,belum_paham,spreadsheet_basic,Dynamic Skill,0
Q_DATA_0549,paham_dasar,spreadsheet_basic,Dynamic Skill,1
Q_DATA_0549,cukup_paham,spreadsheet_basic,Dynamic Skill,2
Q_UI_U_0550,belum_paham,ui_principles,Dynamic Skill,0
Q_UI_U_0550,paham_dasar,wireframing,Dynamic Skill,1
Q_UI_U_0550,cukup_paham,wireframing,Dynamic Skill,2
Q_DATA_0551,belum_paham,spreadsheet_basic,Dynamic Skill,0
Q_DATA_0551,paham_dasar,sql_basic,Dynamic Skill,1
Q_DATA_0551,cukup_paham,sql_basic,Dynamic Skill,2
Q_DATA_0552,belum_paham,sql_basic,Dynamic Skill,0
Q_DATA_0552,paham_dasar,python_basic,Dynamic Skill,1
Q_DATA_0552,cukup_paham,spreadsheet_basic,Dynamic Skill,2
Q_CYBE_0553,belum_paham,linux_basic,Dynamic Skill,0
Q_CYBE_0553,paham_dasar,log_analysis,Dynamic Skill,1
Q_CYBE_0553,cukup_paham,networking_fundamental,Dynamic Skill,2
Q_WEB__0554,belum_paham,javascript_basic,Dynamic Skill,0
Q_WEB__0554,paham_dasar,css_basic,Dynamic Skill,1
Q_WEB__0554,cukup_paham,html_basic,Dynamic Skill,2
Q_AI_M_0555,belum_paham,mlops,Dynamic Skill,0
Q_AI_M_0555,paham_dasar,python_basic,Dynamic Skill,1
Q_AI_M_0555,cukup_paham,mlops,Dynamic Skill,2
Q_DATA_0556,belum_paham,sql_basic,Dynamic Skill,0
Q_DATA_0556,paham_dasar,python_basic,Dynamic Skill,1
Q_DATA_0556,cukup_paham,sql_basic,Dynamic Skill,2
Q_DATA_0557,belum_paham,python_basic,Dynamic Skill,0
Q_DATA_0557,paham_dasar,sql_basic,Dynamic Skill,1
Q_DATA_0557,cukup_paham,spreadsheet_basic,Dynamic Skill,2
Q_CYBE_0558,belum_paham,linux_basic,Dynamic Skill,0
Q_CYBE_0558,paham_dasar,linux_basic,Dynamic Skill,1
Q_CYBE_0558,cukup_paham,linux_basic,Dynamic Skill,2
Q_CYBE_0559,belum_paham,log_analysis,Dynamic Skill,0
Q_CYBE_0559,paham_dasar,linux_basic,Dynamic Skill,1
Q_CYBE_0559,cukup_paham,linux_basic,Dynamic Skill,2
Q_UI_U_0560,belum_paham,wireframing,Dynamic Skill,0
Q_UI_U_0560,paham_dasar,ui_principles,Dynamic Skill,1
Q_UI_U_0560,cukup_paham,figma,Dynamic Skill,2
Q_DATA_0561,belum_paham,python_basic,Dynamic Skill,0
Q_DATA_0561,paham_dasar,spreadsheet_basic,Dynamic Skill,1
Q_DATA_0561,cukup_paham,sql_basic,Dynamic Skill,2
Q_DATA_0562,belum_paham,sql_basic,Dynamic Skill,0
Q_DATA_0562,paham_dasar,sql_basic,Dynamic Skill,1
Q_DATA_0562,cukup_paham,sql_basic,Dynamic Skill,2
Q_WEB__0563,belum_paham,html_basic,Dynamic Skill,0
Q_WEB__0563,paham_dasar,html_basic,Dynamic Skill,1
Q_WEB__0563,cukup_paham,css_basic,Dynamic Skill,2
Q_WEB__0564,belum_paham,css_basic,Dynamic Skill,0
Q_WEB__0564,paham_dasar,javascript_basic,Dynamic Skill,1
Q_WEB__0564,cukup_paham,html_basic,Dynamic Skill,2
Q_CYBE_0565,belum_paham,networking_fundamental,Dynamic Skill,0
Q_CYBE_0565,paham_dasar,networking_fundamental,Dynamic Skill,1
Q_CYBE_0565,cukup_paham,networking_fundamental,Dynamic Skill,2
Q_DATA_0566,belum_paham,spreadsheet_basic,Dynamic Skill,0
Q_DATA_0566,paham_dasar,spreadsheet_basic,Dynamic Skill,1
Q_DATA_0566,cukup_paham,python_basic,Dynamic Skill,2
Q_AI_M_0567,belum_paham,python_basic,Dynamic Skill,0
Q_AI_M_0567,paham_dasar,python_basic,Dynamic Skill,1
Q_AI_M_0567,cukup_paham,python_basic,Dynamic Skill,2
Q_UI_U_0568,belum_paham,figma,Dynamic Skill,0
Q_UI_U_0568,paham_dasar,ui_principles,Dynamic Skill,1
Q_UI_U_0568,cukup_paham,ui_principles,Dynamic Skill,2
Q_DATA_0569,belum_paham,sql_basic,Dynamic Skill,0
Q_DATA_0569,paham_dasar,spreadsheet_basic,Dynamic Skill,1
Q_DATA_0569,cukup_paham,sql_basic,Dynamic Skill,2
Q_WEB__0570,belum_paham,html_basic,Dynamic Skill,0
Q_WEB__0570,paham_dasar,javascript_basic,Dynamic Skill,1
Q_WEB__0570,cukup_paham,javascript_basic,Dynamic Skill,2
Q_WEB__0571,belum_paham,css_basic,Dynamic Skill,0
Q_WEB__0571,paham_dasar,html_basic,Dynamic Skill,1
Q_WEB__0571,cukup_paham,html_basic,Dynamic Skill,2
Q_UI_U_0572,belum_paham,ui_principles,Dynamic Skill,0
Q_UI_U_0572,paham_dasar,ui_principles,Dynamic Skill,1
Q_UI_U_0572,cukup_paham,ui_principles,Dynamic Skill,2
Q_UI_U_0573,belum_paham,wireframing,Dynamic Skill,0
Q_UI_U_0573,paham_dasar,figma,Dynamic Skill,1
Q_UI_U_0573,cukup_paham,ui_principles,Dynamic Skill,2
Q_AI_M_0574,belum_paham,model_training,Dynamic Skill,0
Q_AI_M_0574,paham_dasar,mlops,Dynamic Skill,1
Q_AI_M_0574,cukup_paham,mlops,Dynamic Skill,2
Q_DATA_0575,belum_paham,python_basic,Dynamic Skill,0
Q_DATA_0575,paham_dasar,python_basic,Dynamic Skill,1
Q_DATA_0575,cukup_paham,python_basic,Dynamic Skill,2
Q_AI_M_0576,belum_paham,mlops,Dynamic Skill,0
Q_AI_M_0576,paham_dasar,python_basic,Dynamic Skill,1
Q_AI_M_0576,cukup_paham,python_basic,Dynamic Skill,2
Q_CYBE_0577,belum_paham,linux_basic,Dynamic Skill,0
Q_CYBE_0577,paham_dasar,linux_basic,Dynamic Skill,1
Q_CYBE_0577,cukup_paham,networking_fundamental,Dynamic Skill,2
Q_UI_U_0578,belum_paham,figma,Dynamic Skill,0
Q_UI_U_0578,paham_dasar,figma,Dynamic Skill,1
Q_UI_U_0578,cukup_paham,figma,Dynamic Skill,2
Q_UI_U_0579,belum_paham,ui_principles,Dynamic Skill,0
Q_UI_U_0579,paham_dasar,ui_principles,Dynamic Skill,1
Q_UI_U_0579,cukup_paham,wireframing,Dynamic Skill,2
Q_UI_U_0580,belum_paham,ui_principles,Dynamic Skill,0
Q_UI_U_0580,paham_dasar,wireframing,Dynamic Skill,1
Q_UI_U_0580,cukup_paham,wireframing,Dynamic Skill,2
Q_AI_M_0581,belum_paham,mlops,Dynamic Skill,0
Q_AI_M_0581,paham_dasar,python_basic,Dynamic Skill,1
Q_AI_M_0581,cukup_paham,model_training,Dynamic Skill,2
Q_WEB__0582,belum_paham,css_basic,Dynamic Skill,0
Q_WEB__0582,paham_dasar,css_basic,Dynamic Skill,1
Q_WEB__0582,cukup_paham,javascript_basic,Dynamic Skill,2
Q_AI_M_0583,belum_paham,model_training,Dynamic Skill,0
Q_AI_M_0583,paham_dasar,python_basic,Dynamic Skill,1
Q_AI_M_0583,cukup_paham,model_training,Dynamic Skill,2
Q_WEB__0584,belum_paham,javascript_basic,Dynamic Skill,0
Q_WEB__0584,paham_dasar,javascript_basic,Dynamic Skill,1
Q_WEB__0584,cukup_paham,html_basic,Dynamic Skill,2
Q_AI_M_0585,belum_paham,mlops,Dynamic Skill,0
Q_AI_M_0585,paham_dasar,mlops,Dynamic Skill,1
Q_AI_M_0585,cukup_paham,mlops,Dynamic Skill,2
Q_DATA_0586,belum_paham,sql_basic,Dynamic Skill,0
Q_DATA_0586,paham_dasar,spreadsheet_basic,Dynamic Skill,1
Q_DATA_0586,cukup_paham,sql_basic,Dynamic Skill,2
Q_DATA_0587,belum_paham,spreadsheet_basic,Dynamic Skill,0
Q_DATA_0587,paham_dasar,spreadsheet_basic,Dynamic Skill,1
Q_DATA_0587,cukup_paham,python_basic,Dynamic Skill,2
Q_UI_U_0588,belum_paham,ui_principles,Dynamic Skill,0
Q_UI_U_0588,paham_dasar,wireframing,Dynamic Skill,1
Q_UI_U_0588,cukup_paham,wireframing,Dynamic Skill,2
Q_WEB__0589,belum_paham,html_basic,Dynamic Skill,0
Q_WEB__0589,paham_dasar,javascript_basic,Dynamic Skill,1
Q_WEB__0589,cukup_paham,javascript_basic,Dynamic Skill,2
Q_DATA_0590,belum_paham,python_basic,Dynamic Skill,0
Q_DATA_0590,paham_dasar,sql_basic,Dynamic Skill,1
Q_DATA_0590,cukup_paham,python_basic,Dynamic Skill,2
Q_UI_U_0591,belum_paham,figma,Dynamic Skill,0
Q_UI_U_0591,paham_dasar,wireframing,Dynamic Skill,1
Q_UI_U_0591,cukup_paham,wireframing,Dynamic Skill,2
Q_DATA_0592,belum_paham,spreadsheet_basic,Dynamic Skill,0
Q_DATA_0592,paham_dasar,python_basic,Dynamic Skill,1
Q_DATA_0592,cukup_paham,sql_basic,Dynamic Skill,2
Q_DATA_0593,belum_paham,spreadsheet_basic,Dynamic Skill,0
Q_DATA_0593,paham_dasar,sql_basic,Dynamic Skill,1
Q_DATA_0593,cukup_paham,python_basic,Dynamic Skill,2
Q_CYBE_0594,belum_paham,log_analysis,Dynamic Skill,0
Q_CYBE_0594,paham_dasar,linux_basic,Dynamic Skill,1
Q_CYBE_0594,cukup_paham,linux_basic,Dynamic Skill,2
Q_CYBE_0595,belum_paham,networking_fundamental,Dynamic Skill,0
Q_CYBE_0595,paham_dasar,networking_fundamental,Dynamic Skill,1
Q_CYBE_0595,cukup_paham,log_analysis,Dynamic Skill,2
Q_WEB__0596,belum_paham,javascript_basic,Dynamic Skill,0
Q_WEB__0596,paham_dasar,html_basic,Dynamic Skill,1
Q_WEB__0596,cukup_paham,css_basic,Dynamic Skill,2
Q_CYBE_0597,belum_paham,linux_basic,Dynamic Skill,0
Q_CYBE_0597,paham_dasar,networking_fundamental,Dynamic Skill,1
Q_CYBE_0597,cukup_paham,networking_fundamental,Dynamic Skill,2
Q_AI_M_0598,belum_paham,python_basic,Dynamic Skill,0
Q_AI_M_0598,paham_dasar,python_basic,Dynamic Skill,1
Q_AI_M_0598,cukup_paham,python_basic,Dynamic Skill,2
Q_WEB__0599,belum_paham,css_basic,Dynamic Skill,0
Q_WEB__0599,paham_dasar,javascript_basic,Dynamic Skill,1
Q_WEB__0599,cukup_paham,css_basic,Dynamic Skill,2
Q_CYBE_0600,belum_paham,linux_basic,Dynamic Skill,0
Q_CYBE_0600,paham_dasar,log_analysis,Dynamic Skill,1
Q_CYBE_0600,cukup_paham,linux_basic,Dynamic Skill,2
Q_CYBE_0601,belum_paham,linux_basic,Dynamic Skill,0
Q_CYBE_0601,paham_dasar,log_analysis,Dynamic Skill,1
Q_CYBE_0601,cukup_paham,networking_fundamental,Dynamic Skill,2
Q_AI_M_0602,belum_paham,mlops,Dynamic Skill,0
Q_AI_M_0602,paham_dasar,python_basic,Dynamic Skill,1
Q_AI_M_0602,cukup_paham,python_basic,Dynamic Skill,2
Q_CYBE_0603,belum_paham,log_analysis,Dynamic Skill,0
Q_CYBE_0603,paham_dasar,networking_fundamental,Dynamic Skill,1
Q_CYBE_0603,cukup_paham,log_analysis,Dynamic Skill,2
Q_CYBE_0604,belum_paham,linux_basic,Dynamic Skill,0
Q_CYBE_0604,paham_dasar,log_analysis,Dynamic Skill,1
Q_CYBE_0604,cukup_paham,linux_basic,Dynamic Skill,2
Q_CYBE_0605,belum_paham,linux_basic,Dynamic Skill,0
Q_CYBE_0605,paham_dasar,log_analysis,Dynamic Skill,1
Q_CYBE_0605,cukup_paham,linux_basic,Dynamic Skill,2
Q_UI_U_0606,belum_paham,figma,Dynamic Skill,0
Q_UI_U_0606,paham_dasar,wireframing,Dynamic Skill,1
Q_UI_U_0606,cukup_paham,ui_principles,Dynamic Skill,2
Q_CYBE_0607,belum_paham,linux_basic,Dynamic Skill,0
Q_CYBE_0607,paham_dasar,linux_basic,Dynamic Skill,1
Q_CYBE_0607,cukup_paham,networking_fundamental,Dynamic Skill,2
Q_WEB__0608,belum_paham,javascript_basic,Dynamic Skill,0
Q_WEB__0608,paham_dasar,javascript_basic,Dynamic Skill,1
Q_WEB__0608,cukup_paham,javascript_basic,Dynamic Skill,2
Q_UI_U_0609,belum_paham,wireframing,Dynamic Skill,0
Q_UI_U_0609,paham_dasar,ui_principles,Dynamic Skill,1
Q_UI_U_0609,cukup_paham,wireframing,Dynamic Skill,2
Q_UI_U_0610,belum_paham,ui_principles,Dynamic Skill,0
Q_UI_U_0610,paham_dasar,figma,Dynamic Skill,1
Q_UI_U_0610,cukup_paham,figma,Dynamic Skill,2
Q_AI_M_0611,belum_paham,model_training,Dynamic Skill,0
Q_AI_M_0611,paham_dasar,mlops,Dynamic Skill,1
Q_AI_M_0611,cukup_paham,python_basic,Dynamic Skill,2
Q_AI_M_0612,belum_paham,model_training,Dynamic Skill,0
Q_AI_M_0612,paham_dasar,mlops,Dynamic Skill,1
Q_AI_M_0612,cukup_paham,python_basic,Dynamic Skill,2
Q_WEB__0613,belum_paham,css_basic,Dynamic Skill,0
Q_WEB__0613,paham_dasar,javascript_basic,Dynamic Skill,1
Q_WEB__0613,cukup_paham,css_basic,Dynamic Skill,2
Q_DATA_0614,belum_paham,sql_basic,Dynamic Skill,0
Q_DATA_0614,paham_dasar,python_basic,Dynamic Skill,1
Q_DATA_0614,cukup_paham,spreadsheet_basic,Dynamic Skill,2
Q_CYBE_0615,belum_paham,linux_basic,Dynamic Skill,0
Q_CYBE_0615,paham_dasar,log_analysis,Dynamic Skill,1
Q_CYBE_0615,cukup_paham,linux_basic,Dynamic Skill,2
Q_CYBE_0616,belum_paham,log_analysis,Dynamic Skill,0
Q_CYBE_0616,paham_dasar,linux_basic,Dynamic Skill,1
Q_CYBE_0616,cukup_paham,networking_fundamental,Dynamic Skill,2
Q_AI_M_0617,belum_paham,model_training,Dynamic Skill,0
Q_AI_M_0617,paham_dasar,model_training,Dynamic Skill,1
Q_AI_M_0617,cukup_paham,model_training,Dynamic Skill,2
Q_UI_U_0618,belum_paham,wireframing,Dynamic Skill,0
Q_UI_U_0618,paham_dasar,figma,Dynamic Skill,1
Q_UI_U_0618,cukup_paham,wireframing,Dynamic Skill,2
Q_DATA_0619,belum_paham,python_basic,Dynamic Skill,0
Q_DATA_0619,paham_dasar,python_basic,Dynamic Skill,1
Q_DATA_0619,cukup_paham,sql_basic,Dynamic Skill,2
Q_WEB__0620,belum_paham,html_basic,Dynamic Skill,0
Q_WEB__0620,paham_dasar,css_basic,Dynamic Skill,1
Q_WEB__0620,cukup_paham,html_basic,Dynamic Skill,2
Q_AI_M_0621,belum_paham,python_basic,Dynamic Skill,0
Q_AI_M_0621,paham_dasar,model_training,Dynamic Skill,1
Q_AI_M_0621,cukup_paham,model_training,Dynamic Skill,2
Q_DATA_0622,belum_paham,python_basic,Dynamic Skill,0
Q_DATA_0622,paham_dasar,spreadsheet_basic,Dynamic Skill,1
Q_DATA_0622,cukup_paham,sql_basic,Dynamic Skill,2
Q_WEB__0623,belum_paham,css_basic,Dynamic Skill,0
Q_WEB__0623,paham_dasar,javascript_basic,Dynamic Skill,1
Q_WEB__0623,cukup_paham,css_basic,Dynamic Skill,2
Q_UI_U_0624,belum_paham,figma,Dynamic Skill,0
Q_UI_U_0624,paham_dasar,ui_principles,Dynamic Skill,1
Q_UI_U_0624,cukup_paham,ui_principles,Dynamic Skill,2
Q_CYBE_0625,belum_paham,log_analysis,Dynamic Skill,0
Q_CYBE_0625,paham_dasar,log_analysis,Dynamic Skill,1
Q_CYBE_0625,cukup_paham,networking_fundamental,Dynamic Skill,2
Q_CYBE_0626,belum_paham,linux_basic,Dynamic Skill,0
Q_CYBE_0626,paham_dasar,networking_fundamental,Dynamic Skill,1
Q_CYBE_0626,cukup_paham,linux_basic,Dynamic Skill,2
Q_UI_U_0627,belum_paham,wireframing,Dynamic Skill,0
Q_UI_U_0627,paham_dasar,wireframing,Dynamic Skill,1
Q_UI_U_0627,cukup_paham,figma,Dynamic Skill,2
Q_UI_U_0628,belum_paham,ui_principles,Dynamic Skill,0
Q_UI_U_0628,paham_dasar,figma,Dynamic Skill,1
Q_UI_U_0628,cukup_paham,ui_principles,Dynamic Skill,2
Q_WEB__0629,belum_paham,javascript_basic,Dynamic Skill,0
Q_WEB__0629,paham_dasar,javascript_basic,Dynamic Skill,1
Q_WEB__0629,cukup_paham,javascript_basic,Dynamic Skill,2
Q_DATA_0630,belum_paham,sql_basic,Dynamic Skill,0
Q_DATA_0630,paham_dasar,sql_basic,Dynamic Skill,1
Q_DATA_0630,cukup_paham,spreadsheet_basic,Dynamic Skill,2
Q_AI_M_0631,belum_paham,mlops,Dynamic Skill,0
Q_AI_M_0631,paham_dasar,python_basic,Dynamic Skill,1
Q_AI_M_0631,cukup_paham,mlops,Dynamic Skill,2
Q_UI_U_0632,belum_paham,wireframing,Dynamic Skill,0
Q_UI_U_0632,paham_dasar,figma,Dynamic Skill,1
Q_UI_U_0632,cukup_paham,figma,Dynamic Skill,2
Q_AI_M_0633,belum_paham,mlops,Dynamic Skill,0
Q_AI_M_0633,paham_dasar,model_training,Dynamic Skill,1
Q_AI_M_0633,cukup_paham,mlops,Dynamic Skill,2
Q_WEB__0634,belum_paham,css_basic,Dynamic Skill,0
Q_WEB__0634,paham_dasar,css_basic,Dynamic Skill,1
Q_WEB__0634,cukup_paham,html_basic,Dynamic Skill,2
Q_CYBE_0635,belum_paham,linux_basic,Dynamic Skill,0
Q_CYBE_0635,paham_dasar,linux_basic,Dynamic Skill,1
Q_CYBE_0635,cukup_paham,networking_fundamental,Dynamic Skill,2
Q_UI_U_0636,belum_paham,figma,Dynamic Skill,0
Q_UI_U_0636,paham_dasar,wireframing,Dynamic Skill,1
Q_UI_U_0636,cukup_paham,ui_principles,Dynamic Skill,2
Q_UI_U_0637,belum_paham,ui_principles,Dynamic Skill,0
Q_UI_U_0637,paham_dasar,ui_principles,Dynamic Skill,1
Q_UI_U_0637,cukup_paham,figma,Dynamic Skill,2
Q_CYBE_0638,belum_paham,log_analysis,Dynamic Skill,0
Q_CYBE_0638,paham_dasar,networking_fundamental,Dynamic Skill,1
Q_CYBE_0638,cukup_paham,networking_fundamental,Dynamic Skill,2
Q_CYBE_0639,belum_paham,linux_basic,Dynamic Skill,0
Q_CYBE_0639,paham_dasar,linux_basic,Dynamic Skill,1
Q_CYBE_0639,cukup_paham,networking_fundamental,Dynamic Skill,2
Q_CYBE_0640,belum_paham,linux_basic,Dynamic Skill,0
Q_CYBE_0640,paham_dasar,log_analysis,Dynamic Skill,1
Q_CYBE_0640,cukup_paham,linux_basic,Dynamic Skill,2
Q_CYBE_0641,belum_paham,linux_basic,Dynamic Skill,0
Q_CYBE_0641,paham_dasar,networking_fundamental,Dynamic Skill,1
Q_CYBE_0641,cukup_paham,linux_basic,Dynamic Skill,2
Q_UI_U_0642,belum_paham,wireframing,Dynamic Skill,0
Q_UI_U_0642,paham_dasar,figma,Dynamic Skill,1
Q_UI_U_0642,cukup_paham,wireframing,Dynamic Skill,2
Q_UI_U_0643,belum_paham,wireframing,Dynamic Skill,0
Q_UI_U_0643,paham_dasar,ui_principles,Dynamic Skill,1
Q_UI_U_0643,cukup_paham,wireframing,Dynamic Skill,2
Q_CYBE_0644,belum_paham,log_analysis,Dynamic Skill,0
Q_CYBE_0644,paham_dasar,linux_basic,Dynamic Skill,1
Q_CYBE_0644,cukup_paham,log_analysis,Dynamic Skill,2
Q_AI_M_0645,belum_paham,mlops,Dynamic Skill,0
Q_AI_M_0645,paham_dasar,model_training,Dynamic Skill,1
Q_AI_M_0645,cukup_paham,mlops,Dynamic Skill,2
Q_CYBE_0646,belum_paham,linux_basic,Dynamic Skill,0
Q_CYBE_0646,paham_dasar,linux_basic,Dynamic Skill,1
Q_CYBE_0646,cukup_paham,networking_fundamental,Dynamic Skill,2
Q_AI_M_0647,belum_paham,model_training,Dynamic Skill,0
Q_AI_M_0647,paham_dasar,python_basic,Dynamic Skill,1
Q_AI_M_0647,cukup_paham,mlops,Dynamic Skill,2
Q_WEB__0648,belum_paham,javascript_basic,Dynamic Skill,0
Q_WEB__0648,paham_dasar,html_basic,Dynamic Skill,1
Q_WEB__0648,cukup_paham,css_basic,Dynamic Skill,2
Q_DATA_0649,belum_paham,spreadsheet_basic,Dynamic Skill,0
Q_DATA_0649,paham_dasar,spreadsheet_basic,Dynamic Skill,1
Q_DATA_0649,cukup_paham,python_basic,Dynamic Skill,2
Q_WEB__0650,belum_paham,css_basic,Dynamic Skill,0
Q_WEB__0650,paham_dasar,css_basic,Dynamic Skill,1
Q_WEB__0650,cukup_paham,javascript_basic,Dynamic Skill,2
Q_UI_U_0651,belum_paham,ui_principles,Dynamic Skill,0
Q_UI_U_0651,paham_dasar,wireframing,Dynamic Skill,1
Q_UI_U_0651,cukup_paham,wireframing,Dynamic Skill,2
Q_CYBE_0652,belum_paham,networking_fundamental,Dynamic Skill,0
Q_CYBE_0652,paham_dasar,linux_basic,Dynamic Skill,1
Q_CYBE_0652,cukup_paham,log_analysis,Dynamic Skill,2
Q_AI_M_0653,belum_paham,python_basic,Dynamic Skill,0
Q_AI_M_0653,paham_dasar,model_training,Dynamic Skill,1
Q_AI_M_0653,cukup_paham,model_training,Dynamic Skill,2
Q_WEB__0654,belum_paham,css_basic,Dynamic Skill,0
Q_WEB__0654,paham_dasar,css_basic,Dynamic Skill,1
Q_WEB__0654,cukup_paham,html_basic,Dynamic Skill,2
Q_WEB__0655,belum_paham,javascript_basic,Dynamic Skill,0
Q_WEB__0655,paham_dasar,javascript_basic,Dynamic Skill,1
Q_WEB__0655,cukup_paham,html_basic,Dynamic Skill,2
Q_DATA_0656,belum_paham,python_basic,Dynamic Skill,0
Q_DATA_0656,paham_dasar,spreadsheet_basic,Dynamic Skill,1
Q_DATA_0656,cukup_paham,spreadsheet_basic,Dynamic Skill,2
Q_DATA_0657,belum_paham,spreadsheet_basic,Dynamic Skill,0
Q_DATA_0657,paham_dasar,sql_basic,Dynamic Skill,1
Q_DATA_0657,cukup_paham,spreadsheet_basic,Dynamic Skill,2
Q_WEB__0658,belum_paham,javascript_basic,Dynamic Skill,0
Q_WEB__0658,paham_dasar,html_basic,Dynamic Skill,1
Q_WEB__0658,cukup_paham,javascript_basic,Dynamic Skill,2
Q_AI_M_0659,belum_paham,python_basic,Dynamic Skill,0
Q_AI_M_0659,paham_dasar,mlops,Dynamic Skill,1
Q_AI_M_0659,cukup_paham,model_training,Dynamic Skill,2
Q_DATA_0660,belum_paham,spreadsheet_basic,Dynamic Skill,0
Q_DATA_0660,paham_dasar,spreadsheet_basic,Dynamic Skill,1
Q_DATA_0660,cukup_paham,sql_basic,Dynamic Skill,2
Q_UI_U_0661,belum_paham,wireframing,Dynamic Skill,0
Q_UI_U_0661,paham_dasar,wireframing,Dynamic Skill,1
Q_UI_U_0661,cukup_paham,ui_principles,Dynamic Skill,2
Q_CYBE_0662,belum_paham,linux_basic,Dynamic Skill,0
Q_CYBE_0662,paham_dasar,log_analysis,Dynamic Skill,1
Q_CYBE_0662,cukup_paham,networking_fundamental,Dynamic Skill,2
Q_UI_U_0663,belum_paham,wireframing,Dynamic Skill,0
Q_UI_U_0663,paham_dasar,figma,Dynamic Skill,1
Q_UI_U_0663,cukup_paham,figma,Dynamic Skill,2
Q_AI_M_0664,belum_paham,mlops,Dynamic Skill,0
Q_AI_M_0664,paham_dasar,model_training,Dynamic Skill,1
Q_AI_M_0664,cukup_paham,model_training,Dynamic Skill,2
Q_DATA_0665,belum_paham,spreadsheet_basic,Dynamic Skill,0
Q_DATA_0665,paham_dasar,spreadsheet_basic,Dynamic Skill,1
Q_DATA_0665,cukup_paham,sql_basic,Dynamic Skill,2
Q_DATA_0666,belum_paham,sql_basic,Dynamic Skill,0
Q_DATA_0666,paham_dasar,python_basic,Dynamic Skill,1
Q_DATA_0666,cukup_paham,spreadsheet_basic,Dynamic Skill,2
Q_UI_U_0667,belum_paham,figma,Dynamic Skill,0
Q_UI_U_0667,paham_dasar,wireframing,Dynamic Skill,1
Q_UI_U_0667,cukup_paham,wireframing,Dynamic Skill,2
Q_CYBE_0668,belum_paham,log_analysis,Dynamic Skill,0
Q_CYBE_0668,paham_dasar,networking_fundamental,Dynamic Skill,1
Q_CYBE_0668,cukup_paham,linux_basic,Dynamic Skill,2
Q_UI_U_0669,belum_paham,wireframing,Dynamic Skill,0
Q_UI_U_0669,paham_dasar,wireframing,Dynamic Skill,1
Q_UI_U_0669,cukup_paham,ui_principles,Dynamic Skill,2
Q_CYBE_0670,belum_paham,log_analysis,Dynamic Skill,0
Q_CYBE_0670,paham_dasar,networking_fundamental,Dynamic Skill,1
Q_CYBE_0670,cukup_paham,networking_fundamental,Dynamic Skill,2
Q_WEB__0671,belum_paham,html_basic,Dynamic Skill,0
Q_WEB__0671,paham_dasar,css_basic,Dynamic Skill,1
Q_WEB__0671,cukup_paham,html_basic,Dynamic Skill,2
Q_UI_U_0672,belum_paham,ui_principles,Dynamic Skill,0
Q_UI_U_0672,paham_dasar,figma,Dynamic Skill,1
Q_UI_U_0672,cukup_paham,wireframing,Dynamic Skill,2
Q_UI_U_0673,belum_paham,ui_principles,Dynamic Skill,0
Q_UI_U_0673,paham_dasar,figma,Dynamic Skill,1
Q_UI_U_0673,cukup_paham,wireframing,Dynamic Skill,2
Q_UI_U_0674,belum_paham,wireframing,Dynamic Skill,0
Q_UI_U_0674,paham_dasar,ui_principles,Dynamic Skill,1
Q_UI_U_0674,cukup_paham,figma,Dynamic Skill,2
Q_AI_M_0675,belum_paham,python_basic,Dynamic Skill,0
Q_AI_M_0675,paham_dasar,model_training,Dynamic Skill,1
Q_AI_M_0675,cukup_paham,model_training,Dynamic Skill,2
Q_AI_M_0676,belum_paham,python_basic,Dynamic Skill,0
Q_AI_M_0676,paham_dasar,mlops,Dynamic Skill,1
Q_AI_M_0676,cukup_paham,model_training,Dynamic Skill,2
Q_UI_U_0677,belum_paham,wireframing,Dynamic Skill,0
Q_UI_U_0677,paham_dasar,wireframing,Dynamic Skill,1
Q_UI_U_0677,cukup_paham,figma,Dynamic Skill,2
Q_CYBE_0678,belum_paham,linux_basic,Dynamic Skill,0
Q_CYBE_0678,paham_dasar,networking_fundamental,Dynamic Skill,1
Q_CYBE_0678,cukup_paham,linux_basic,Dynamic Skill,2
Q_WEB__0679,belum_paham,html_basic,Dynamic Skill,0
Q_WEB__0679,paham_dasar,javascript_basic,Dynamic Skill,1
Q_WEB__0679,cukup_paham,css_basic,Dynamic Skill,2
Q_AI_M_0680,belum_paham,mlops,Dynamic Skill,0
Q_AI_M_0680,paham_dasar,model_training,Dynamic Skill,1
Q_AI_M_0680,cukup_paham,python_basic,Dynamic Skill,2
Q_DATA_0681,belum_paham,sql_basic,Dynamic Skill,0
Q_DATA_0681,paham_dasar,spreadsheet_basic,Dynamic Skill,1
Q_DATA_0681,cukup_paham,python_basic,Dynamic Skill,2
Q_CYBE_0682,belum_paham,linux_basic,Dynamic Skill,0
Q_CYBE_0682,paham_dasar,linux_basic,Dynamic Skill,1
Q_CYBE_0682,cukup_paham,log_analysis,Dynamic Skill,2
Q_AI_M_0683,belum_paham,model_training,Dynamic Skill,0
Q_AI_M_0683,paham_dasar,model_training,Dynamic Skill,1
Q_AI_M_0683,cukup_paham,python_basic,Dynamic Skill,2
Q_WEB__0684,belum_paham,javascript_basic,Dynamic Skill,0
Q_WEB__0684,paham_dasar,html_basic,Dynamic Skill,1
Q_WEB__0684,cukup_paham,html_basic,Dynamic Skill,2
Q_AI_M_0685,belum_paham,python_basic,Dynamic Skill,0
Q_AI_M_0685,paham_dasar,model_training,Dynamic Skill,1
Q_AI_M_0685,cukup_paham,mlops,Dynamic Skill,2
Q_WEB__0686,belum_paham,javascript_basic,Dynamic Skill,0
Q_WEB__0686,paham_dasar,javascript_basic,Dynamic Skill,1
Q_WEB__0686,cukup_paham,html_basic,Dynamic Skill,2
Q_DATA_0687,belum_paham,spreadsheet_basic,Dynamic Skill,0
Q_DATA_0687,paham_dasar,python_basic,Dynamic Skill,1
Q_DATA_0687,cukup_paham,sql_basic,Dynamic Skill,2
Q_WEB__0688,belum_paham,javascript_basic,Dynamic Skill,0
Q_WEB__0688,paham_dasar,javascript_basic,Dynamic Skill,1
Q_WEB__0688,cukup_paham,html_basic,Dynamic Skill,2
Q_DATA_0689,belum_paham,python_basic,Dynamic Skill,0
Q_DATA_0689,paham_dasar,spreadsheet_basic,Dynamic Skill,1
Q_DATA_0689,cukup_paham,python_basic,Dynamic Skill,2
Q_DATA_0690,belum_paham,spreadsheet_basic,Dynamic Skill,0
Q_DATA_0690,paham_dasar,sql_basic,Dynamic Skill,1
Q_DATA_0690,cukup_paham,sql_basic,Dynamic Skill,2
Q_WEB__0691,belum_paham,html_basic,Dynamic Skill,0
Q_WEB__0691,paham_dasar,css_basic,Dynamic Skill,1
Q_WEB__0691,cukup_paham,html_basic,Dynamic Skill,2
Q_AI_M_0692,belum_paham,python_basic,Dynamic Skill,0
Q_AI_M_0692,paham_dasar,python_basic,Dynamic Skill,1
Q_AI_M_0692,cukup_paham,model_training,Dynamic Skill,2
Q_UI_U_0693,belum_paham,wireframing,Dynamic Skill,0
Q_UI_U_0693,paham_dasar,wireframing,Dynamic Skill,1
Q_UI_U_0693,cukup_paham,ui_principles,Dynamic Skill,2
Q_AI_M_0694,belum_paham,model_training,Dynamic Skill,0
Q_AI_M_0694,paham_dasar,mlops,Dynamic Skill,1
Q_AI_M_0694,cukup_paham,mlops,Dynamic Skill,2
Q_AI_M_0695,belum_paham,mlops,Dynamic Skill,0
Q_AI_M_0695,paham_dasar,python_basic,Dynamic Skill,1
Q_AI_M_0695,cukup_paham,mlops,Dynamic Skill,2
Q_AI_M_0696,belum_paham,python_basic,Dynamic Skill,0
Q_AI_M_0696,paham_dasar,mlops,Dynamic Skill,1
Q_AI_M_0696,cukup_paham,model_training,Dynamic Skill,2
Q_CYBE_0697,belum_paham,linux_basic,Dynamic Skill,0
Q_CYBE_0697,paham_dasar,log_analysis,Dynamic Skill,1
Q_CYBE_0697,cukup_paham,linux_basic,Dynamic Skill,2
Q_UI_U_0698,belum_paham,figma,Dynamic Skill,0
Q_UI_U_0698,paham_dasar,ui_principles,Dynamic Skill,1
Q_UI_U_0698,cukup_paham,figma,Dynamic Skill,2
Q_UI_U_0699,belum_paham,figma,Dynamic Skill,0
Q_UI_U_0699,paham_dasar,wireframing,Dynamic Skill,1
Q_UI_U_0699,cukup_paham,figma,Dynamic Skill,2
Q_CYBE_0700,belum_paham,linux_basic,Dynamic Skill,0
Q_CYBE_0700,paham_dasar,networking_fundamental,Dynamic Skill,1
Q_CYBE_0700,cukup_paham,networking_fundamental,Dynamic Skill,2
Q_DATA_0701,belum_paham,sql_basic,Dynamic Skill,0
Q_DATA_0701,paham_dasar,sql_basic,Dynamic Skill,1
Q_DATA_0701,cukup_paham,python_basic,Dynamic Skill,2
Q_UI_U_0702,belum_paham,wireframing,Dynamic Skill,0
Q_UI_U_0702,paham_dasar,wireframing,Dynamic Skill,1
Q_UI_U_0702,cukup_paham,wireframing,Dynamic Skill,2
Q_DATA_0703,belum_paham,spreadsheet_basic,Dynamic Skill,0
Q_DATA_0703,paham_dasar,spreadsheet_basic,Dynamic Skill,1
Q_DATA_0703,cukup_paham,spreadsheet_basic,Dynamic Skill,2
Q_CYBE_0704,belum_paham,linux_basic,Dynamic Skill,0
Q_CYBE_0704,paham_dasar,networking_fundamental,Dynamic Skill,1
Q_CYBE_0704,cukup_paham,networking_fundamental,Dynamic Skill,2
Q_AI_M_0705,belum_paham,python_basic,Dynamic Skill,0
Q_AI_M_0705,paham_dasar,model_training,Dynamic Skill,1
Q_AI_M_0705,cukup_paham,model_training,Dynamic Skill,2
Q_WEB__0706,belum_paham,javascript_basic,Dynamic Skill,0
Q_WEB__0706,paham_dasar,javascript_basic,Dynamic Skill,1
Q_WEB__0706,cukup_paham,javascript_basic,Dynamic Skill,2
Q_AI_M_0707,belum_paham,python_basic,Dynamic Skill,0
Q_AI_M_0707,paham_dasar,model_training,Dynamic Skill,1
Q_AI_M_0707,cukup_paham,python_basic,Dynamic Skill,2
Q_CYBE_0708,belum_paham,networking_fundamental,Dynamic Skill,0
Q_CYBE_0708,paham_dasar,networking_fundamental,Dynamic Skill,1
Q_CYBE_0708,cukup_paham,linux_basic,Dynamic Skill,2
Q_DATA_0709,belum_paham,python_basic,Dynamic Skill,0
Q_DATA_0709,paham_dasar,spreadsheet_basic,Dynamic Skill,1
Q_DATA_0709,cukup_paham,spreadsheet_basic,Dynamic Skill,2
Q_CYBE_0710,belum_paham,networking_fundamental,Dynamic Skill,0
Q_CYBE_0710,paham_dasar,linux_basic,Dynamic Skill,1
Q_CYBE_0710,cukup_paham,linux_basic,Dynamic Skill,2
Q_DATA_0711,belum_paham,spreadsheet_basic,Dynamic Skill,0
Q_DATA_0711,paham_dasar,python_basic,Dynamic Skill,1
Q_DATA_0711,cukup_paham,sql_basic,Dynamic Skill,2
Q_CYBE_0712,belum_paham,networking_fundamental,Dynamic Skill,0
Q_CYBE_0712,paham_dasar,linux_basic,Dynamic Skill,1
Q_CYBE_0712,cukup_paham,log_analysis,Dynamic Skill,2
Q_DATA_0713,belum_paham,spreadsheet_basic,Dynamic Skill,0
Q_DATA_0713,paham_dasar,spreadsheet_basic,Dynamic Skill,1
Q_DATA_0713,cukup_paham,sql_basic,Dynamic Skill,2
Q_DATA_0714,belum_paham,spreadsheet_basic,Dynamic Skill,0
Q_DATA_0714,paham_dasar,python_basic,Dynamic Skill,1
Q_DATA_0714,cukup_paham,spreadsheet_basic,Dynamic Skill,2
Q_UI_U_0715,belum_paham,ui_principles,Dynamic Skill,0
Q_UI_U_0715,paham_dasar,figma,Dynamic Skill,1
Q_UI_U_0715,cukup_paham,ui_principles,Dynamic Skill,2
Q_UI_U_0716,belum_paham,wireframing,Dynamic Skill,0
Q_UI_U_0716,paham_dasar,wireframing,Dynamic Skill,1
Q_UI_U_0716,cukup_paham,ui_principles,Dynamic Skill,2
Q_WEB__0717,belum_paham,javascript_basic,Dynamic Skill,0
Q_WEB__0717,paham_dasar,css_basic,Dynamic Skill,1
Q_WEB__0717,cukup_paham,javascript_basic,Dynamic Skill,2
Q_CYBE_0718,belum_paham,linux_basic,Dynamic Skill,0
Q_CYBE_0718,paham_dasar,log_analysis,Dynamic Skill,1
Q_CYBE_0718,cukup_paham,linux_basic,Dynamic Skill,2
Q_UI_U_0719,belum_paham,figma,Dynamic Skill,0
Q_UI_U_0719,paham_dasar,figma,Dynamic Skill,1
Q_UI_U_0719,cukup_paham,wireframing,Dynamic Skill,2
Q_WEB__0720,belum_paham,html_basic,Dynamic Skill,0
Q_WEB__0720,paham_dasar,css_basic,Dynamic Skill,1
Q_WEB__0720,cukup_paham,css_basic,Dynamic Skill,2
Q_CYBE_0721,belum_paham,log_analysis,Dynamic Skill,0
Q_CYBE_0721,paham_dasar,networking_fundamental,Dynamic Skill,1
Q_CYBE_0721,cukup_paham,log_analysis,Dynamic Skill,2
Q_UI_U_0722,belum_paham,ui_principles,Dynamic Skill,0
Q_UI_U_0722,paham_dasar,ui_principles,Dynamic Skill,1
Q_UI_U_0722,cukup_paham,wireframing,Dynamic Skill,2
Q_CYBE_0723,belum_paham,linux_basic,Dynamic Skill,0
Q_CYBE_0723,paham_dasar,log_analysis,Dynamic Skill,1
Q_CYBE_0723,cukup_paham,networking_fundamental,Dynamic Skill,2
Q_UI_U_0724,belum_paham,wireframing,Dynamic Skill,0
Q_UI_U_0724,paham_dasar,wireframing,Dynamic Skill,1
Q_UI_U_0724,cukup_paham,ui_principles,Dynamic Skill,2
Q_CYBE_0725,belum_paham,linux_basic,Dynamic Skill,0
Q_CYBE_0725,paham_dasar,log_analysis,Dynamic Skill,1
Q_CYBE_0725,cukup_paham,networking_fundamental,Dynamic Skill,2
Q_AI_M_0726,belum_paham,model_training,Dynamic Skill,0
Q_AI_M_0726,paham_dasar,python_basic,Dynamic Skill,1
Q_AI_M_0726,cukup_paham,model_training,Dynamic Skill,2
Q_CYBE_0727,belum_paham,linux_basic,Dynamic Skill,0
Q_CYBE_0727,paham_dasar,networking_fundamental,Dynamic Skill,1
Q_CYBE_0727,cukup_paham,log_analysis,Dynamic Skill,2
Q_DATA_0728,belum_paham,python_basic,Dynamic Skill,0
Q_DATA_0728,paham_dasar,sql_basic,Dynamic Skill,1
Q_DATA_0728,cukup_paham,spreadsheet_basic,Dynamic Skill,2
Q_CYBE_0729,belum_paham,networking_fundamental,Dynamic Skill,0
Q_CYBE_0729,paham_dasar,linux_basic,Dynamic Skill,1
Q_CYBE_0729,cukup_paham,networking_fundamental,Dynamic Skill,2
Q_DATA_0730,belum_paham,sql_basic,Dynamic Skill,0
Q_DATA_0730,paham_dasar,spreadsheet_basic,Dynamic Skill,1
Q_DATA_0730,cukup_paham,python_basic,Dynamic Skill,2
Q_WEB__0731,belum_paham,css_basic,Dynamic Skill,0
Q_WEB__0731,paham_dasar,css_basic,Dynamic Skill,1
Q_WEB__0731,cukup_paham,css_basic,Dynamic Skill,2
Q_AI_M_0732,belum_paham,mlops,Dynamic Skill,0
Q_AI_M_0732,paham_dasar,mlops,Dynamic Skill,1
Q_AI_M_0732,cukup_paham,model_training,Dynamic Skill,2
Q_WEB__0733,belum_paham,html_basic,Dynamic Skill,0
Q_WEB__0733,paham_dasar,css_basic,Dynamic Skill,1
Q_WEB__0733,cukup_paham,html_basic,Dynamic Skill,2
Q_CYBE_0734,belum_paham,log_analysis,Dynamic Skill,0
Q_CYBE_0734,paham_dasar,log_analysis,Dynamic Skill,1
Q_CYBE_0734,cukup_paham,networking_fundamental,Dynamic Skill,2
Q_UI_U_0735,belum_paham,wireframing,Dynamic Skill,0
Q_UI_U_0735,paham_dasar,figma,Dynamic Skill,1
Q_UI_U_0735,cukup_paham,wireframing,Dynamic Skill,2
Q_DATA_0736,belum_paham,sql_basic,Dynamic Skill,0
Q_DATA_0736,paham_dasar,python_basic,Dynamic Skill,1
Q_DATA_0736,cukup_paham,python_basic,Dynamic Skill,2
Q_AI_M_0737,belum_paham,model_training,Dynamic Skill,0
Q_AI_M_0737,paham_dasar,model_training,Dynamic Skill,1
Q_AI_M_0737,cukup_paham,mlops,Dynamic Skill,2
Q_AI_M_0738,belum_paham,mlops,Dynamic Skill,0
Q_AI_M_0738,paham_dasar,python_basic,Dynamic Skill,1
Q_AI_M_0738,cukup_paham,mlops,Dynamic Skill,2
Q_DATA_0739,belum_paham,sql_basic,Dynamic Skill,0
Q_DATA_0739,paham_dasar,python_basic,Dynamic Skill,1
Q_DATA_0739,cukup_paham,python_basic,Dynamic Skill,2
Q_WEB__0740,belum_paham,javascript_basic,Dynamic Skill,0
Q_WEB__0740,paham_dasar,html_basic,Dynamic Skill,1
Q_WEB__0740,cukup_paham,css_basic,Dynamic Skill,2
Q_DATA_0741,belum_paham,sql_basic,Dynamic Skill,0
Q_DATA_0741,paham_dasar,python_basic,Dynamic Skill,1
Q_DATA_0741,cukup_paham,python_basic,Dynamic Skill,2
Q_WEB__0742,belum_paham,css_basic,Dynamic Skill,0
Q_WEB__0742,paham_dasar,html_basic,Dynamic Skill,1
Q_WEB__0742,cukup_paham,html_basic,Dynamic Skill,2
Q_DATA_0743,belum_paham,spreadsheet_basic,Dynamic Skill,0
Q_DATA_0743,paham_dasar,python_basic,Dynamic Skill,1
Q_DATA_0743,cukup_paham,sql_basic,Dynamic Skill,2
Q_DATA_0744,belum_paham,python_basic,Dynamic Skill,0
Q_DATA_0744,paham_dasar,sql_basic,Dynamic Skill,1
Q_DATA_0744,cukup_paham,sql_basic,Dynamic Skill,2
Q_UI_U_0745,belum_paham,ui_principles,Dynamic Skill,0
Q_UI_U_0745,paham_dasar,figma,Dynamic Skill,1
Q_UI_U_0745,cukup_paham,wireframing,Dynamic Skill,2
Q_CYBE_0746,belum_paham,networking_fundamental,Dynamic Skill,0
Q_CYBE_0746,paham_dasar,networking_fundamental,Dynamic Skill,1
Q_CYBE_0746,cukup_paham,log_analysis,Dynamic Skill,2
Q_DATA_0747,belum_paham,sql_basic,Dynamic Skill,0
Q_DATA_0747,paham_dasar,sql_basic,Dynamic Skill,1
Q_DATA_0747,cukup_paham,spreadsheet_basic,Dynamic Skill,2
Q_CYBE_0748,belum_paham,linux_basic,Dynamic Skill,0
Q_CYBE_0748,paham_dasar,log_analysis,Dynamic Skill,1
Q_CYBE_0748,cukup_paham,linux_basic,Dynamic Skill,2
Q_DATA_0749,belum_paham,python_basic,Dynamic Skill,0
Q_DATA_0749,paham_dasar,sql_basic,Dynamic Skill,1
Q_DATA_0749,cukup_paham,sql_basic,Dynamic Skill,2
Q_AI_M_0750,belum_paham,model_training,Dynamic Skill,0
Q_AI_M_0750,paham_dasar,model_training,Dynamic Skill,1
Q_AI_M_0750,cukup_paham,python_basic,Dynamic Skill,2
Q_AI_M_0751,belum_paham,model_training,Dynamic Skill,0
Q_AI_M_0751,paham_dasar,model_training,Dynamic Skill,1
Q_AI_M_0751,cukup_paham,mlops,Dynamic Skill,2
Q_UI_U_0752,belum_paham,wireframing,Dynamic Skill,0
Q_UI_U_0752,paham_dasar,wireframing,Dynamic Skill,1
Q_UI_U_0752,cukup_paham,ui_principles,Dynamic Skill,2
Q_UI_U_0753,belum_paham,figma,Dynamic Skill,0
Q_UI_U_0753,paham_dasar,wireframing,Dynamic Skill,1
Q_UI_U_0753,cukup_paham,figma,Dynamic Skill,2
Q_WEB__0754,belum_paham,html_basic,Dynamic Skill,0
Q_WEB__0754,paham_dasar,css_basic,Dynamic Skill,1
Q_WEB__0754,cukup_paham,javascript_basic,Dynamic Skill,2
Q_AI_M_0755,belum_paham,mlops,Dynamic Skill,0
Q_AI_M_0755,paham_dasar,model_training,Dynamic Skill,1
Q_AI_M_0755,cukup_paham,python_basic,Dynamic Skill,2
Q_AI_M_0756,belum_paham,model_training,Dynamic Skill,0
Q_AI_M_0756,paham_dasar,python_basic,Dynamic Skill,1
Q_AI_M_0756,cukup_paham,model_training,Dynamic Skill,2
Q_AI_M_0757,belum_paham,python_basic,Dynamic Skill,0
Q_AI_M_0757,paham_dasar,python_basic,Dynamic Skill,1
Q_AI_M_0757,cukup_paham,model_training,Dynamic Skill,2
Q_WEB__0758,belum_paham,css_basic,Dynamic Skill,0
Q_WEB__0758,paham_dasar,html_basic,Dynamic Skill,1
Q_WEB__0758,cukup_paham,html_basic,Dynamic Skill,2
Q_WEB__0759,belum_paham,javascript_basic,Dynamic Skill,0
Q_WEB__0759,paham_dasar,html_basic,Dynamic Skill,1
Q_WEB__0759,cukup_paham,html_basic,Dynamic Skill,2
Q_AI_M_0760,belum_paham,mlops,Dynamic Skill,0
Q_AI_M_0760,paham_dasar,python_basic,Dynamic Skill,1
Q_AI_M_0760,cukup_paham,model_training,Dynamic Skill,2
Q_AI_M_0761,belum_paham,mlops,Dynamic Skill,0
Q_AI_M_0761,paham_dasar,model_training,Dynamic Skill,1
Q_AI_M_0761,cukup_paham,mlops,Dynamic Skill,2
Q_CYBE_0762,belum_paham,linux_basic,Dynamic Skill,0
Q_CYBE_0762,paham_dasar,networking_fundamental,Dynamic Skill,1
Q_CYBE_0762,cukup_paham,linux_basic,Dynamic Skill,2
Q_AI_M_0763,belum_paham,model_training,Dynamic Skill,0
Q_AI_M_0763,paham_dasar,python_basic,Dynamic Skill,1
Q_AI_M_0763,cukup_paham,python_basic,Dynamic Skill,2
Q_DATA_0764,belum_paham,python_basic,Dynamic Skill,0
Q_DATA_0764,paham_dasar,spreadsheet_basic,Dynamic Skill,1
Q_DATA_0764,cukup_paham,sql_basic,Dynamic Skill,2
Q_UI_U_0765,belum_paham,wireframing,Dynamic Skill,0
Q_UI_U_0765,paham_dasar,ui_principles,Dynamic Skill,1
Q_UI_U_0765,cukup_paham,ui_principles,Dynamic Skill,2
Q_UI_U_0766,belum_paham,wireframing,Dynamic Skill,0
Q_UI_U_0766,paham_dasar,figma,Dynamic Skill,1
Q_UI_U_0766,cukup_paham,ui_principles,Dynamic Skill,2
Q_WEB__0767,belum_paham,html_basic,Dynamic Skill,0
Q_WEB__0767,paham_dasar,html_basic,Dynamic Skill,1
Q_WEB__0767,cukup_paham,css_basic,Dynamic Skill,2
Q_WEB__0768,belum_paham,javascript_basic,Dynamic Skill,0
Q_WEB__0768,paham_dasar,css_basic,Dynamic Skill,1
Q_WEB__0768,cukup_paham,javascript_basic,Dynamic Skill,2
Q_WEB__0769,belum_paham,css_basic,Dynamic Skill,0
Q_WEB__0769,paham_dasar,css_basic,Dynamic Skill,1
Q_WEB__0769,cukup_paham,css_basic,Dynamic Skill,2
Q_CYBE_0770,belum_paham,networking_fundamental,Dynamic Skill,0
Q_CYBE_0770,paham_dasar,networking_fundamental,Dynamic Skill,1
Q_CYBE_0770,cukup_paham,linux_basic,Dynamic Skill,2
Q_UI_U_0771,belum_paham,ui_principles,Dynamic Skill,0
Q_UI_U_0771,paham_dasar,figma,Dynamic Skill,1
Q_UI_U_0771,cukup_paham,wireframing,Dynamic Skill,2
Q_UI_U_0772,belum_paham,wireframing,Dynamic Skill,0
Q_UI_U_0772,paham_dasar,wireframing,Dynamic Skill,1
Q_UI_U_0772,cukup_paham,wireframing,Dynamic Skill,2
Q_AI_M_0773,belum_paham,mlops,Dynamic Skill,0
Q_AI_M_0773,paham_dasar,model_training,Dynamic Skill,1
Q_AI_M_0773,cukup_paham,mlops,Dynamic Skill,2
Q_CYBE_0774,belum_paham,log_analysis,Dynamic Skill,0
Q_CYBE_0774,paham_dasar,networking_fundamental,Dynamic Skill,1
Q_CYBE_0774,cukup_paham,log_analysis,Dynamic Skill,2
Q_UI_U_0775,belum_paham,wireframing,Dynamic Skill,0
Q_UI_U_0775,paham_dasar,figma,Dynamic Skill,1
Q_UI_U_0775,cukup_paham,wireframing,Dynamic Skill,2
Q_CYBE_0776,belum_paham,networking_fundamental,Dynamic Skill,0
Q_CYBE_0776,paham_dasar,log_analysis,Dynamic Skill,1
Q_CYBE_0776,cukup_paham,networking_fundamental,Dynamic Skill,2
Q_WEB__0777,belum_paham,javascript_basic,Dynamic Skill,0
Q_WEB__0777,paham_dasar,html_basic,Dynamic Skill,1
Q_WEB__0777,cukup_paham,css_basic,Dynamic Skill,2
Q_DATA_0778,belum_paham,python_basic,Dynamic Skill,0
Q_DATA_0778,paham_dasar,python_basic,Dynamic Skill,1
Q_DATA_0778,cukup_paham,spreadsheet_basic,Dynamic Skill,2
Q_DATA_0779,belum_paham,spreadsheet_basic,Dynamic Skill,0
Q_DATA_0779,paham_dasar,sql_basic,Dynamic Skill,1
Q_DATA_0779,cukup_paham,sql_basic,Dynamic Skill,2
Q_DATA_0780,belum_paham,python_basic,Dynamic Skill,0
Q_DATA_0780,paham_dasar,spreadsheet_basic,Dynamic Skill,1
Q_DATA_0780,cukup_paham,sql_basic,Dynamic Skill,2
Q_UI_U_0781,belum_paham,wireframing,Dynamic Skill,0
Q_UI_U_0781,paham_dasar,ui_principles,Dynamic Skill,1
Q_UI_U_0781,cukup_paham,ui_principles,Dynamic Skill,2
Q_AI_M_0782,belum_paham,model_training,Dynamic Skill,0
Q_AI_M_0782,paham_dasar,python_basic,Dynamic Skill,1
Q_AI_M_0782,cukup_paham,mlops,Dynamic Skill,2
Q_AI_M_0783,belum_paham,python_basic,Dynamic Skill,0
Q_AI_M_0783,paham_dasar,mlops,Dynamic Skill,1
Q_AI_M_0783,cukup_paham,model_training,Dynamic Skill,2
Q_AI_M_0784,belum_paham,model_training,Dynamic Skill,0
Q_AI_M_0784,paham_dasar,python_basic,Dynamic Skill,1
Q_AI_M_0784,cukup_paham,mlops,Dynamic Skill,2
Q_AI_M_0785,belum_paham,mlops,Dynamic Skill,0
Q_AI_M_0785,paham_dasar,model_training,Dynamic Skill,1
Q_AI_M_0785,cukup_paham,mlops,Dynamic Skill,2
Q_UI_U_0786,belum_paham,wireframing,Dynamic Skill,0
Q_UI_U_0786,paham_dasar,ui_principles,Dynamic Skill,1
Q_UI_U_0786,cukup_paham,wireframing,Dynamic Skill,2
Q_AI_M_0787,belum_paham,mlops,Dynamic Skill,0
Q_AI_M_0787,paham_dasar,model_training,Dynamic Skill,1
Q_AI_M_0787,cukup_paham,python_basic,Dynamic Skill,2
Q_WEB__0788,belum_paham,css_basic,Dynamic Skill,0
Q_WEB__0788,paham_dasar,html_basic,Dynamic Skill,1
Q_WEB__0788,cukup_paham,javascript_basic,Dynamic Skill,2
Q_CYBE_0789,belum_paham,linux_basic,Dynamic Skill,0
Q_CYBE_0789,paham_dasar,networking_fundamental,Dynamic Skill,1
Q_CYBE_0789,cukup_paham,linux_basic,Dynamic Skill,2
Q_AI_M_0790,belum_paham,python_basic,Dynamic Skill,0
Q_AI_M_0790,paham_dasar,mlops,Dynamic Skill,1
Q_AI_M_0790,cukup_paham,mlops,Dynamic Skill,2
Q_AI_M_0791,belum_paham,mlops,Dynamic Skill,0
Q_AI_M_0791,paham_dasar,model_training,Dynamic Skill,1
Q_AI_M_0791,cukup_paham,python_basic,Dynamic Skill,2
Q_WEB__0792,belum_paham,html_basic,Dynamic Skill,0
Q_WEB__0792,paham_dasar,html_basic,Dynamic Skill,1
Q_WEB__0792,cukup_paham,javascript_basic,Dynamic Skill,2
Q_UI_U_0793,belum_paham,wireframing,Dynamic Skill,0
Q_UI_U_0793,paham_dasar,ui_principles,Dynamic Skill,1
Q_UI_U_0793,cukup_paham,figma,Dynamic Skill,2
Q_UI_U_0794,belum_paham,wireframing,Dynamic Skill,0
Q_UI_U_0794,paham_dasar,wireframing,Dynamic Skill,1
Q_UI_U_0794,cukup_paham,figma,Dynamic Skill,2
Q_WEB__0795,belum_paham,css_basic,Dynamic Skill,0
Q_WEB__0795,paham_dasar,html_basic,Dynamic Skill,1
Q_WEB__0795,cukup_paham,css_basic,Dynamic Skill,2
Q_UI_U_0796,belum_paham,wireframing,Dynamic Skill,0
Q_UI_U_0796,paham_dasar,ui_principles,Dynamic Skill,1
Q_UI_U_0796,cukup_paham,ui_principles,Dynamic Skill,2
Q_WEB__0797,belum_paham,javascript_basic,Dynamic Skill,0
Q_WEB__0797,paham_dasar,html_basic,Dynamic Skill,1
Q_WEB__0797,cukup_paham,javascript_basic,Dynamic Skill,2
Q_AI_M_0798,belum_paham,mlops,Dynamic Skill,0
Q_AI_M_0798,paham_dasar,mlops,Dynamic Skill,1
Q_AI_M_0798,cukup_paham,model_training,Dynamic Skill,2
Q_AI_M_0799,belum_paham,python_basic,Dynamic Skill,0
Q_AI_M_0799,paham_dasar,python_basic,Dynamic Skill,1
Q_AI_M_0799,cukup_paham,mlops,Dynamic Skill,2
Q_DATA_0800,belum_paham,spreadsheet_basic,Dynamic Skill,0
Q_DATA_0800,paham_dasar,spreadsheet_basic,Dynamic Skill,1
Q_DATA_0800,cukup_paham,sql_basic,Dynamic Skill,2
Q_WEB__0801,belum_paham,css_basic,Dynamic Skill,0
Q_WEB__0801,paham_dasar,html_basic,Dynamic Skill,1
Q_WEB__0801,cukup_paham,javascript_basic,Dynamic Skill,2
Q_CYBE_0802,belum_paham,networking_fundamental,Dynamic Skill,0
Q_CYBE_0802,paham_dasar,networking_fundamental,Dynamic Skill,1
Q_CYBE_0802,cukup_paham,linux_basic,Dynamic Skill,2
Q_CYBE_0803,belum_paham,networking_fundamental,Dynamic Skill,0
Q_CYBE_0803,paham_dasar,networking_fundamental,Dynamic Skill,1
Q_CYBE_0803,cukup_paham,linux_basic,Dynamic Skill,2
Q_DATA_0804,belum_paham,sql_basic,Dynamic Skill,0
Q_DATA_0804,paham_dasar,sql_basic,Dynamic Skill,1
Q_DATA_0804,cukup_paham,python_basic,Dynamic Skill,2
Q_UI_U_0805,belum_paham,wireframing,Dynamic Skill,0
Q_UI_U_0805,paham_dasar,wireframing,Dynamic Skill,1
Q_UI_U_0805,cukup_paham,figma,Dynamic Skill,2
Q_WEB__0806,belum_paham,html_basic,Dynamic Skill,0
Q_WEB__0806,paham_dasar,javascript_basic,Dynamic Skill,1
Q_WEB__0806,cukup_paham,css_basic,Dynamic Skill,2
Q_AI_M_0807,belum_paham,model_training,Dynamic Skill,0
Q_AI_M_0807,paham_dasar,model_training,Dynamic Skill,1
Q_AI_M_0807,cukup_paham,mlops,Dynamic Skill,2
Q_WEB__0808,belum_paham,css_basic,Dynamic Skill,0
Q_WEB__0808,paham_dasar,javascript_basic,Dynamic Skill,1
Q_WEB__0808,cukup_paham,javascript_basic,Dynamic Skill,2
Q_WEB__0809,belum_paham,html_basic,Dynamic Skill,0
Q_WEB__0809,paham_dasar,javascript_basic,Dynamic Skill,1
Q_WEB__0809,cukup_paham,html_basic,Dynamic Skill,2
Q_WEB__0810,belum_paham,javascript_basic,Dynamic Skill,0
Q_WEB__0810,paham_dasar,css_basic,Dynamic Skill,1
Q_WEB__0810,cukup_paham,javascript_basic,Dynamic Skill,2
Q_DATA_0811,belum_paham,sql_basic,Dynamic Skill,0
Q_DATA_0811,paham_dasar,python_basic,Dynamic Skill,1
Q_DATA_0811,cukup_paham,spreadsheet_basic,Dynamic Skill,2
Q_WEB__0812,belum_paham,html_basic,Dynamic Skill,0
Q_WEB__0812,paham_dasar,css_basic,Dynamic Skill,1
Q_WEB__0812,cukup_paham,css_basic,Dynamic Skill,2
Q_CYBE_0813,belum_paham,linux_basic,Dynamic Skill,0
Q_CYBE_0813,paham_dasar,linux_basic,Dynamic Skill,1
Q_CYBE_0813,cukup_paham,linux_basic,Dynamic Skill,2
Q_DATA_0814,belum_paham,spreadsheet_basic,Dynamic Skill,0
Q_DATA_0814,paham_dasar,python_basic,Dynamic Skill,1
Q_DATA_0814,cukup_paham,spreadsheet_basic,Dynamic Skill,2
Q_DATA_0815,belum_paham,spreadsheet_basic,Dynamic Skill,0
Q_DATA_0815,paham_dasar,python_basic,Dynamic Skill,1
Q_DATA_0815,cukup_paham,python_basic,Dynamic Skill,2
Q_AI_M_0816,belum_paham,python_basic,Dynamic Skill,0
Q_AI_M_0816,paham_dasar,python_basic,Dynamic Skill,1
Q_AI_M_0816,cukup_paham,mlops,Dynamic Skill,2
Q_DATA_0817,belum_paham,sql_basic,Dynamic Skill,0
Q_DATA_0817,paham_dasar,spreadsheet_basic,Dynamic Skill,1
Q_DATA_0817,cukup_paham,sql_basic,Dynamic Skill,2
Q_UI_U_0818,belum_paham,wireframing,Dynamic Skill,0
Q_UI_U_0818,paham_dasar,figma,Dynamic Skill,1
Q_UI_U_0818,cukup_paham,wireframing,Dynamic Skill,2
Q_AI_M_0819,belum_paham,python_basic,Dynamic Skill,0
Q_AI_M_0819,paham_dasar,python_basic,Dynamic Skill,1
Q_AI_M_0819,cukup_paham,model_training,Dynamic Skill,2
Q_WEB__0820,belum_paham,css_basic,Dynamic Skill,0
Q_WEB__0820,paham_dasar,html_basic,Dynamic Skill,1
Q_WEB__0820,cukup_paham,html_basic,Dynamic Skill,2
Q_WEB__0821,belum_paham,css_basic,Dynamic Skill,0
Q_WEB__0821,paham_dasar,javascript_basic,Dynamic Skill,1
Q_WEB__0821,cukup_paham,css_basic,Dynamic Skill,2
Q_UI_U_0822,belum_paham,figma,Dynamic Skill,0
Q_UI_U_0822,paham_dasar,wireframing,Dynamic Skill,1
Q_UI_U_0822,cukup_paham,wireframing,Dynamic Skill,2
Q_DATA_0823,belum_paham,spreadsheet_basic,Dynamic Skill,0
Q_DATA_0823,paham_dasar,spreadsheet_basic,Dynamic Skill,1
Q_DATA_0823,cukup_paham,spreadsheet_basic,Dynamic Skill,2
Q_WEB__0824,belum_paham,css_basic,Dynamic Skill,0
Q_WEB__0824,paham_dasar,javascript_basic,Dynamic Skill,1
Q_WEB__0824,cukup_paham,html_basic,Dynamic Skill,2
Q_AI_M_0825,belum_paham,mlops,Dynamic Skill,0
Q_AI_M_0825,paham_dasar,model_training,Dynamic Skill,1
Q_AI_M_0825,cukup_paham,model_training,Dynamic Skill,2
Q_CYBE_0826,belum_paham,log_analysis,Dynamic Skill,0
Q_CYBE_0826,paham_dasar,log_analysis,Dynamic Skill,1
Q_CYBE_0826,cukup_paham,networking_fundamental,Dynamic Skill,2
Q_CYBE_0827,belum_paham,log_analysis,Dynamic Skill,0
Q_CYBE_0827,paham_dasar,linux_basic,Dynamic Skill,1
Q_CYBE_0827,cukup_paham,log_analysis,Dynamic Skill,2
Q_AI_M_0828,belum_paham,mlops,Dynamic Skill,0
Q_AI_M_0828,paham_dasar,mlops,Dynamic Skill,1
Q_AI_M_0828,cukup_paham,model_training,Dynamic Skill,2
Q_AI_M_0829,belum_paham,mlops,Dynamic Skill,0
Q_AI_M_0829,paham_dasar,model_training,Dynamic Skill,1
Q_AI_M_0829,cukup_paham,model_training,Dynamic Skill,2
Q_DATA_0830,belum_paham,python_basic,Dynamic Skill,0
Q_DATA_0830,paham_dasar,sql_basic,Dynamic Skill,1
Q_DATA_0830,cukup_paham,python_basic,Dynamic Skill,2
Q_UI_U_0831,belum_paham,wireframing,Dynamic Skill,0
Q_UI_U_0831,paham_dasar,figma,Dynamic Skill,1
Q_UI_U_0831,cukup_paham,ui_principles,Dynamic Skill,2
Q_CYBE_0832,belum_paham,linux_basic,Dynamic Skill,0
Q_CYBE_0832,paham_dasar,log_analysis,Dynamic Skill,1
Q_CYBE_0832,cukup_paham,log_analysis,Dynamic Skill,2
Q_AI_M_0833,belum_paham,mlops,Dynamic Skill,0
Q_AI_M_0833,paham_dasar,model_training,Dynamic Skill,1
Q_AI_M_0833,cukup_paham,model_training,Dynamic Skill,2
Q_CYBE_0834,belum_paham,log_analysis,Dynamic Skill,0
Q_CYBE_0834,paham_dasar,linux_basic,Dynamic Skill,1
Q_CYBE_0834,cukup_paham,log_analysis,Dynamic Skill,2
Q_DATA_0835,belum_paham,sql_basic,Dynamic Skill,0
Q_DATA_0835,paham_dasar,python_basic,Dynamic Skill,1
Q_DATA_0835,cukup_paham,python_basic,Dynamic Skill,2
Q_DATA_0836,belum_paham,sql_basic,Dynamic Skill,0
Q_DATA_0836,paham_dasar,spreadsheet_basic,Dynamic Skill,1
Q_DATA_0836,cukup_paham,python_basic,Dynamic Skill,2
Q_DATA_0837,belum_paham,sql_basic,Dynamic Skill,0
Q_DATA_0837,paham_dasar,sql_basic,Dynamic Skill,1
Q_DATA_0837,cukup_paham,sql_basic,Dynamic Skill,2
Q_WEB__0838,belum_paham,css_basic,Dynamic Skill,0
Q_WEB__0838,paham_dasar,html_basic,Dynamic Skill,1
Q_WEB__0838,cukup_paham,html_basic,Dynamic Skill,2
Q_WEB__0839,belum_paham,css_basic,Dynamic Skill,0
Q_WEB__0839,paham_dasar,html_basic,Dynamic Skill,1
Q_WEB__0839,cukup_paham,html_basic,Dynamic Skill,2
Q_DATA_0840,belum_paham,spreadsheet_basic,Dynamic Skill,0
Q_DATA_0840,paham_dasar,spreadsheet_basic,Dynamic Skill,1
Q_DATA_0840,cukup_paham,spreadsheet_basic,Dynamic Skill,2
Q_UI_U_0841,belum_paham,figma,Dynamic Skill,0
Q_UI_U_0841,paham_dasar,ui_principles,Dynamic Skill,1
Q_UI_U_0841,cukup_paham,wireframing,Dynamic Skill,2
Q_CYBE_0842,belum_paham,linux_basic,Dynamic Skill,0
Q_CYBE_0842,paham_dasar,log_analysis,Dynamic Skill,1
Q_CYBE_0842,cukup_paham,log_analysis,Dynamic Skill,2
Q_DATA_0843,belum_paham,sql_basic,Dynamic Skill,0
Q_DATA_0843,paham_dasar,python_basic,Dynamic Skill,1
Q_DATA_0843,cukup_paham,python_basic,Dynamic Skill,2
Q_DATA_0844,belum_paham,python_basic,Dynamic Skill,0
Q_DATA_0844,paham_dasar,sql_basic,Dynamic Skill,1
Q_DATA_0844,cukup_paham,spreadsheet_basic,Dynamic Skill,2
Q_AI_M_0845,belum_paham,mlops,Dynamic Skill,0
Q_AI_M_0845,paham_dasar,mlops,Dynamic Skill,1
Q_AI_M_0845,cukup_paham,model_training,Dynamic Skill,2
Q_WEB__0846,belum_paham,html_basic,Dynamic Skill,0
Q_WEB__0846,paham_dasar,html_basic,Dynamic Skill,1
Q_WEB__0846,cukup_paham,javascript_basic,Dynamic Skill,2
Q_DATA_0847,belum_paham,sql_basic,Dynamic Skill,0
Q_DATA_0847,paham_dasar,spreadsheet_basic,Dynamic Skill,1
Q_DATA_0847,cukup_paham,sql_basic,Dynamic Skill,2
Q_UI_U_0848,belum_paham,ui_principles,Dynamic Skill,0
Q_UI_U_0848,paham_dasar,figma,Dynamic Skill,1
Q_UI_U_0848,cukup_paham,figma,Dynamic Skill,2
Q_WEB__0849,belum_paham,javascript_basic,Dynamic Skill,0
Q_WEB__0849,paham_dasar,css_basic,Dynamic Skill,1
Q_WEB__0849,cukup_paham,css_basic,Dynamic Skill,2
Q_UI_U_0850,belum_paham,wireframing,Dynamic Skill,0
Q_UI_U_0850,paham_dasar,figma,Dynamic Skill,1
Q_UI_U_0850,cukup_paham,ui_principles,Dynamic Skill,2
Q_WEB__0851,belum_paham,css_basic,Dynamic Skill,0
Q_WEB__0851,paham_dasar,html_basic,Dynamic Skill,1
Q_WEB__0851,cukup_paham,javascript_basic,Dynamic Skill,2
Q_AI_M_0852,belum_paham,python_basic,Dynamic Skill,0
Q_AI_M_0852,paham_dasar,model_training,Dynamic Skill,1
Q_AI_M_0852,cukup_paham,model_training,Dynamic Skill,2
Q_WEB__0853,belum_paham,html_basic,Dynamic Skill,0
Q_WEB__0853,paham_dasar,css_basic,Dynamic Skill,1
Q_WEB__0853,cukup_paham,javascript_basic,Dynamic Skill,2
Q_UI_U_0854,belum_paham,figma,Dynamic Skill,0
Q_UI_U_0854,paham_dasar,ui_principles,Dynamic Skill,1
Q_UI_U_0854,cukup_paham,wireframing,Dynamic Skill,2
Q_AI_M_0855,belum_paham,model_training,Dynamic Skill,0
Q_AI_M_0855,paham_dasar,model_training,Dynamic Skill,1
Q_AI_M_0855,cukup_paham,model_training,Dynamic Skill,2
Q_UI_U_0856,belum_paham,wireframing,Dynamic Skill,0
Q_UI_U_0856,paham_dasar,wireframing,Dynamic Skill,1
Q_UI_U_0856,cukup_paham,wireframing,Dynamic Skill,2
Q_AI_M_0857,belum_paham,python_basic,Dynamic Skill,0
Q_AI_M_0857,paham_dasar,mlops,Dynamic Skill,1
Q_AI_M_0857,cukup_paham,mlops,Dynamic Skill,2
Q_DATA_0858,belum_paham,spreadsheet_basic,Dynamic Skill,0
Q_DATA_0858,paham_dasar,sql_basic,Dynamic Skill,1
Q_DATA_0858,cukup_paham,spreadsheet_basic,Dynamic Skill,2
Q_CYBE_0859,belum_paham,log_analysis,Dynamic Skill,0
Q_CYBE_0859,paham_dasar,linux_basic,Dynamic Skill,1
Q_CYBE_0859,cukup_paham,networking_fundamental,Dynamic Skill,2
Q_UI_U_0860,belum_paham,ui_principles,Dynamic Skill,0
Q_UI_U_0860,paham_dasar,wireframing,Dynamic Skill,1
Q_UI_U_0860,cukup_paham,ui_principles,Dynamic Skill,2
Q_WEB__0861,belum_paham,css_basic,Dynamic Skill,0
Q_WEB__0861,paham_dasar,html_basic,Dynamic Skill,1
Q_WEB__0861,cukup_paham,javascript_basic,Dynamic Skill,2
Q_CYBE_0862,belum_paham,networking_fundamental,Dynamic Skill,0
Q_CYBE_0862,paham_dasar,log_analysis,Dynamic Skill,1
Q_CYBE_0862,cukup_paham,log_analysis,Dynamic Skill,2
Q_DATA_0863,belum_paham,sql_basic,Dynamic Skill,0
Q_DATA_0863,paham_dasar,python_basic,Dynamic Skill,1
Q_DATA_0863,cukup_paham,sql_basic,Dynamic Skill,2
Q_WEB__0864,belum_paham,javascript_basic,Dynamic Skill,0
Q_WEB__0864,paham_dasar,css_basic,Dynamic Skill,1
Q_WEB__0864,cukup_paham,css_basic,Dynamic Skill,2
Q_AI_M_0865,belum_paham,python_basic,Dynamic Skill,0
Q_AI_M_0865,paham_dasar,mlops,Dynamic Skill,1
Q_AI_M_0865,cukup_paham,model_training,Dynamic Skill,2
Q_UI_U_0866,belum_paham,figma,Dynamic Skill,0
Q_UI_U_0866,paham_dasar,wireframing,Dynamic Skill,1
Q_UI_U_0866,cukup_paham,ui_principles,Dynamic Skill,2
Q_DATA_0867,belum_paham,sql_basic,Dynamic Skill,0
Q_DATA_0867,paham_dasar,sql_basic,Dynamic Skill,1
Q_DATA_0867,cukup_paham,sql_basic,Dynamic Skill,2
Q_CYBE_0868,belum_paham,log_analysis,Dynamic Skill,0
Q_CYBE_0868,paham_dasar,linux_basic,Dynamic Skill,1
Q_CYBE_0868,cukup_paham,linux_basic,Dynamic Skill,2
Q_DATA_0869,belum_paham,python_basic,Dynamic Skill,0
Q_DATA_0869,paham_dasar,sql_basic,Dynamic Skill,1
Q_DATA_0869,cukup_paham,spreadsheet_basic,Dynamic Skill,2
Q_WEB__0870,belum_paham,css_basic,Dynamic Skill,0
Q_WEB__0870,paham_dasar,javascript_basic,Dynamic Skill,1
Q_WEB__0870,cukup_paham,javascript_basic,Dynamic Skill,2
Q_UI_U_0871,belum_paham,ui_principles,Dynamic Skill,0
Q_UI_U_0871,paham_dasar,wireframing,Dynamic Skill,1
Q_UI_U_0871,cukup_paham,figma,Dynamic Skill,2
Q_CYBE_0872,belum_paham,networking_fundamental,Dynamic Skill,0
Q_CYBE_0872,paham_dasar,log_analysis,Dynamic Skill,1
Q_CYBE_0872,cukup_paham,log_analysis,Dynamic Skill,2
Q_AI_M_0873,belum_paham,model_training,Dynamic Skill,0
Q_AI_M_0873,paham_dasar,python_basic,Dynamic Skill,1
Q_AI_M_0873,cukup_paham,mlops,Dynamic Skill,2
Q_UI_U_0874,belum_paham,figma,Dynamic Skill,0
Q_UI_U_0874,paham_dasar,figma,Dynamic Skill,1
Q_UI_U_0874,cukup_paham,ui_principles,Dynamic Skill,2
Q_UI_U_0875,belum_paham,ui_principles,Dynamic Skill,0
Q_UI_U_0875,paham_dasar,wireframing,Dynamic Skill,1
Q_UI_U_0875,cukup_paham,figma,Dynamic Skill,2
Q_AI_M_0876,belum_paham,python_basic,Dynamic Skill,0
Q_AI_M_0876,paham_dasar,model_training,Dynamic Skill,1
Q_AI_M_0876,cukup_paham,model_training,Dynamic Skill,2
Q_WEB__0877,belum_paham,javascript_basic,Dynamic Skill,0
Q_WEB__0877,paham_dasar,javascript_basic,Dynamic Skill,1
Q_WEB__0877,cukup_paham,css_basic,Dynamic Skill,2
Q_CYBE_0878,belum_paham,linux_basic,Dynamic Skill,0
Q_CYBE_0878,paham_dasar,linux_basic,Dynamic Skill,1
Q_CYBE_0878,cukup_paham,log_analysis,Dynamic Skill,2
Q_WEB__0879,belum_paham,html_basic,Dynamic Skill,0
Q_WEB__0879,paham_dasar,html_basic,Dynamic Skill,1
Q_WEB__0879,cukup_paham,css_basic,Dynamic Skill,2
Q_CYBE_0880,belum_paham,log_analysis,Dynamic Skill,0
Q_CYBE_0880,paham_dasar,linux_basic,Dynamic Skill,1
Q_CYBE_0880,cukup_paham,linux_basic,Dynamic Skill,2
Q_CYBE_0881,belum_paham,log_analysis,Dynamic Skill,0
Q_CYBE_0881,paham_dasar,linux_basic,Dynamic Skill,1
Q_CYBE_0881,cukup_paham,linux_basic,Dynamic Skill,2
Q_AI_M_0882,belum_paham,model_training,Dynamic Skill,0
Q_AI_M_0882,paham_dasar,model_training,Dynamic Skill,1
Q_AI_M_0882,cukup_paham,mlops,Dynamic Skill,2
Q_WEB__0883,belum_paham,css_basic,Dynamic Skill,0
Q_WEB__0883,paham_dasar,javascript_basic,Dynamic Skill,1
Q_WEB__0883,cukup_paham,html_basic,Dynamic Skill,2
Q_UI_U_0884,belum_paham,figma,Dynamic Skill,0
Q_UI_U_0884,paham_dasar,wireframing,Dynamic Skill,1
Q_UI_U_0884,cukup_paham,ui_principles,Dynamic Skill,2
Q_CYBE_0885,belum_paham,linux_basic,Dynamic Skill,0
Q_CYBE_0885,paham_dasar,networking_fundamental,Dynamic Skill,1
Q_CYBE_0885,cukup_paham,log_analysis,Dynamic Skill,2
Q_AI_M_0886,belum_paham,model_training,Dynamic Skill,0
Q_AI_M_0886,paham_dasar,model_training,Dynamic Skill,1
Q_AI_M_0886,cukup_paham,model_training,Dynamic Skill,2
Q_WEB__0887,belum_paham,html_basic,Dynamic Skill,0
Q_WEB__0887,paham_dasar,css_basic,Dynamic Skill,1
Q_WEB__0887,cukup_paham,css_basic,Dynamic Skill,2
Q_AI_M_0888,belum_paham,python_basic,Dynamic Skill,0
Q_AI_M_0888,paham_dasar,model_training,Dynamic Skill,1
Q_AI_M_0888,cukup_paham,model_training,Dynamic Skill,2
Q_AI_M_0889,belum_paham,mlops,Dynamic Skill,0
Q_AI_M_0889,paham_dasar,model_training,Dynamic Skill,1
Q_AI_M_0889,cukup_paham,mlops,Dynamic Skill,2
Q_WEB__0890,belum_paham,css_basic,Dynamic Skill,0
Q_WEB__0890,paham_dasar,css_basic,Dynamic Skill,1
Q_WEB__0890,cukup_paham,html_basic,Dynamic Skill,2
Q_CYBE_0891,belum_paham,linux_basic,Dynamic Skill,0
Q_CYBE_0891,paham_dasar,log_analysis,Dynamic Skill,1
Q_CYBE_0891,cukup_paham,linux_basic,Dynamic Skill,2
Q_AI_M_0892,belum_paham,mlops,Dynamic Skill,0
Q_AI_M_0892,paham_dasar,python_basic,Dynamic Skill,1
Q_AI_M_0892,cukup_paham,mlops,Dynamic Skill,2
Q_AI_M_0893,belum_paham,mlops,Dynamic Skill,0
Q_AI_M_0893,paham_dasar,model_training,Dynamic Skill,1
Q_AI_M_0893,cukup_paham,python_basic,Dynamic Skill,2
Q_UI_U_0894,belum_paham,ui_principles,Dynamic Skill,0
Q_UI_U_0894,paham_dasar,figma,Dynamic Skill,1
Q_UI_U_0894,cukup_paham,ui_principles,Dynamic Skill,2
Q_AI_M_0895,belum_paham,python_basic,Dynamic Skill,0
Q_AI_M_0895,paham_dasar,mlops,Dynamic Skill,1
Q_AI_M_0895,cukup_paham,mlops,Dynamic Skill,2
Q_DATA_0896,belum_paham,spreadsheet_basic,Dynamic Skill,0
Q_DATA_0896,paham_dasar,spreadsheet_basic,Dynamic Skill,1
Q_DATA_0896,cukup_paham,python_basic,Dynamic Skill,2
Q_WEB__0897,belum_paham,css_basic,Dynamic Skill,0
Q_WEB__0897,paham_dasar,html_basic,Dynamic Skill,1
Q_WEB__0897,cukup_paham,css_basic,Dynamic Skill,2
Q_AI_M_0898,belum_paham,mlops,Dynamic Skill,0
Q_AI_M_0898,paham_dasar,python_basic,Dynamic Skill,1
Q_AI_M_0898,cukup_paham,model_training,Dynamic Skill,2
Q_UI_U_0899,belum_paham,wireframing,Dynamic Skill,0
Q_UI_U_0899,paham_dasar,ui_principles,Dynamic Skill,1
Q_UI_U_0899,cukup_paham,figma,Dynamic Skill,2
Q_WEB__0900,belum_paham,javascript_basic,Dynamic Skill,0
Q_WEB__0900,paham_dasar,javascript_basic,Dynamic Skill,1
Q_WEB__0900,cukup_paham,css_basic,Dynamic Skill,2
Q_CYBE_0901,belum_paham,linux_basic,Dynamic Skill,0
Q_CYBE_0901,paham_dasar,log_analysis,Dynamic Skill,1
Q_CYBE_0901,cukup_paham,networking_fundamental,Dynamic Skill,2
Q_WEB__0902,belum_paham,html_basic,Dynamic Skill,0
Q_WEB__0902,paham_dasar,javascript_basic,Dynamic Skill,1
Q_WEB__0902,cukup_paham,javascript_basic,Dynamic Skill,2
Q_UI_U_0903,belum_paham,figma,Dynamic Skill,0
Q_UI_U_0903,paham_dasar,ui_principles,Dynamic Skill,1
Q_UI_U_0903,cukup_paham,ui_principles,Dynamic Skill,2
Q_DATA_0904,belum_paham,spreadsheet_basic,Dynamic Skill,0
Q_DATA_0904,paham_dasar,spreadsheet_basic,Dynamic Skill,1
Q_DATA_0904,cukup_paham,sql_basic,Dynamic Skill,2
Q_CYBE_0905,belum_paham,log_analysis,Dynamic Skill,0
Q_CYBE_0905,paham_dasar,log_analysis,Dynamic Skill,1
Q_CYBE_0905,cukup_paham,linux_basic,Dynamic Skill,2
Q_WEB__0906,belum_paham,javascript_basic,Dynamic Skill,0
Q_WEB__0906,paham_dasar,css_basic,Dynamic Skill,1
Q_WEB__0906,cukup_paham,html_basic,Dynamic Skill,2
Q_DATA_0907,belum_paham,python_basic,Dynamic Skill,0
Q_DATA_0907,paham_dasar,spreadsheet_basic,Dynamic Skill,1
Q_DATA_0907,cukup_paham,spreadsheet_basic,Dynamic Skill,2
Q_UI_U_0908,belum_paham,ui_principles,Dynamic Skill,0
Q_UI_U_0908,paham_dasar,ui_principles,Dynamic Skill,1
Q_UI_U_0908,cukup_paham,ui_principles,Dynamic Skill,2
Q_DATA_0909,belum_paham,sql_basic,Dynamic Skill,0
Q_DATA_0909,paham_dasar,python_basic,Dynamic Skill,1
Q_DATA_0909,cukup_paham,sql_basic,Dynamic Skill,2
Q_DATA_0910,belum_paham,python_basic,Dynamic Skill,0
Q_DATA_0910,paham_dasar,spreadsheet_basic,Dynamic Skill,1
Q_DATA_0910,cukup_paham,spreadsheet_basic,Dynamic Skill,2
Q_DATA_0911,belum_paham,sql_basic,Dynamic Skill,0
Q_DATA_0911,paham_dasar,python_basic,Dynamic Skill,1
Q_DATA_0911,cukup_paham,spreadsheet_basic,Dynamic Skill,2
Q_CYBE_0912,belum_paham,linux_basic,Dynamic Skill,0
Q_CYBE_0912,paham_dasar,log_analysis,Dynamic Skill,1
Q_CYBE_0912,cukup_paham,linux_basic,Dynamic Skill,2
Q_AI_M_0913,belum_paham,mlops,Dynamic Skill,0
Q_AI_M_0913,paham_dasar,mlops,Dynamic Skill,1
Q_AI_M_0913,cukup_paham,mlops,Dynamic Skill,2
Q_WEB__0914,belum_paham,javascript_basic,Dynamic Skill,0
Q_WEB__0914,paham_dasar,html_basic,Dynamic Skill,1
Q_WEB__0914,cukup_paham,html_basic,Dynamic Skill,2
Q_DATA_0915,belum_paham,python_basic,Dynamic Skill,0
Q_DATA_0915,paham_dasar,spreadsheet_basic,Dynamic Skill,1
Q_DATA_0915,cukup_paham,sql_basic,Dynamic Skill,2
Q_WEB__0916,belum_paham,html_basic,Dynamic Skill,0
Q_WEB__0916,paham_dasar,html_basic,Dynamic Skill,1
Q_WEB__0916,cukup_paham,css_basic,Dynamic Skill,2
Q_DATA_0917,belum_paham,sql_basic,Dynamic Skill,0
Q_DATA_0917,paham_dasar,python_basic,Dynamic Skill,1
Q_DATA_0917,cukup_paham,sql_basic,Dynamic Skill,2
Q_WEB__0918,belum_paham,html_basic,Dynamic Skill,0
Q_WEB__0918,paham_dasar,javascript_basic,Dynamic Skill,1
Q_WEB__0918,cukup_paham,html_basic,Dynamic Skill,2
Q_DATA_0919,belum_paham,sql_basic,Dynamic Skill,0
Q_DATA_0919,paham_dasar,python_basic,Dynamic Skill,1
Q_DATA_0919,cukup_paham,spreadsheet_basic,Dynamic Skill,2
Q_DATA_0920,belum_paham,spreadsheet_basic,Dynamic Skill,0
Q_DATA_0920,paham_dasar,spreadsheet_basic,Dynamic Skill,1
Q_DATA_0920,cukup_paham,sql_basic,Dynamic Skill,2
Q_CYBE_0921,belum_paham,networking_fundamental,Dynamic Skill,0
Q_CYBE_0921,paham_dasar,linux_basic,Dynamic Skill,1
Q_CYBE_0921,cukup_paham,networking_fundamental,Dynamic Skill,2
Q_UI_U_0922,belum_paham,wireframing,Dynamic Skill,0
Q_UI_U_0922,paham_dasar,figma,Dynamic Skill,1
Q_UI_U_0922,cukup_paham,figma,Dynamic Skill,2
Q_UI_U_0923,belum_paham,ui_principles,Dynamic Skill,0
Q_UI_U_0923,paham_dasar,wireframing,Dynamic Skill,1
Q_UI_U_0923,cukup_paham,figma,Dynamic Skill,2
Q_AI_M_0924,belum_paham,mlops,Dynamic Skill,0
Q_AI_M_0924,paham_dasar,mlops,Dynamic Skill,1
Q_AI_M_0924,cukup_paham,mlops,Dynamic Skill,2
Q_UI_U_0925,belum_paham,ui_principles,Dynamic Skill,0
Q_UI_U_0925,paham_dasar,wireframing,Dynamic Skill,1
Q_UI_U_0925,cukup_paham,ui_principles,Dynamic Skill,2
Q_CYBE_0926,belum_paham,networking_fundamental,Dynamic Skill,0
Q_CYBE_0926,paham_dasar,networking_fundamental,Dynamic Skill,1
Q_CYBE_0926,cukup_paham,linux_basic,Dynamic Skill,2
Q_CYBE_0927,belum_paham,networking_fundamental,Dynamic Skill,0
Q_CYBE_0927,paham_dasar,linux_basic,Dynamic Skill,1
Q_CYBE_0927,cukup_paham,networking_fundamental,Dynamic Skill,2
Q_AI_M_0928,belum_paham,python_basic,Dynamic Skill,0
Q_AI_M_0928,paham_dasar,model_training,Dynamic Skill,1
Q_AI_M_0928,cukup_paham,mlops,Dynamic Skill,2
Q_UI_U_0929,belum_paham,ui_principles,Dynamic Skill,0
Q_UI_U_0929,paham_dasar,figma,Dynamic Skill,1
Q_UI_U_0929,cukup_paham,wireframing,Dynamic Skill,2
Q_UI_U_0930,belum_paham,wireframing,Dynamic Skill,0
Q_UI_U_0930,paham_dasar,ui_principles,Dynamic Skill,1
Q_UI_U_0930,cukup_paham,figma,Dynamic Skill,2
Q_CYBE_0931,belum_paham,networking_fundamental,Dynamic Skill,0
Q_CYBE_0931,paham_dasar,log_analysis,Dynamic Skill,1
Q_CYBE_0931,cukup_paham,linux_basic,Dynamic Skill,2
Q_DATA_0932,belum_paham,spreadsheet_basic,Dynamic Skill,0
Q_DATA_0932,paham_dasar,python_basic,Dynamic Skill,1
Q_DATA_0932,cukup_paham,sql_basic,Dynamic Skill,2
Q_DATA_0933,belum_paham,spreadsheet_basic,Dynamic Skill,0
Q_DATA_0933,paham_dasar,python_basic,Dynamic Skill,1
Q_DATA_0933,cukup_paham,sql_basic,Dynamic Skill,2
Q_WEB__0934,belum_paham,html_basic,Dynamic Skill,0
Q_WEB__0934,paham_dasar,html_basic,Dynamic Skill,1
Q_WEB__0934,cukup_paham,css_basic,Dynamic Skill,2
Q_UI_U_0935,belum_paham,ui_principles,Dynamic Skill,0
Q_UI_U_0935,paham_dasar,wireframing,Dynamic Skill,1
Q_UI_U_0935,cukup_paham,ui_principles,Dynamic Skill,2
Q_UI_U_0936,belum_paham,ui_principles,Dynamic Skill,0
Q_UI_U_0936,paham_dasar,ui_principles,Dynamic Skill,1
Q_UI_U_0936,cukup_paham,wireframing,Dynamic Skill,2
Q_DATA_0937,belum_paham,sql_basic,Dynamic Skill,0
Q_DATA_0937,paham_dasar,sql_basic,Dynamic Skill,1
Q_DATA_0937,cukup_paham,sql_basic,Dynamic Skill,2
Q_CYBE_0938,belum_paham,log_analysis,Dynamic Skill,0
Q_CYBE_0938,paham_dasar,log_analysis,Dynamic Skill,1
Q_CYBE_0938,cukup_paham,log_analysis,Dynamic Skill,2
Q_UI_U_0939,belum_paham,figma,Dynamic Skill,0
Q_UI_U_0939,paham_dasar,ui_principles,Dynamic Skill,1
Q_UI_U_0939,cukup_paham,wireframing,Dynamic Skill,2
Q_WEB__0940,belum_paham,javascript_basic,Dynamic Skill,0
Q_WEB__0940,paham_dasar,javascript_basic,Dynamic Skill,1
Q_WEB__0940,cukup_paham,css_basic,Dynamic Skill,2
Q_CYBE_0941,belum_paham,log_analysis,Dynamic Skill,0
Q_CYBE_0941,paham_dasar,networking_fundamental,Dynamic Skill,1
Q_CYBE_0941,cukup_paham,linux_basic,Dynamic Skill,2
Q_DATA_0942,belum_paham,sql_basic,Dynamic Skill,0
Q_DATA_0942,paham_dasar,spreadsheet_basic,Dynamic Skill,1
Q_DATA_0942,cukup_paham,python_basic,Dynamic Skill,2
Q_WEB__0943,belum_paham,javascript_basic,Dynamic Skill,0
Q_WEB__0943,paham_dasar,css_basic,Dynamic Skill,1
Q_WEB__0943,cukup_paham,css_basic,Dynamic Skill,2
Q_CYBE_0944,belum_paham,log_analysis,Dynamic Skill,0
Q_CYBE_0944,paham_dasar,linux_basic,Dynamic Skill,1
Q_CYBE_0944,cukup_paham,networking_fundamental,Dynamic Skill,2
Q_UI_U_0945,belum_paham,ui_principles,Dynamic Skill,0
Q_UI_U_0945,paham_dasar,wireframing,Dynamic Skill,1
Q_UI_U_0945,cukup_paham,figma,Dynamic Skill,2
Q_WEB__0946,belum_paham,javascript_basic,Dynamic Skill,0
Q_WEB__0946,paham_dasar,html_basic,Dynamic Skill,1
Q_WEB__0946,cukup_paham,html_basic,Dynamic Skill,2
Q_CYBE_0947,belum_paham,networking_fundamental,Dynamic Skill,0
Q_CYBE_0947,paham_dasar,linux_basic,Dynamic Skill,1
Q_CYBE_0947,cukup_paham,networking_fundamental,Dynamic Skill,2
Q_AI_M_0948,belum_paham,model_training,Dynamic Skill,0
Q_AI_M_0948,paham_dasar,mlops,Dynamic Skill,1
Q_AI_M_0948,cukup_paham,model_training,Dynamic Skill,2
Q_AI_M_0949,belum_paham,model_training,Dynamic Skill,0
Q_AI_M_0949,paham_dasar,python_basic,Dynamic Skill,1
Q_AI_M_0949,cukup_paham,python_basic,Dynamic Skill,2
Q_CYBE_0950,belum_paham,linux_basic,Dynamic Skill,0
Q_CYBE_0950,paham_dasar,log_analysis,Dynamic Skill,1
Q_CYBE_0950,cukup_paham,linux_basic,Dynamic Skill,2
Q_WEB__0951,belum_paham,css_basic,Dynamic Skill,0
Q_WEB__0951,paham_dasar,javascript_basic,Dynamic Skill,1
Q_WEB__0951,cukup_paham,html_basic,Dynamic Skill,2
Q_CYBE_0952,belum_paham,networking_fundamental,Dynamic Skill,0
Q_CYBE_0952,paham_dasar,networking_fundamental,Dynamic Skill,1
Q_CYBE_0952,cukup_paham,linux_basic,Dynamic Skill,2
Q_AI_M_0953,belum_paham,model_training,Dynamic Skill,0
Q_AI_M_0953,paham_dasar,model_training,Dynamic Skill,1
Q_AI_M_0953,cukup_paham,model_training,Dynamic Skill,2
Q_WEB__0954,belum_paham,javascript_basic,Dynamic Skill,0
Q_WEB__0954,paham_dasar,css_basic,Dynamic Skill,1
Q_WEB__0954,cukup_paham,css_basic,Dynamic Skill,2
Q_WEB__0955,belum_paham,html_basic,Dynamic Skill,0
Q_WEB__0955,paham_dasar,css_basic,Dynamic Skill,1
Q_WEB__0955,cukup_paham,javascript_basic,Dynamic Skill,2
Q_WEB__0956,belum_paham,javascript_basic,Dynamic Skill,0
Q_WEB__0956,paham_dasar,html_basic,Dynamic Skill,1
Q_WEB__0956,cukup_paham,html_basic,Dynamic Skill,2
Q_AI_M_0957,belum_paham,mlops,Dynamic Skill,0
Q_AI_M_0957,paham_dasar,model_training,Dynamic Skill,1
Q_AI_M_0957,cukup_paham,mlops,Dynamic Skill,2
Q_AI_M_0958,belum_paham,model_training,Dynamic Skill,0
Q_AI_M_0958,paham_dasar,python_basic,Dynamic Skill,1
Q_AI_M_0958,cukup_paham,model_training,Dynamic Skill,2
Q_UI_U_0959,belum_paham,wireframing,Dynamic Skill,0
Q_UI_U_0959,paham_dasar,ui_principles,Dynamic Skill,1
Q_UI_U_0959,cukup_paham,figma,Dynamic Skill,2
Q_UI_U_0960,belum_paham,wireframing,Dynamic Skill,0
Q_UI_U_0960,paham_dasar,figma,Dynamic Skill,1
Q_UI_U_0960,cukup_paham,wireframing,Dynamic Skill,2
Q_UI_U_0961,belum_paham,figma,Dynamic Skill,0
Q_UI_U_0961,paham_dasar,wireframing,Dynamic Skill,1
Q_UI_U_0961,cukup_paham,ui_principles,Dynamic Skill,2
Q_DATA_0962,belum_paham,python_basic,Dynamic Skill,0
Q_DATA_0962,paham_dasar,spreadsheet_basic,Dynamic Skill,1
Q_DATA_0962,cukup_paham,spreadsheet_basic,Dynamic Skill,2
Q_CYBE_0963,belum_paham,networking_fundamental,Dynamic Skill,0
Q_CYBE_0963,paham_dasar,linux_basic,Dynamic Skill,1
Q_CYBE_0963,cukup_paham,networking_fundamental,Dynamic Skill,2
Q_UI_U_0964,belum_paham,wireframing,Dynamic Skill,0
Q_UI_U_0964,paham_dasar,wireframing,Dynamic Skill,1
Q_UI_U_0964,cukup_paham,wireframing,Dynamic Skill,2
Q_UI_U_0965,belum_paham,wireframing,Dynamic Skill,0
Q_UI_U_0965,paham_dasar,figma,Dynamic Skill,1
Q_UI_U_0965,cukup_paham,ui_principles,Dynamic Skill,2
Q_WEB__0966,belum_paham,html_basic,Dynamic Skill,0
Q_WEB__0966,paham_dasar,javascript_basic,Dynamic Skill,1
Q_WEB__0966,cukup_paham,javascript_basic,Dynamic Skill,2
Q_WEB__0967,belum_paham,html_basic,Dynamic Skill,0
Q_WEB__0967,paham_dasar,html_basic,Dynamic Skill,1
Q_WEB__0967,cukup_paham,css_basic,Dynamic Skill,2
Q_CYBE_0968,belum_paham,linux_basic,Dynamic Skill,0
Q_CYBE_0968,paham_dasar,linux_basic,Dynamic Skill,1
Q_CYBE_0968,cukup_paham,log_analysis,Dynamic Skill,2
Q_DATA_0969,belum_paham,python_basic,Dynamic Skill,0
Q_DATA_0969,paham_dasar,python_basic,Dynamic Skill,1
Q_DATA_0969,cukup_paham,sql_basic,Dynamic Skill,2
Q_DATA_0970,belum_paham,sql_basic,Dynamic Skill,0
Q_DATA_0970,paham_dasar,python_basic,Dynamic Skill,1
Q_DATA_0970,cukup_paham,sql_basic,Dynamic Skill,2
Q_DATA_0971,belum_paham,python_basic,Dynamic Skill,0
Q_DATA_0971,paham_dasar,python_basic,Dynamic Skill,1
Q_DATA_0971,cukup_paham,spreadsheet_basic,Dynamic Skill,2
Q_CYBE_0972,belum_paham,log_analysis,Dynamic Skill,0
Q_CYBE_0972,paham_dasar,log_analysis,Dynamic Skill,1
Q_CYBE_0972,cukup_paham,linux_basic,Dynamic Skill,2
Q_UI_U_0973,belum_paham,figma,Dynamic Skill,0
Q_UI_U_0973,paham_dasar,ui_principles,Dynamic Skill,1
Q_UI_U_0973,cukup_paham,ui_principles,Dynamic Skill,2
Q_WEB__0974,belum_paham,css_basic,Dynamic Skill,0
Q_WEB__0974,paham_dasar,css_basic,Dynamic Skill,1
Q_WEB__0974,cukup_paham,html_basic,Dynamic Skill,2
Q_AI_M_0975,belum_paham,python_basic,Dynamic Skill,0
Q_AI_M_0975,paham_dasar,python_basic,Dynamic Skill,1
Q_AI_M_0975,cukup_paham,model_training,Dynamic Skill,2
Q_CYBE_0976,belum_paham,log_analysis,Dynamic Skill,0
Q_CYBE_0976,paham_dasar,linux_basic,Dynamic Skill,1
Q_CYBE_0976,cukup_paham,log_analysis,Dynamic Skill,2
Q_UI_U_0977,belum_paham,ui_principles,Dynamic Skill,0
Q_UI_U_0977,paham_dasar,wireframing,Dynamic Skill,1
Q_UI_U_0977,cukup_paham,ui_principles,Dynamic Skill,2
Q_DATA_0978,belum_paham,sql_basic,Dynamic Skill,0
Q_DATA_0978,paham_dasar,spreadsheet_basic,Dynamic Skill,1
Q_DATA_0978,cukup_paham,python_basic,Dynamic Skill,2
Q_UI_U_0979,belum_paham,wireframing,Dynamic Skill,0
Q_UI_U_0979,paham_dasar,ui_principles,Dynamic Skill,1
Q_UI_U_0979,cukup_paham,wireframing,Dynamic Skill,2
Q_DATA_0980,belum_paham,spreadsheet_basic,Dynamic Skill,0
Q_DATA_0980,paham_dasar,sql_basic,Dynamic Skill,1
Q_DATA_0980,cukup_paham,python_basic,Dynamic Skill,2
Q_CYBE_0981,belum_paham,networking_fundamental,Dynamic Skill,0
Q_CYBE_0981,paham_dasar,log_analysis,Dynamic Skill,1
Q_CYBE_0981,cukup_paham,log_analysis,Dynamic Skill,2
Q_CYBE_0982,belum_paham,linux_basic,Dynamic Skill,0
Q_CYBE_0982,paham_dasar,networking_fundamental,Dynamic Skill,1
Q_CYBE_0982,cukup_paham,linux_basic,Dynamic Skill,2
Q_AI_M_0983,belum_paham,model_training,Dynamic Skill,0
Q_AI_M_0983,paham_dasar,python_basic,Dynamic Skill,1
Q_AI_M_0983,cukup_paham,mlops,Dynamic Skill,2
Q_CYBE_0984,belum_paham,linux_basic,Dynamic Skill,0
Q_CYBE_0984,paham_dasar,networking_fundamental,Dynamic Skill,1
Q_CYBE_0984,cukup_paham,linux_basic,Dynamic Skill,2
Q_CYBE_0985,belum_paham,linux_basic,Dynamic Skill,0
Q_CYBE_0985,paham_dasar,networking_fundamental,Dynamic Skill,1
Q_CYBE_0985,cukup_paham,linux_basic,Dynamic Skill,2
Q_UI_U_0986,belum_paham,wireframing,Dynamic Skill,0
Q_UI_U_0986,paham_dasar,figma,Dynamic Skill,1
Q_UI_U_0986,cukup_paham,ui_principles,Dynamic Skill,2
Q_UI_U_0987,belum_paham,figma,Dynamic Skill,0
Q_UI_U_0987,paham_dasar,figma,Dynamic Skill,1
Q_UI_U_0987,cukup_paham,wireframing,Dynamic Skill,2
Q_AI_M_0988,belum_paham,python_basic,Dynamic Skill,0
Q_AI_M_0988,paham_dasar,python_basic,Dynamic Skill,1
Q_AI_M_0988,cukup_paham,python_basic,Dynamic Skill,2
Q_AI_M_0989,belum_paham,mlops,Dynamic Skill,0
Q_AI_M_0989,paham_dasar,model_training,Dynamic Skill,1
Q_AI_M_0989,cukup_paham,model_training,Dynamic Skill,2
Q_WEB__0990,belum_paham,html_basic,Dynamic Skill,0
Q_WEB__0990,paham_dasar,html_basic,Dynamic Skill,1
Q_WEB__0990,cukup_paham,html_basic,Dynamic Skill,2
Q_WEB__0991,belum_paham,javascript_basic,Dynamic Skill,0
Q_WEB__0991,paham_dasar,html_basic,Dynamic Skill,1
Q_WEB__0991,cukup_paham,javascript_basic,Dynamic Skill,2
Q_WEB__0992,belum_paham,css_basic,Dynamic Skill,0
Q_WEB__0992,paham_dasar,javascript_basic,Dynamic Skill,1
Q_WEB__0992,cukup_paham,css_basic,Dynamic Skill,2
Q_CYBE_0993,belum_paham,log_analysis,Dynamic Skill,0
Q_CYBE_0993,paham_dasar,networking_fundamental,Dynamic Skill,1
Q_CYBE_0993,cukup_paham,log_analysis,Dynamic Skill,2
Q_UI_U_0994,belum_paham,ui_principles,Dynamic Skill,0
Q_UI_U_0994,paham_dasar,ui_principles,Dynamic Skill,1
Q_UI_U_0994,cukup_paham,ui_principles,Dynamic Skill,2
Q_DATA_0995,belum_paham,python_basic,Dynamic Skill,0
Q_DATA_0995,paham_dasar,python_basic,Dynamic Skill,1
Q_DATA_0995,cukup_paham,python_basic,Dynamic Skill,2
Q_AI_M_0996,belum_paham,mlops,Dynamic Skill,0
Q_AI_M_0996,paham_dasar,model_training,Dynamic Skill,1
Q_AI_M_0996,cukup_paham,python_basic,Dynamic Skill,2
Q_CYBE_0997,belum_paham,linux_basic,Dynamic Skill,0
Q_CYBE_0997,paham_dasar,linux_basic,Dynamic Skill,1
Q_CYBE_0997,cukup_paham,linux_basic,Dynamic Skill,2
Q_WEB__0998,belum_paham,html_basic,Dynamic Skill,0
Q_WEB__0998,paham_dasar,javascript_basic,Dynamic Skill,1
Q_WEB__0998,cukup_paham,html_basic,Dynamic Skill,2
Q_CYBE_0999,belum_paham,networking_fundamental,Dynamic Skill,0
Q_CYBE_0999,paham_dasar,linux_basic,Dynamic Skill,1
Q_CYBE_0999,cukup_paham,linux_basic,Dynamic Skill,2
Q_WEB__1000,belum_paham,css_basic,Dynamic Skill,0
Q_WEB__1000,paham_dasar,css_basic,Dynamic Skill,1
Q_WEB__1000,cukup_paham,html_basic,Dynamic Skill,2
