question_id,domain_interest,target_role,current_level,blocker_type,question,answer_type,options,purpose,priority
Q_UI_U_0001,ui_ux,ui_ux_designer,basic,no_foundation,Pertanyaan untuk ui_ux_designer level basic mengenai blocker no_foundation pada skill ui_principles?,single_choice,belum_paham|paham_dasar|cukup_paham,val_ui_ux_1,high
Q_DATA_0002,data_science,data_analyst,advanced,skill_gap_confusion,Pertanyaan untuk data_analyst level advanced mengenai blocker skill_gap_confusion pada skill python_basic?,single_choice,belum_paham|paham_dasar|cukup_paham,val_data_science_2,high
Q_DATA_0003,data_science,data_analyst,beginner,no_foundation,Pertanyaan untuk data_analyst level beginner mengenai blocker no_foundation pada skill python_basic?,single_choice,belum_paham|paham_dasar|cukup_paham,val_data_science_3,high
Q_WEB__0004,web_development,frontend_developer,beginner,no_foundation,Pertanyaan untuk frontend_developer level beginner mengenai blocker no_foundation pada skill html_basic?,single_choice,belum_paham|paham_dasar|cukup_paham,val_web_development_4,high
Q_AI_M_0005,ai_ml,machine_learning_engineer,advanced,no_foundation,Pertanyaan untuk machine_learning_engineer level advanced mengenai blocker no_foundation pada skill python_basic?,single_choice,belum_paham|paham_dasar|cukup_paham,val_ai_ml_5,high
Q_CYBE_0006,cyber_security,soc_analyst,intermediate,no_foundation,Pertanyaan untuk soc_analyst level intermediate mengenai blocker no_foundation pada skill linux_basic?,single_choice,belum_paham|paham_dasar|cukup_paham,val_cyber_security_6,high
Q_CYBE_0007,cyber_security,soc_analyst,beginner,no_starting_point,Pertanyaan untuk soc_analyst level beginner mengenai blocker no_starting_point pada skill linux_basic?,single_choice,belum_paham|paham_dasar|cukup_paham,val_cyber_security_7,high
Q_DATA_0008,data_science,data_analyst,intermediate,skill_gap_confusion,Pertanyaan untuk data_analyst level intermediate mengenai blocker skill_gap_confusion pada skill sql_basic?,single_choice,belum_paham|paham_dasar|cukup_paham,val_data_science_8,high
Q_WEB__0009,web_development,frontend_developer,advanced,no_portfolio,Pertanyaan untuk frontend_developer level advanced mengenai blocker no_portfolio pada skill javascript_basic?,single_choice,belum_paham|paham_dasar|cukup_paham,val_web_development_9,high
Q_UI_U_0010,ui_ux,ui_ux_designer,advanced,no_starting_point,Pertanyaan untuk ui_ux_designer level advanced mengenai blocker no_starting_point pada skill ui_principles?,single_choice,belum_paham|paham_dasar|cukup_paham,val_ui_ux_10,high
Q_UI_U_0011,ui_ux,ui_ux_designer,intermediate,skill_gap_confusion,Pertanyaan untuk ui_ux_designer level intermediate mengenai blocker skill_gap_confusion pada skill wireframing?,single_choice,belum_paham|paham_dasar|cukup_paham,val_ui_ux_11,high
Q_AI_M_0012,ai_ml,machine_learning_engineer,beginner,skill_gap_confusion,Pertanyaan untuk machine_learning_engineer level beginner mengenai blocker skill_gap_confusion pada skill mlops?,single_choice,belum_paham|paham_dasar|cukup_paham,val_ai_ml_12,high
Q_UI_U_0013,ui_ux,ui_ux_designer,intermediate,no_starting_point,Pertanyaan untuk ui_ux_designer level intermediate mengenai blocker no_starting_point pada skill figma?,single_choice,belum_paham|paham_dasar|cukup_paham,val_ui_ux_13,high
Q_WEB__0014,web_development,frontend_developer,beginner,no_starting_point,Pertanyaan untuk frontend_developer level beginner mengenai blocker no_starting_point pada skill javascript_basic?,single_choice,belum_paham|paham_dasar|cukup_paham,val_web_development_14,high
Q_AI_M_0015,ai_ml,machine_learning_engineer,intermediate,no_foundation,Pertanyaan untuk machine_learning_engineer level intermediate mengenai blocker no_foundation pada skill model_training?,single_choice,belum_paham|paham_dasar|cukup_paham,val_ai_ml_15,high
Q_AI_M_0016,ai_ml,machine_learning_engineer,beginner,skill_gap_confusion,Pertanyaan untuk machine_learning_engineer level beginner mengenai blocker skill_gap_confusion pada skill mlops?,single_choice,belum_paham|paham_dasar|cukup_paham,val_ai_ml_16,high
Q_UI_U_0017,ui_ux,ui_ux_designer,advanced,skill_gap_confusion,Pertanyaan untuk ui_ux_designer level advanced mengenai blocker skill_gap_confusion pada skill wireframing?,single_choice,belum_paham|paham_dasar|cukup_paham,val_ui_ux_17,high
Q_DATA_0018,data_science,data_analyst,intermediate,no_portfolio,Pertanyaan untuk data_analyst level intermediate mengenai blocker no_portfolio pada skill python_basic?,single_choice,belum_paham|paham_dasar|cukup_paham,val_data_science_18,high
Q_AI_M_0019,ai_ml,machine_learning_engineer,basic,no_starting_point,Pertanyaan untuk machine_learning_engineer level basic mengenai blocker no_starting_point pada skill python_basic?,single_choice,belum_paham|paham_dasar|cukup_paham,val_ai_ml_19,high
Q_CYBE_0020,cyber_security,soc_analyst,basic,no_portfolio,Pertanyaan untuk soc_analyst level basic mengenai blocker no_portfolio pada skill linux_basic?,single_choice,belum_paham|paham_dasar|cukup_paham,val_cyber_security_20,high
Q_AI_M_0021,ai_ml,machine_learning_engineer,beginner,no_foundation,Pertanyaan untuk machine_learning_engineer level beginner mengenai blocker no_foundation pada skill mlops?,single_choice,belum_paham|paham_dasar|cukup_paham,val_ai_ml_21,high
Q_CYBE_0022,cyber_security,soc_analyst,advanced,no_portfolio,Pertanyaan untuk soc_analyst level advanced mengenai blocker no_portfolio pada skill linux_basic?,single_choice,belum_paham|paham_dasar|cukup_paham,val_cyber_security_22,high
Q_UI_U_0023,ui_ux,ui_ux_designer,intermediate,skill_gap_confusion,Pertanyaan untuk ui_ux_designer level intermediate mengenai blocker skill_gap_confusion pada skill figma?,single_choice,belum_paham|paham_dasar|cukup_paham,val_ui_ux_23,high
Q_DATA_0024,data_science,data_analyst,intermediate,no_portfolio,Pertanyaan untuk data_analyst level intermediate mengenai blocker no_portfolio pada skill python_basic?,single_choice,belum_paham|paham_dasar|cukup_paham,val_data_science_24,high
Q_CYBE_0025,cyber_security,soc_analyst,basic,no_starting_point,Pertanyaan untuk soc_analyst level basic mengenai blocker no_starting_point pada skill log_analysis?,single_choice,belum_paham|paham_dasar|cukup_paham,val_cyber_security_25,high
Q_CYBE_0026,cyber_security,soc_analyst,advanced,no_starting_point,Pertanyaan untuk soc_analyst level advanced mengenai blocker no_starting_point pada skill linux_basic?,single_choice,belum_paham|paham_dasar|cukup_paham,val_cyber_security_26,high
Q_CYBE_0027,cyber_security,soc_analyst,basic,skill_gap_confusion,Pertanyaan untuk soc_analyst level basic mengenai blocker skill_gap_confusion pada skill networking_fundamental?,single_choice,belum_paham|paham_dasar|cukup_paham,val_cyber_security_27,high
Q_WEB__0028,web_development,frontend_developer,intermediate,no_starting_point,Pertanyaan untuk frontend_developer level intermediate mengenai blocker no_starting_point pada skill css_basic?,single_choice,belum_paham|paham_dasar|cukup_paham,val_web_development_28,high
Q_CYBE_0029,cyber_security,soc_analyst,advanced,skill_gap_confusion,Pertanyaan untuk soc_analyst level advanced mengenai blocker skill_gap_confusion pada skill linux_basic?,single_choice,belum_paham|paham_dasar|cukup_paham,val_cyber_security_29,high
Q_DATA_0030,data_science,data_analyst,intermediate,skill_gap_confusion,Pertanyaan untuk data_analyst level intermediate mengenai blocker skill_gap_confusion pada skill python_basic?,single_choice,belum_paham|paham_dasar|cukup_paham,val_data_science_30,high
Q_UI_U_0031,ui_ux,ui_ux_designer,intermediate,no_portfolio,Pertanyaan untuk ui_ux_designer level intermediate mengenai blocker no_portfolio pada skill figma?,single_choice,belum_paham|paham_dasar|cukup_paham,val_ui_ux_31,high
Q_CYBE_0032,cyber_security,soc_analyst,advanced,no_portfolio,Pertanyaan untuk soc_analyst level advanced mengenai blocker no_portfolio pada skill linux_basic?,single_choice,belum_paham|paham_dasar|cukup_paham,val_cyber_security_32,high
Q_CYBE_0033,cyber_security,soc_analyst,advanced,no_portfolio,Pertanyaan untuk soc_analyst level advanced mengenai blocker no_portfolio pada skill log_analysis?,single_choice,belum_paham|paham_dasar|cukup_paham,val_cyber_security_33,high
Q_DATA_0034,data_science,data_analyst,beginner,skill_gap_confusion,Pertanyaan untuk data_analyst level beginner mengenai blocker skill_gap_confusion pada skill python_basic?,single_choice,belum_paham|paham_dasar|cukup_paham,val_data_science_34,high
Q_DATA_0035,data_science,data_analyst,advanced,no_starting_point,Pertanyaan untuk data_analyst level advanced mengenai blocker no_starting_point pada skill python_basic?,single_choice,belum_paham|paham_dasar|cukup_paham,val_data_science_35,high
Q_AI_M_0036,ai_ml,machine_learning_engineer,intermediate,no_portfolio,Pertanyaan untuk machine_learning_engineer level intermediate mengenai blocker no_portfolio pada skill model_training?,single_choice,belum_paham|paham_dasar|cukup_paham,val_ai_ml_36,high
Q_CYBE_0037,cyber_security,soc_analyst,beginner,no_foundation,Pertanyaan untuk soc_analyst level beginner mengenai blocker no_foundation pada skill log_analysis?,single_choice,belum_paham|paham_dasar|cukup_paham,val_cyber_security_37,high
Q_WEB__0038,web_development,frontend_developer,beginner,no_starting_point,Pertanyaan untuk frontend_developer level beginner mengenai blocker no_starting_point pada skill css_basic?,single_choice,belum_paham|paham_dasar|cukup_paham,val_web_development_38,high
Q_DATA_0039,data_science,data_analyst,beginner,skill_gap_confusion,Pertanyaan untuk data_analyst level beginner mengenai blocker skill_gap_confusion pada skill python_basic?,single_choice,belum_paham|paham_dasar|cukup_paham,val_data_science_39,high
Q_WEB__0040,web_development,frontend_developer,beginner,no_foundation,Pertanyaan untuk frontend_developer level beginner mengenai blocker no_foundation pada skill css_basic?,single_choice,belum_paham|paham_dasar|cukup_paham,val_web_development_40,high
Q_UI_U_0041,ui_ux,ui_ux_designer,advanced,skill_gap_confusion,Pertanyaan untuk ui_ux_designer level advanced mengenai blocker skill_gap_confusion pada skill figma?,single_choice,belum_paham|paham_dasar|cukup_paham,val_ui_ux_41,high
Q_AI_M_0042,ai_ml,machine_learning_engineer,beginner,no_starting_point,Pertanyaan untuk machine_learning_engineer level beginner mengenai blocker no_starting_point pada skill python_basic?,single_choice,belum_paham|paham_dasar|cukup_paham,val_ai_ml_42,high
Q_UI_U_0043,ui_ux,ui_ux_designer,advanced,skill_gap_confusion,Pertanyaan untuk ui_ux_designer level advanced mengenai blocker skill_gap_confusion pada skill figma?,single_choice,belum_paham|paham_dasar|cukup_paham,val_ui_ux_43,high
Q_UI_U_0044,ui_ux,ui_ux_designer,intermediate,no_portfolio,Pertanyaan untuk ui_ux_designer level intermediate mengenai blocker no_portfolio pada skill wireframing?,single_choice,belum_paham|paham_dasar|cukup_paham,val_ui_ux_44,high
Q_DATA_0045,data_science,data_analyst,advanced,no_starting_point,Pertanyaan untuk data_analyst level advanced mengenai blocker no_starting_point pada skill python_basic?,single_choice,belum_paham|paham_dasar|cukup_paham,val_data_science_45,high
Q_CYBE_0046,cyber_security,soc_analyst,intermediate,no_starting_point,Pertanyaan untuk soc_analyst level intermediate mengenai blocker no_starting_point pada skill networking_fundamental?,single_choice,belum_paham|paham_dasar|cukup_paham,val_cyber_security_46,high
Q_DATA_0047,data_science,data_analyst,beginner,no_foundation,Pertanyaan untuk data_analyst level beginner mengenai blocker no_foundation pada skill python_basic?,single_choice,belum_paham|paham_dasar|cukup_paham,val_data_science_47,high
Q_UI_U_0048,ui_ux,ui_ux_designer,intermediate,no_foundation,Pertanyaan untuk ui_ux_designer level intermediate mengenai blocker no_foundation pada skill wireframing?,single_choice,belum_paham|paham_dasar|cukup_paham,val_ui_ux_48,high
Q_UI_U_0049,ui_ux,ui_ux_designer,basic,no_foundation,Pertanyaan untuk ui_ux_designer level basic mengenai blocker no_foundation pada skill wireframing?,single_choice,belum_paham|paham_dasar|cukup_paham,val_ui_ux_49,high
Q_UI_U_0050,ui_ux,ui_ux_designer,basic,skill_gap_confusion,Pertanyaan untuk ui_ux_designer level basic mengenai blocker skill_gap_confusion pada skill wireframing?,single_choice,belum_paham|paham_dasar|cukup_paham,val_ui_ux_50,high
Q_AI_M_0051,ai_ml,machine_learning_engineer,beginner,no_starting_point,Pertanyaan untuk machine_learning_engineer level beginner mengenai blocker no_starting_point pada skill python_basic?,single_choice,belum_paham|paham_dasar|cukup_paham,val_ai_ml_51,high
Q_UI_U_0052,ui_ux,ui_ux_designer,beginner,skill_gap_confusion,Pertanyaan untuk ui_ux_designer level beginner mengenai blocker skill_gap_confusion pada skill ui_principles?,single_choice,belum_paham|paham_dasar|cukup_paham,val_ui_ux_52,high
Q_CYBE_0053,cyber_security,soc_analyst,intermediate,no_portfolio,Pertanyaan untuk soc_analyst level intermediate mengenai blocker no_portfolio pada skill networking_fundamental?,single_choice,belum_paham|paham_dasar|cukup_paham,val_cyber_security_53,high
Q_AI_M_0054,ai_ml,machine_learning_engineer,basic,no_foundation,Pertanyaan untuk machine_learning_engineer level basic mengenai blocker no_foundation pada skill model_training?,single_choice,belum_paham|paham_dasar|cukup_paham,val_ai_ml_54,high
Q_CYBE_0055,cyber_security,soc_analyst,advanced,no_foundation,Pertanyaan untuk soc_analyst level advanced mengenai blocker no_foundation pada skill linux_basic?,single_choice,belum_paham|paham_dasar|cukup_paham,val_cyber_security_55,high
Q_DATA_0056,data_science,data_analyst,advanced,no_foundation,Pertanyaan untuk data_analyst level advanced mengenai blocker no_foundation pada skill sql_basic?,single_choice,belum_paham|paham_dasar|cukup_paham,val_data_science_56,high
Q_UI_U_0057,ui_ux,ui_ux_designer,intermediate,skill_gap_confusion,Pertanyaan untuk ui_ux_designer level intermediate mengenai blocker skill_gap_confusion pada skill figma?,single_choice,belum_paham|paham_dasar|cukup_paham,val_ui_ux_57,high
Q_UI_U_0058,ui_ux,ui_ux_designer,advanced,no_foundation,Pertanyaan untuk ui_ux_designer level advanced mengenai blocker no_foundation pada skill figma?,single_choice,belum_paham|paham_dasar|cukup_paham,val_ui_ux_58,high
Q_WEB__0059,web_development,frontend_developer,beginner,skill_gap_confusion,Pertanyaan untuk frontend_developer level beginner mengenai blocker skill_gap_confusion pada skill html_basic?,single_choice,belum_paham|paham_dasar|cukup_paham,val_web_development_59,high
Q_AI_M_0060,ai_ml,machine_learning_engineer,beginner,no_foundation,Pertanyaan untuk machine_learning_engineer level beginner mengenai blocker no_foundation pada skill python_basic?,single_choice,belum_paham|paham_dasar|cukup_paham,val_ai_ml_60,high
Q_AI_M_0061,ai_ml,machine_learning_engineer,intermediate,no_foundation,Pertanyaan untuk machine_learning_engineer level intermediate mengenai blocker no_foundation pada skill python_basic?,single_choice,belum_paham|paham_dasar|cukup_paham,val_ai_ml_61,high
Q_DATA_0062,data_science,data_analyst,basic,no_starting_point,Pertanyaan untuk data_analyst level basic mengenai blocker no_starting_point pada skill python_basic?,single_choice,belum_paham|paham_dasar|cukup_paham,val_data_science_62,high
Q_AI_M_0063,ai_ml,machine_learning_engineer,basic,no_foundation,Pertanyaan untuk machine_learning_engineer level basic mengenai blocker no_foundation pada skill model_training?,single_choice,belum_paham|paham_dasar|cukup_paham,val_ai_ml_63,high
Q_AI_M_0064,ai_ml,machine_learning_engineer,basic,no_starting_point,Pertanyaan untuk machine_learning_engineer level basic mengenai blocker no_starting_point pada skill mlops?,single_choice,belum_paham|paham_dasar|cukup_paham,val_ai_ml_64,high
Q_AI_M_0065,ai_ml,machine_learning_engineer,basic,skill_gap_confusion,Pertanyaan untuk machine_learning_engineer level basic mengenai blocker skill_gap_confusion pada skill mlops?,single_choice,belum_paham|paham_dasar|cukup_paham,val_ai_ml_65,high
Q_CYBE_0066,cyber_security,soc_analyst,intermediate,skill_gap_confusion,Pertanyaan untuk soc_analyst level intermediate mengenai blocker skill_gap_confusion pada skill linux_basic?,single_choice,belum_paham|paham_dasar|cukup_paham,val_cyber_security_66,high
Q_UI_U_0067,ui_ux,ui_ux_designer,beginner,skill_gap_confusion,Pertanyaan untuk ui_ux_designer level beginner mengenai blocker skill_gap_confusion pada skill figma?,single_choice,belum_paham|paham_dasar|cukup_paham,val_ui_ux_67,high
Q_AI_M_0068,ai_ml,machine_learning_engineer,basic,skill_gap_confusion,Pertanyaan untuk machine_learning_engineer level basic mengenai blocker skill_gap_confusion pada skill model_training?,single_choice,belum_paham|paham_dasar|cukup_paham,val_ai_ml_68,high
Q_WEB__0069,web_development,frontend_developer,advanced,skill_gap_confusion,Pertanyaan untuk frontend_developer level advanced mengenai blocker skill_gap_confusion pada skill css_basic?,single_choice,belum_paham|paham_dasar|cukup_paham,val_web_development_69,high
Q_WEB__0070,web_development,frontend_developer,advanced,skill_gap_confusion,Pertanyaan untuk frontend_developer level advanced mengenai blocker skill_gap_confusion pada skill css_basic?,single_choice,belum_paham|paham_dasar|cukup_paham,val_web_development_70,high
Q_CYBE_0071,cyber_security,soc_analyst,intermediate,no_starting_point,Pertanyaan untuk soc_analyst level intermediate mengenai blocker no_starting_point pada skill networking_fundamental?,single_choice,belum_paham|paham_dasar|cukup_paham,val_cyber_security_71,high
Q_CYBE_0072,cyber_security,soc_analyst,basic,skill_gap_confusion,Pertanyaan untuk soc_analyst level basic mengenai blocker skill_gap_confusion pada skill networking_fundamental?,single_choice,belum_paham|paham_dasar|cukup_paham,val_cyber_security_72,high
Q_AI_M_0073,ai_ml,machine_learning_engineer,advanced,no_starting_point,Pertanyaan untuk machine_learning_engineer level advanced mengenai blocker no_starting_point pada skill python_basic?,single_choice,belum_paham|paham_dasar|cukup_paham,val_ai_ml_73,high
Q_DATA_0074,data_science,data_analyst,intermediate,no_portfolio,Pertanyaan untuk data_analyst level intermediate mengenai blocker no_portfolio pada skill spreadsheet_basic?,single_choice,belum_paham|paham_dasar|cukup_paham,val_data_science_74,high
Q_AI_M_0075,ai_ml,machine_learning_engineer,intermediate,no_portfolio,Pertanyaan untuk machine_learning_engineer level intermediate mengenai blocker no_portfolio pada skill mlops?,single_choice,belum_paham|paham_dasar|cukup_paham,val_ai_ml_75,high
Q_DATA_0076,data_science,data_analyst,advanced,skill_gap_confusion,Pertanyaan untuk data_analyst level advanced mengenai blocker skill_gap_confusion pada skill python_basic?,single_choice,belum_paham|paham_dasar|cukup_paham,val_data_science_76,high
Q_AI_M_0077,ai_ml,machine_learning_engineer,basic,no_foundation,Pertanyaan untuk machine_learning_engineer level basic mengenai blocker no_foundation pada skill model_training?,single_choice,belum_paham|paham_dasar|cukup_paham,val_ai_ml_77,high
Q_WEB__0078,web_development,frontend_developer,intermediate,no_starting_point,Pertanyaan untuk frontend_developer level intermediate mengenai blocker no_starting_point pada skill html_basic?,single_choice,belum_paham|paham_dasar|cukup_paham,val_web_development_78,high
Q_CYBE_0079,cyber_security,soc_analyst,intermediate,no_starting_point,Pertanyaan untuk soc_analyst level intermediate mengenai blocker no_starting_point pada skill networking_fundamental?,single_choice,belum_paham|paham_dasar|cukup_paham,val_cyber_security_79,high
Q_CYBE_0080,cyber_security,soc_analyst,intermediate,no_foundation,Pertanyaan untuk soc_analyst level intermediate mengenai blocker no_foundation pada skill linux_basic?,single_choice,belum_paham|paham_dasar|cukup_paham,val_cyber_security_80,high
Q_AI_M_0081,ai_ml,machine_learning_engineer,beginner,no_starting_point,Pertanyaan untuk machine_learning_engineer level beginner mengenai blocker no_starting_point pada skill mlops?,single_choice,belum_paham|paham_dasar|cukup_paham,val_ai_ml_81,high
Q_AI_M_0082,ai_ml,machine_learning_engineer,beginner,no_starting_point,Pertanyaan untuk machine_learning_engineer level beginner mengenai blocker no_starting_point pada skill mlops?,single_choice,belum_paham|paham_dasar|cukup_paham,val_ai_ml_82,high
Q_AI_M_0083,ai_ml,machine_learning_engineer,basic,no_foundation,Pertanyaan untuk machine_learning_engineer level basic mengenai blocker no_foundation pada skill python_basic?,single_choice,belum_paham|paham_dasar|cukup_paham,val_ai_ml_83,high
Q_AI_M_0084,ai_ml,machine_learning_engineer,beginner,no_portfolio,Pertanyaan untuk machine_learning_engineer level beginner mengenai blocker no_portfolio pada skill python_basic?,single_choice,belum_paham|paham_dasar|cukup_paham,val_ai_ml_84,high
Q_DATA_0085,data_science,data_analyst,beginner,no_foundation,Pertanyaan untuk data_analyst level beginner mengenai blocker no_foundation pada skill sql_basic?,single_choice,belum_paham|paham_dasar|cukup_paham,val_data_science_85,high
Q_CYBE_0086,cyber_security,soc_analyst,advanced,no_starting_point,Pertanyaan untuk soc_analyst level advanced mengenai blocker no_starting_point pada skill networking_fundamental?,single_choice,belum_paham|paham_dasar|cukup_paham,val_cyber_security_86,high
Q_UI_U_0087,ui_ux,ui_ux_designer,advanced,no_foundation,Pertanyaan untuk ui_ux_designer level advanced mengenai blocker no_foundation pada skill ui_principles?,single_choice,belum_paham|paham_dasar|cukup_paham,val_ui_ux_87,high
Q_CYBE_0088,cyber_security,soc_analyst,intermediate,no_portfolio,Pertanyaan untuk soc_analyst level intermediate mengenai blocker no_portfolio pada skill log_analysis?,single_choice,belum_paham|paham_dasar|cukup_paham,val_cyber_security_88,high
Q_WEB__0089,web_development,frontend_developer,basic,skill_gap_confusion,Pertanyaan untuk frontend_developer level basic mengenai blocker skill_gap_confusion pada skill javascript_basic?,single_choice,belum_paham|paham_dasar|cukup_paham,val_web_development_89,high
Q_CYBE_0090,cyber_security,soc_analyst,basic,no_portfolio,Pertanyaan untuk soc_analyst level basic mengenai blocker no_portfolio pada skill log_analysis?,single_choice,belum_paham|paham_dasar|cukup_paham,val_cyber_security_90,high
Q_UI_U_0091,ui_ux,ui_ux_designer,advanced,no_starting_point,Pertanyaan untuk ui_ux_designer level advanced mengenai blocker no_starting_point pada skill figma?,single_choice,belum_paham|paham_dasar|cukup_paham,val_ui_ux_91,high
Q_UI_U_0092,ui_ux,ui_ux_designer,advanced,no_foundation,Pertanyaan untuk ui_ux_designer level advanced mengenai blocker no_foundation pada skill figma?,single_choice,belum_paham|paham_dasar|cukup_paham,val_ui_ux_92,high
Q_DATA_0093,data_science,data_analyst,intermediate,no_foundation,Pertanyaan untuk data_analyst level intermediate mengenai blocker no_foundation pada skill sql_basic?,single_choice,belum_paham|paham_dasar|cukup_paham,val_data_science_93,high
Q_UI_U_0094,ui_ux,ui_ux_designer,intermediate,skill_gap_confusion,Pertanyaan untuk ui_ux_designer level intermediate mengenai blocker skill_gap_confusion pada skill ui_principles?,single_choice,belum_paham|paham_dasar|cukup_paham,val_ui_ux_94,high
Q_AI_M_0095,ai_ml,machine_learning_engineer,beginner,skill_gap_confusion,Pertanyaan untuk machine_learning_engineer level beginner mengenai blocker skill_gap_confusion pada skill model_training?,single_choice,belum_paham|paham_dasar|cukup_paham,val_ai_ml_95,high
Q_CYBE_0096,cyber_security,soc_analyst,beginner,no_portfolio,Pertanyaan untuk soc_analyst level beginner mengenai blocker no_portfolio pada skill log_analysis?,single_choice,belum_paham|paham_dasar|cukup_paham,val_cyber_security_96,high
Q_WEB__0097,web_development,frontend_developer,intermediate,skill_gap_confusion,Pertanyaan untuk frontend_developer level intermediate mengenai blocker skill_gap_confusion pada skill css_basic?,single_choice,belum_paham|paham_dasar|cukup_paham,val_web_development_97,high
Q_CYBE_0098,cyber_security,soc_analyst,intermediate,skill_gap_confusion,Pertanyaan untuk soc_analyst level intermediate mengenai blocker skill_gap_confusion pada skill linux_basic?,single_choice,belum_paham|paham_dasar|cukup_paham,val_cyber_security_98,high
Q_WEB__0099,web_development,frontend_developer,advanced,no_portfolio,Pertanyaan untuk frontend_developer level advanced mengenai blocker no_portfolio pada skill javascript_basic?,single_choice,belum_paham|paham_dasar|cukup_paham,val_web_development_99,high
Q_UI_U_0100,ui_ux,ui_ux_designer,beginner,no_foundation,Pertanyaan untuk ui_ux_designer level beginner mengenai blocker no_foundation pada skill wireframing?,single_choice,belum_paham|paham_dasar|cukup_paham,val_ui_ux_100,high
Q_CYBE_0101,cyber_security,soc_analyst,intermediate,no_portfolio,Pertanyaan untuk soc_analyst level intermediate mengenai blocker no_portfolio pada skill log_analysis?,single_choice,belum_paham|paham_dasar|cukup_paham,val_cyber_security_101,high
Q_DATA_0102,data_science,data_analyst,basic,no_foundation,Pertanyaan untuk data_analyst level basic mengenai blocker no_foundation pada skill python_basic?,single_choice,belum_paham|paham_dasar|cukup_paham,val_data_science_102,high
Q_CYBE_0103,cyber_security,soc_analyst,beginner,no_starting_point,Pertanyaan untuk soc_analyst level beginner mengenai blocker no_starting_point pada skill log_analysis?,single_choice,belum_paham|paham_dasar|cukup_paham,val_cyber_security_103,high
Q_WEB__0104,web_development,frontend_developer,advanced,skill_gap_confusion,Pertanyaan untuk frontend_developer level advanced mengenai blocker skill_gap_confusion pada skill css_basic?,single_choice,belum_paham|paham_dasar|cukup_paham,val_web_development_104,high
Q_UI_U_0105,ui_ux,ui_ux_designer,intermediate,skill_gap_confusion,Pertanyaan untuk ui_ux_designer level intermediate mengenai blocker skill_gap_confusion pada skill ui_principles?,single_choice,belum_paham|paham_dasar|cukup_paham,val_ui_ux_105,high
Q_UI_U_0106,ui_ux,ui_ux_designer,intermediate,no_portfolio,Pertanyaan untuk ui_ux_designer level intermediate mengenai blocker no_portfolio pada skill figma?,single_choice,belum_paham|paham_dasar|cukup_paham,val_ui_ux_106,high
Q_CYBE_0107,cyber_security,soc_analyst,advanced,no_portfolio,Pertanyaan untuk soc_analyst level advanced mengenai blocker no_portfolio pada skill linux_basic?,single_choice,belum_paham|paham_dasar|cukup_paham,val_cyber_security_107,high
Q_DATA_0108,data_science,data_analyst,intermediate,no_portfolio,Pertanyaan untuk data_analyst level intermediate mengenai blocker no_portfolio pada skill sql_basic?,single_choice,belum_paham|paham_dasar|cukup_paham,val_data_science_108,high
Q_CYBE_0109,cyber_security,soc_analyst,advanced,skill_gap_confusion,Pertanyaan untuk soc_analyst level advanced mengenai blocker skill_gap_confusion pada skill linux_basic?,single_choice,belum_paham|paham_dasar|cukup_paham,val_cyber_security_109,high
Q_AI_M_0110,ai_ml,machine_learning_engineer,advanced,skill_gap_confusion,Pertanyaan untuk machine_learning_engineer level advanced mengenai blocker skill_gap_confusion pada skill python_basic?,single_choice,belum_paham|paham_dasar|cukup_paham,val_ai_ml_110,high
Q_DATA_0111,data_science,data_analyst,basic,no_starting_point,Pertanyaan untuk data_analyst level basic mengenai blocker no_starting_point pada skill sql_basic?,single_choice,belum_paham|paham_dasar|cukup_paham,val_data_science_111,high
Q_AI_M_0112,ai_ml,machine_learning_engineer,basic,skill_gap_confusion,Pertanyaan untuk machine_learning_engineer level basic mengenai blocker skill_gap_confusion pada skill python_basic?,single_choice,belum_paham|paham_dasar|cukup_paham,val_ai_ml_112,high
Q_AI_M_0113,ai_ml,machine_learning_engineer,intermediate,no_starting_point,Pertanyaan untuk machine_learning_engineer level intermediate mengenai blocker no_starting_point pada skill python_basic?,single_choice,belum_paham|paham_dasar|cukup_paham,val_ai_ml_113,high
Q_DATA_0114,data_science,data_analyst,intermediate,skill_gap_confusion,Pertanyaan untuk data_analyst level intermediate mengenai blocker skill_gap_confusion pada skill sql_basic?,single_choice,belum_paham|paham_dasar|cukup_paham,val_data_science_114,high
Q_WEB__0115,web_development,frontend_developer,beginner,no_starting_point,Pertanyaan untuk frontend_developer level beginner mengenai blocker no_starting_point pada skill css_basic?,single_choice,belum_paham|paham_dasar|cukup_paham,val_web_development_115,high
Q_UI_U_0116,ui_ux,ui_ux_designer,advanced,skill_gap_confusion,Pertanyaan untuk ui_ux_designer level advanced mengenai blocker skill_gap_confusion pada skill ui_principles?,single_choice,belum_paham|paham_dasar|cukup_paham,val_ui_ux_116,high
Q_DATA_0117,data_science,data_analyst,advanced,skill_gap_confusion,Pertanyaan untuk data_analyst level advanced mengenai blocker skill_gap_confusion pada skill sql_basic?,single_choice,belum_paham|paham_dasar|cukup_paham,val_data_science_117,high
Q_WEB__0118,web_development,frontend_developer,intermediate,no_foundation,Pertanyaan untuk frontend_developer level intermediate mengenai blocker no_foundation pada skill html_basic?,single_choice,belum_paham|paham_dasar|cukup_paham,val_web_development_118,high
Q_UI_U_0119,ui_ux,ui_ux_designer,intermediate,skill_gap_confusion,Pertanyaan untuk ui_ux_designer level intermediate mengenai blocker skill_gap_confusion pada skill wireframing?,single_choice,belum_paham|paham_dasar|cukup_paham,val_ui_ux_119,high
Q_DATA_0120,data_science,data_analyst,intermediate,skill_gap_confusion,Pertanyaan untuk data_analyst level intermediate mengenai blocker skill_gap_confusion pada skill spreadsheet_basic?,single_choice,belum_paham|paham_dasar|cukup_paham,val_data_science_120,high
Q_WEB__0121,web_development,frontend_developer,beginner,no_foundation,Pertanyaan untuk frontend_developer level beginner mengenai blocker no_foundation pada skill css_basic?,single_choice,belum_paham|paham_dasar|cukup_paham,val_web_development_121,high
Q_WEB__0122,web_development,frontend_developer,advanced,no_foundation,Pertanyaan untuk frontend_developer level advanced mengenai blocker no_foundation pada skill html_basic?,single_choice,belum_paham|paham_dasar|cukup_paham,val_web_development_122,high
Q_WEB__0123,web_development,frontend_developer,intermediate,no_starting_point,Pertanyaan untuk frontend_developer level intermediate mengenai blocker no_starting_point pada skill css_basic?,single_choice,belum_paham|paham_dasar|cukup_paham,val_web_development_123,high
Q_CYBE_0124,cyber_security,soc_analyst,beginner,no_portfolio,Pertanyaan untuk soc_analyst level beginner mengenai blocker no_portfolio pada skill networking_fundamental?,single_choice,belum_paham|paham_dasar|cukup_paham,val_cyber_security_124,high
Q_CYBE_0125,cyber_security,soc_analyst,basic,no_starting_point,Pertanyaan untuk soc_analyst level basic mengenai blocker no_starting_point pada skill networking_fundamental?,single_choice,belum_paham|paham_dasar|cukup_paham,val_cyber_security_125,high
Q_UI_U_0126,ui_ux,ui_ux_designer,intermediate,no_foundation,Pertanyaan untuk ui_ux_designer level intermediate mengenai blocker no_foundation pada skill ui_principles?,single_choice,belum_paham|paham_dasar|cukup_paham,val_ui_ux_126,high
Q_UI_U_0127,ui_ux,ui_ux_designer,beginner,skill_gap_confusion,Pertanyaan untuk ui_ux_designer level beginner mengenai blocker skill_gap_confusion pada skill figma?,single_choice,belum_paham|paham_dasar|cukup_paham,val_ui_ux_127,high
Q_DATA_0128,data_science,data_analyst,advanced,no_foundation,Pertanyaan untuk data_analyst level advanced mengenai blocker no_foundation pada skill sql_basic?,single_choice,belum_paham|paham_dasar|cukup_paham,val_data_science_128,high
Q_CYBE_0129,cyber_security,soc_analyst,basic,skill_gap_confusion,Pertanyaan untuk soc_analyst level basic mengenai blocker skill_gap_confusion pada skill linux_basic?,single_choice,belum_paham|paham_dasar|cukup_paham,val_cyber_security_129,high
Q_UI_U_0130,ui_ux,ui_ux_designer,advanced,skill_gap_confusion,Pertanyaan untuk ui_ux_designer level advanced mengenai blocker skill_gap_confusion pada skill wireframing?,single_choice,belum_paham|paham_dasar|cukup_paham,val_ui_ux_130,high
Q_WEB__0131,web_development,frontend_developer,intermediate,no_portfolio,Pertanyaan untuk frontend_developer level intermediate mengenai blocker no_portfolio pada skill css_basic?,single_choice,belum_paham|paham_dasar|cukup_paham,val_web_development_131,high
Q_CYBE_0132,cyber_security,soc_analyst,advanced,no_portfolio,Pertanyaan untuk soc_analyst level advanced mengenai blocker no_portfolio pada skill log_analysis?,single_choice,belum_paham|paham_dasar|cukup_paham,val_cyber_security_132,high
Q_AI_M_0133,ai_ml,machine_learning_engineer,intermediate,skill_gap_confusion,Pertanyaan untuk machine_learning_engineer level intermediate mengenai blocker skill_gap_confusion pada skill mlops?,single_choice,belum_paham|paham_dasar|cukup_paham,val_ai_ml_133,high
Q_AI_M_0134,ai_ml,machine_learning_engineer,advanced,no_starting_point,Pertanyaan untuk machine_learning_engineer level advanced mengenai blocker no_starting_point pada skill model_training?,single_choice,belum_paham|paham_dasar|cukup_paham,val_ai_ml_134,high
Q_CYBE_0135,cyber_security,soc_analyst,intermediate,no_starting_point,Pertanyaan untuk soc_analyst level intermediate mengenai blocker no_starting_point pada skill linux_basic?,single_choice,belum_paham|paham_dasar|cukup_paham,val_cyber_security_135,high
Q_DATA_0136,data_science,data_analyst,advanced,no_portfolio,Pertanyaan untuk data_analyst level advanced mengenai blocker no_portfolio pada skill sql_basic?,single_choice,belum_paham|paham_dasar|cukup_paham,val_data_science_136,high
Q_AI_M_0137,ai_ml,machine_learning_engineer,beginner,skill_gap_confusion,Pertanyaan untuk machine_learning_engineer level beginner mengenai blocker skill_gap_confusion pada skill python_basic?,single_choice,belum_paham|paham_dasar|cukup_paham,val_ai_ml_137,high
Q_DATA_0138,data_science,data_analyst,beginner,skill_gap_confusion,Pertanyaan untuk data_analyst level beginner mengenai blocker skill_gap_confusion pada skill sql_basic?,single_choice,belum_paham|paham_dasar|cukup_paham,val_data_science_138,high
Q_UI_U_0139,ui_ux,ui_ux_designer,intermediate,no_portfolio,Pertanyaan untuk ui_ux_designer level intermediate mengenai blocker no_portfolio pada skill wireframing?,single_choice,belum_paham|paham_dasar|cukup_paham,val_ui_ux_139,high
Q_UI_U_0140,ui_ux,ui_ux_designer,basic,no_starting_point,Pertanyaan untuk ui_ux_designer level basic mengenai blocker no_starting_point pada skill wireframing?,single_choice,belum_paham|paham_dasar|cukup_paham,val_ui_ux_140,high
Q_UI_U_0141,ui_ux,ui_ux_designer,beginner,no_portfolio,Pertanyaan untuk ui_ux_designer level beginner mengenai blocker no_portfolio pada skill wireframing?,single_choice,belum_paham|paham_dasar|cukup_paham,val_ui_ux_141,high
Q_AI_M_0142,ai_ml,machine_learning_engineer,basic,skill_gap_confusion,Pertanyaan untuk machine_learning_engineer level basic mengenai blocker skill_gap_confusion pada skill python_basic?,single_choice,belum_paham|paham_dasar|cukup_paham,val_ai_ml_142,high
Q_WEB__0143,web_development,frontend_developer,basic,no_portfolio,Pertanyaan untuk frontend_developer level basic mengenai blocker no_portfolio pada skill html_basic?,single_choice,belum_paham|paham_dasar|cukup_paham,val_web_development_143,high
Q_WEB__0144,web_development,frontend_developer,intermediate,no_foundation,Pertanyaan untuk frontend_developer level intermediate mengenai blocker no_foundation pada skill css_basic?,single_choice,belum_paham|paham_dasar|cukup_paham,val_web_development_144,high
Q_UI_U_0145,ui_ux,ui_ux_designer,basic,no_foundation,Pertanyaan untuk ui_ux_designer level basic mengenai blocker no_foundation pada skill ui_principles?,single_choice,belum_paham|paham_dasar|cukup_paham,val_ui_ux_145,high
Q_CYBE_0146,cyber_security,soc_analyst,advanced,no_starting_point,Pertanyaan untuk soc_analyst level advanced mengenai blocker no_starting_point pada skill networking_fundamental?,single_choice,belum_paham|paham_dasar|cukup_paham,val_cyber_security_146,high
Q_CYBE_0147,cyber_security,soc_analyst,beginner,no_portfolio,Pertanyaan untuk soc_analyst level beginner mengenai blocker no_portfolio pada skill networking_fundamental?,single_choice,belum_paham|paham_dasar|cukup_paham,val_cyber_security_147,high
Q_WEB__0148,web_development,frontend_developer,beginner,no_portfolio,Pertanyaan untuk frontend_developer level beginner mengenai blocker no_portfolio pada skill css_basic?,single_choice,belum_paham|paham_dasar|cukup_paham,val_web_development_148,high
Q_WEB__0149,web_development,frontend_developer,intermediate,no_portfolio,Pertanyaan untuk frontend_developer level intermediate mengenai blocker no_portfolio pada skill html_basic?,single_choice,belum_paham|paham_dasar|cukup_paham,val_web_development_149,high
Q_AI_M_0150,ai_ml,machine_learning_engineer,advanced,no_starting_point,Pertanyaan untuk machine_learning_engineer level advanced mengenai blocker no_starting_point pada skill mlops?,single_choice,belum_paham|paham_dasar|cukup_paham,val_ai_ml_150,high
Q_UI_U_0151,ui_ux,ui_ux_designer,beginner,no_foundation,Pertanyaan untuk ui_ux_designer level beginner mengenai blocker no_foundation pada skill figma?,single_choice,belum_paham|paham_dasar|cukup_paham,val_ui_ux_151,high
Q_CYBE_0152,cyber_security,soc_analyst,beginner,no_foundation,Pertanyaan untuk soc_analyst level beginner mengenai blocker no_foundation pada skill linux_basic?,single_choice,belum_paham|paham_dasar|cukup_paham,val_cyber_security_152,high
Q_DATA_0153,data_science,data_analyst,beginner,skill_gap_confusion,Pertanyaan untuk data_analyst level beginner mengenai blocker skill_gap_confusion pada skill spreadsheet_basic?,single_choice,belum_paham|paham_dasar|cukup_paham,val_data_science_153,high
Q_AI_M_0154,ai_ml,machine_learning_engineer,advanced,no_foundation,Pertanyaan untuk machine_learning_engineer level advanced mengenai blocker no_foundation pada skill model_training?,single_choice,belum_paham|paham_dasar|cukup_paham,val_ai_ml_154,high
Q_AI_M_0155,ai_ml,machine_learning_engineer,beginner,no_foundation,Pertanyaan untuk machine_learning_engineer level beginner mengenai blocker no_foundation pada skill python_basic?,single_choice,belum_paham|paham_dasar|cukup_paham,val_ai_ml_155,high
Q_AI_M_0156,ai_ml,machine_learning_engineer,advanced,no_starting_point,Pertanyaan untuk machine_learning_engineer level advanced mengenai blocker no_starting_point pada skill mlops?,single_choice,belum_paham|paham_dasar|cukup_paham,val_ai_ml_156,high
Q_UI_U_0157,ui_ux,ui_ux_designer,intermediate,no_foundation,Pertanyaan untuk ui_ux_designer level intermediate mengenai blocker no_foundation pada skill ui_principles?,single_choice,belum_paham|paham_dasar|cukup_paham,val_ui_ux_157,high
Q_AI_M_0158,ai_ml,machine_learning_engineer,basic,no_starting_point,Pertanyaan untuk machine_learning_engineer level basic mengenai blocker no_starting_point pada skill model_training?,single_choice,belum_paham|paham_dasar|cukup_paham,val_ai_ml_158,high
Q_UI_U_0159,ui_ux,ui_ux_designer,advanced,no_starting_point,Pertanyaan untuk ui_ux_designer level advanced mengenai blocker no_starting_point pada skill ui_principles?,single_choice,belum_paham|paham_dasar|cukup_paham,val_ui_ux_159,high
Q_DATA_0160,data_science,data_analyst,intermediate,no_portfolio,Pertanyaan untuk data_analyst level intermediate mengenai blocker no_portfolio pada skill sql_basic?,single_choice,belum_paham|paham_dasar|cukup_paham,val_data_science_160,high
Q_DATA_0161,data_science,data_analyst,basic,no_starting_point,Pertanyaan untuk data_analyst level basic mengenai blocker no_starting_point pada skill python_basic?,single_choice,belum_paham|paham_dasar|cukup_paham,val_data_science_161,high
Q_WEB__0162,web_development,frontend_developer,intermediate,no_foundation,Pertanyaan untuk frontend_developer level intermediate mengenai blocker no_foundation pada skill css_basic?,single_choice,belum_paham|paham_dasar|cukup_paham,val_web_development_162,high
Q_DATA_0163,data_science,data_analyst,advanced,no_starting_point,Pertanyaan untuk data_analyst level advanced mengenai blocker no_starting_point pada skill python_basic?,single_choice,belum_paham|paham_dasar|cukup_paham,val_data_science_163,high
Q_AI_M_0164,ai_ml,machine_learning_engineer,beginner,skill_gap_confusion,Pertanyaan untuk machine_learning_engineer level beginner mengenai blocker skill_gap_confusion pada skill model_training?,single_choice,belum_paham|paham_dasar|cukup_paham,val_ai_ml_164,high
Q_DATA_0165,data_science,data_analyst,beginner,skill_gap_confusion,Pertanyaan untuk data_analyst level beginner mengenai blocker skill_gap_confusion pada skill spreadsheet_basic?,single_choice,belum_paham|paham_dasar|cukup_paham,val_data_science_165,high
Q_CYBE_0166,cyber_security,soc_analyst,basic,skill_gap_confusion,Pertanyaan untuk soc_analyst level basic mengenai blocker skill_gap_confusion pada skill linux_basic?,single_choice,belum_paham|paham_dasar|cukup_paham,val_cyber_security_166,high
Q_DATA_0167,data_science,data_analyst,advanced,no_portfolio,Pertanyaan untuk data_analyst level advanced mengenai blocker no_portfolio pada skill sql_basic?,single_choice,belum_paham|paham_dasar|cukup_paham,val_data_science_167,high
Q_WEB__0168,web_development,frontend_developer,basic,skill_gap_confusion,Pertanyaan untuk frontend_developer level basic mengenai blocker skill_gap_confusion pada skill html_basic?,single_choice,belum_paham|paham_dasar|cukup_paham,val_web_development_168,high
Q_WEB__0169,web_development,frontend_developer,basic,skill_gap_confusion,Pertanyaan untuk frontend_developer level basic mengenai blocker skill_gap_confusion pada skill html_basic?,single_choice,belum_paham|paham_dasar|cukup_paham,val_web_development_169,high
Q_UI_U_0170,ui_ux,ui_ux_designer,intermediate,no_starting_point,Pertanyaan untuk ui_ux_designer level intermediate mengenai blocker no_starting_point pada skill figma?,single_choice,belum_paham|paham_dasar|cukup_paham,val_ui_ux_170,high
Q_WEB__0171,web_development,frontend_developer,basic,no_foundation,Pertanyaan untuk frontend_developer level basic mengenai blocker no_foundation pada skill html_basic?,single_choice,belum_paham|paham_dasar|cukup_paham,val_web_development_171,high
Q_WEB__0172,web_development,frontend_developer,advanced,no_starting_point,Pertanyaan untuk frontend_developer level advanced mengenai blocker no_starting_point pada skill html_basic?,single_choice,belum_paham|paham_dasar|cukup_paham,val_web_development_172,high
Q_AI_M_0173,ai_ml,machine_learning_engineer,beginner,no_foundation,Pertanyaan untuk machine_learning_engineer level beginner mengenai blocker no_foundation pada skill python_basic?,single_choice,belum_paham|paham_dasar|cukup_paham,val_ai_ml_173,high
Q_UI_U_0174,ui_ux,ui_ux_designer,beginner,no_portfolio,Pertanyaan untuk ui_ux_designer level beginner mengenai blocker no_portfolio pada skill figma?,single_choice,belum_paham|paham_dasar|cukup_paham,val_ui_ux_174,high
Q_DATA_0175,data_science,data_analyst,intermediate,no_foundation,Pertanyaan untuk data_analyst level intermediate mengenai blocker no_foundation pada skill sql_basic?,single_choice,belum_paham|paham_dasar|cukup_paham,val_data_science_175,high
Q_DATA_0176,data_science,data_analyst,intermediate,no_foundation,Pertanyaan untuk data_analyst level intermediate mengenai blocker no_foundation pada skill sql_basic?,single_choice,belum_paham|paham_dasar|cukup_paham,val_data_science_176,high
Q_CYBE_0177,cyber_security,soc_analyst,intermediate,no_foundation,Pertanyaan untuk soc_analyst level intermediate mengenai blocker no_foundation pada skill log_analysis?,single_choice,belum_paham|paham_dasar|cukup_paham,val_cyber_security_177,high
Q_CYBE_0178,cyber_security,soc_analyst,advanced,no_portfolio,Pertanyaan untuk soc_analyst level advanced mengenai blocker no_portfolio pada skill log_analysis?,single_choice,belum_paham|paham_dasar|cukup_paham,val_cyber_security_178,high
Q_DATA_0179,data_science,data_analyst,intermediate,no_foundation,Pertanyaan untuk data_analyst level intermediate mengenai blocker no_foundation pada skill spreadsheet_basic?,single_choice,belum_paham|paham_dasar|cukup_paham,val_data_science_179,high
Q_UI_U_0180,ui_ux,ui_ux_designer,beginner,skill_gap_confusion,Pertanyaan untuk ui_ux_designer level beginner mengenai blocker skill_gap_confusion pada skill ui_principles?,single_choice,belum_paham|paham_dasar|cukup_paham,val_ui_ux_180,high
Q_AI_M_0181,ai_ml,machine_learning_engineer,advanced,skill_gap_confusion,Pertanyaan untuk machine_learning_engineer level advanced mengenai blocker skill_gap_confusion pada skill mlops?,single_choice,belum_paham|paham_dasar|cukup_paham,val_ai_ml_181,high
Q_CYBE_0182,cyber_security,soc_analyst,advanced,no_foundation,Pertanyaan untuk soc_analyst level advanced mengenai blocker no_foundation pada skill log_analysis?,single_choice,belum_paham|paham_dasar|cukup_paham,val_cyber_security_182,high
Q_CYBE_0183,cyber_security,soc_analyst,basic,no_starting_point,Pertanyaan untuk soc_analyst level basic mengenai blocker no_starting_point pada skill networking_fundamental?,single_choice,belum_paham|paham_dasar|cukup_paham,val_cyber_security_183,high
Q_WEB__0184,web_development,frontend_developer,beginner,no_portfolio,Pertanyaan untuk frontend_developer level beginner mengenai blocker no_portfolio pada skill html_basic?,single_choice,belum_paham|paham_dasar|cukup_paham,val_web_development_184,high
Q_CYBE_0185,cyber_security,soc_analyst,basic,skill_gap_confusion,Pertanyaan untuk soc_analyst level basic mengenai blocker skill_gap_confusion pada skill log_analysis?,single_choice,belum_paham|paham_dasar|cukup_paham,val_cyber_security_185,high
Q_WEB__0186,web_development,frontend_developer,beginner,skill_gap_confusion,Pertanyaan untuk frontend_developer level beginner mengenai blocker skill_gap_confusion pada skill html_basic?,single_choice,belum_paham|paham_dasar|cukup_paham,val_web_development_186,high
Q_AI_M_0187,ai_ml,machine_learning_engineer,intermediate,no_starting_point,Pertanyaan untuk machine_learning_engineer level intermediate mengenai blocker no_starting_point pada skill mlops?,single_choice,belum_paham|paham_dasar|cukup_paham,val_ai_ml_187,high
Q_DATA_0188,data_science,data_analyst,intermediate,no_starting_point,Pertanyaan untuk data_analyst level intermediate mengenai blocker no_starting_point pada skill sql_basic?,single_choice,belum_paham|paham_dasar|cukup_paham,val_data_science_188,high
Q_WEB__0189,web_development,frontend_developer,intermediate,no_portfolio,Pertanyaan untuk frontend_developer level intermediate mengenai blocker no_portfolio pada skill css_basic?,single_choice,belum_paham|paham_dasar|cukup_paham,val_web_development_189,high
Q_AI_M_0190,ai_ml,machine_learning_engineer,basic,no_starting_point,Pertanyaan untuk machine_learning_engineer level basic mengenai blocker no_starting_point pada skill mlops?,single_choice,belum_paham|paham_dasar|cukup_paham,val_ai_ml_190,high
Q_WEB__0191,web_development,frontend_developer,intermediate,no_foundation,Pertanyaan untuk frontend_developer level intermediate mengenai blocker no_foundation pada skill html_basic?,single_choice,belum_paham|paham_dasar|cukup_paham,val_web_development_191,high
Q_DATA_0192,data_science,data_analyst,beginner,no_starting_point,Pertanyaan untuk data_analyst level beginner mengenai blocker no_starting_point pada skill python_basic?,single_choice,belum_paham|paham_dasar|cukup_paham,val_data_science_192,high
Q_UI_U_0193,ui_ux,ui_ux_designer,intermediate,skill_gap_confusion,Pertanyaan untuk ui_ux_designer level intermediate mengenai blocker skill_gap_confusion pada skill wireframing?,single_choice,belum_paham|paham_dasar|cukup_paham,val_ui_ux_193,high
Q_UI_U_0194,ui_ux,ui_ux_designer,beginner,skill_gap_confusion,Pertanyaan untuk ui_ux_designer level beginner mengenai blocker skill_gap_confusion pada skill figma?,single_choice,belum_paham|paham_dasar|cukup_paham,val_ui_ux_194,high
Q_AI_M_0195,ai_ml,machine_learning_engineer,beginner,skill_gap_confusion,Pertanyaan untuk machine_learning_engineer level beginner mengenai blocker skill_gap_confusion pada skill python_basic?,single_choice,belum_paham|paham_dasar|cukup_paham,val_ai_ml_195,high
Q_WEB__0196,web_development,frontend_developer,beginner,no_starting_point,Pertanyaan untuk frontend_developer level beginner mengenai blocker no_starting_point pada skill html_basic?,single_choice,belum_paham|paham_dasar|cukup_paham,val_web_development_196,high
Q_AI_M_0197,ai_ml,machine_learning_engineer,intermediate,no_portfolio,Pertanyaan untuk machine_learning_engineer level intermediate mengenai blocker no_portfolio pada skill mlops?,single_choice,belum_paham|paham_dasar|cukup_paham,val_ai_ml_197,high
Q_AI_M_0198,ai_ml,machine_learning_engineer,beginner,skill_gap_confusion,Pertanyaan untuk machine_learning_engineer level beginner mengenai blocker skill_gap_confusion pada skill model_training?,single_choice,belum_paham|paham_dasar|cukup_paham,val_ai_ml_198,high
Q_DATA_0199,data_science,data_analyst,intermediate,skill_gap_confusion,Pertanyaan untuk data_analyst level intermediate mengenai blocker skill_gap_confusion pada skill spreadsheet_basic?,single_choice,belum_paham|paham_dasar|cukup_paham,val_data_science_199,high
Q_UI_U_0200,ui_ux,ui_ux_designer,basic,no_portfolio,Pertanyaan untuk ui_ux_designer level basic mengenai blocker no_portfolio pada skill wireframing?,single_choice,belum_paham|paham_dasar|cukup_paham,val_ui_ux_200,high
Q_WEB__0201,web_development,frontend_developer,advanced,no_portfolio,Pertanyaan untuk frontend_developer level advanced mengenai blocker no_portfolio pada skill html_basic?,single_choice,belum_paham|paham_dasar|cukup_paham,val_web_development_201,high
Q_DATA_0202,data_science,data_analyst,advanced,no_portfolio,Pertanyaan untuk data_analyst level advanced mengenai blocker no_portfolio pada skill python_basic?,single_choice,belum_paham|paham_dasar|cukup_paham,val_data_science_202,high
Q_UI_U_0203,ui_ux,ui_ux_designer,beginner,no_foundation,Pertanyaan untuk ui_ux_designer level beginner mengenai blocker no_foundation pada skill wireframing?,single_choice,belum_paham|paham_dasar|cukup_paham,val_ui_ux_203,high
Q_UI_U_0204,ui_ux,ui_ux_designer,beginner,no_starting_point,Pertanyaan untuk ui_ux_designer level beginner mengenai blocker no_starting_point pada skill ui_principles?,single_choice,belum_paham|paham_dasar|cukup_paham,val_ui_ux_204,high
Q_DATA_0205,data_science,data_analyst,basic,no_foundation,Pertanyaan untuk data_analyst level basic mengenai blocker no_foundation pada skill spreadsheet_basic?,single_choice,belum_paham|paham_dasar|cukup_paham,val_data_science_205,high
Q_CYBE_0206,cyber_security,soc_analyst,beginner,no_portfolio,Pertanyaan untuk soc_analyst level beginner mengenai blocker no_portfolio pada skill networking_fundamental?,single_choice,belum_paham|paham_dasar|cukup_paham,val_cyber_security_206,high
Q_CYBE_0207,cyber_security,soc_analyst,advanced,skill_gap_confusion,Pertanyaan untuk soc_analyst level advanced mengenai blocker skill_gap_confusion pada skill networking_fundamental?,single_choice,belum_paham|paham_dasar|cukup_paham,val_cyber_security_207,high
Q_DATA_0208,data_science,data_analyst,basic,no_portfolio,Pertanyaan untuk data_analyst level basic mengenai blocker no_portfolio pada skill python_basic?,single_choice,belum_paham|paham_dasar|cukup_paham,val_data_science_208,high
Q_CYBE_0209,cyber_security,soc_analyst,basic,no_starting_point,Pertanyaan untuk soc_analyst level basic mengenai blocker no_starting_point pada skill linux_basic?,single_choice,belum_paham|paham_dasar|cukup_paham,val_cyber_security_209,high
Q_DATA_0210,data_science,data_analyst,advanced,skill_gap_confusion,Pertanyaan untuk data_analyst level advanced mengenai blocker skill_gap_confusion pada skill python_basic?,single_choice,belum_paham|paham_dasar|cukup_paham,val_data_science_210,high
Q_DATA_0211,data_science,data_analyst,intermediate,skill_gap_confusion,Pertanyaan untuk data_analyst level intermediate mengenai blocker skill_gap_confusion pada skill spreadsheet_basic?,single_choice,belum_paham|paham_dasar|cukup_paham,val_data_science_211,high
Q_WEB__0212,web_development,frontend_developer,basic,no_foundation,Pertanyaan untuk frontend_developer level basic mengenai blocker no_foundation pada skill css_basic?,single_choice,belum_paham|paham_dasar|cukup_paham,val_web_development_212,high
Q_AI_M_0213,ai_ml,machine_learning_engineer,advanced,no_starting_point,Pertanyaan untuk machine_learning_engineer level advanced mengenai blocker no_starting_point pada skill python_basic?,single_choice,belum_paham|paham_dasar|cukup_paham,val_ai_ml_213,high
Q_DATA_0214,data_science,data_analyst,beginner,skill_gap_confusion,Pertanyaan untuk data_analyst level beginner mengenai blocker skill_gap_confusion pada skill sql_basic?,single_choice,belum_paham|paham_dasar|cukup_paham,val_data_science_214,high
Q_WEB__0215,web_development,frontend_developer,intermediate,no_portfolio,Pertanyaan untuk frontend_developer level intermediate mengenai blocker no_portfolio pada skill javascript_basic?,single_choice,belum_paham|paham_dasar|cukup_paham,val_web_development_215,high
Q_WEB__0216,web_development,frontend_developer,advanced,no_foundation,Pertanyaan untuk frontend_developer level advanced mengenai blocker no_foundation pada skill css_basic?,single_choice,belum_paham|paham_dasar|cukup_paham,val_web_development_216,high
Q_WEB__0217,web_development,frontend_developer,basic,no_portfolio,Pertanyaan untuk frontend_developer level basic mengenai blocker no_portfolio pada skill javascript_basic?,single_choice,belum_paham|paham_dasar|cukup_paham,val_web_development_217,high
Q_WEB__0218,web_development,frontend_developer,basic,no_foundation,Pertanyaan untuk frontend_developer level basic mengenai blocker no_foundation pada skill javascript_basic?,single_choice,belum_paham|paham_dasar|cukup_paham,val_web_development_218,high
Q_AI_M_0219,ai_ml,machine_learning_engineer,intermediate,no_starting_point,Pertanyaan untuk machine_learning_engineer level intermediate mengenai blocker no_starting_point pada skill mlops?,single_choice,belum_paham|paham_dasar|cukup_paham,val_ai_ml_219,high
Q_AI_M_0220,ai_ml,machine_learning_engineer,beginner,no_starting_point,Pertanyaan untuk machine_learning_engineer level beginner mengenai blocker no_starting_point pada skill model_training?,single_choice,belum_paham|paham_dasar|cukup_paham,val_ai_ml_220,high
Q_CYBE_0221,cyber_security,soc_analyst,basic,no_foundation,Pertanyaan untuk soc_analyst level basic mengenai blocker no_foundation pada skill networking_fundamental?,single_choice,belum_paham|paham_dasar|cukup_paham,val_cyber_security_221,high
Q_CYBE_0222,cyber_security,soc_analyst,beginner,no_foundation,Pertanyaan untuk soc_analyst level beginner mengenai blocker no_foundation pada skill networking_fundamental?,single_choice,belum_paham|paham_dasar|cukup_paham,val_cyber_security_222,high
Q_WEB__0223,web_development,frontend_developer,basic,no_starting_point,Pertanyaan untuk frontend_developer level basic mengenai blocker no_starting_point pada skill css_basic?,single_choice,belum_paham|paham_dasar|cukup_paham,val_web_development_223,high
Q_AI_M_0224,ai_ml,machine_learning_engineer,beginner,no_starting_point,Pertanyaan untuk machine_learning_engineer level beginner mengenai blocker no_starting_point pada skill python_basic?,single_choice,belum_paham|paham_dasar|cukup_paham,val_ai_ml_224,high
Q_AI_M_0225,ai_ml,machine_learning_engineer,advanced,no_foundation,Pertanyaan untuk machine_learning_engineer level advanced mengenai blocker no_foundation pada skill mlops?,single_choice,belum_paham|paham_dasar|cukup_paham,val_ai_ml_225,high
Q_AI_M_0226,ai_ml,machine_learning_engineer,advanced,no_portfolio,Pertanyaan untuk machine_learning_engineer level advanced mengenai blocker no_portfolio pada skill model_training?,single_choice,belum_paham|paham_dasar|cukup_paham,val_ai_ml_226,high
Q_CYBE_0227,cyber_security,soc_analyst,beginner,no_starting_point,Pertanyaan untuk soc_analyst level beginner mengenai blocker no_starting_point pada skill networking_fundamental?,single_choice,belum_paham|paham_dasar|cukup_paham,val_cyber_security_227,high
Q_DATA_0228,data_science,data_analyst,intermediate,skill_gap_confusion,Pertanyaan untuk data_analyst level intermediate mengenai blocker skill_gap_confusion pada skill sql_basic?,single_choice,belum_paham|paham_dasar|cukup_paham,val_data_science_228,high
Q_DATA_0229,data_science,data_analyst,beginner,no_portfolio,Pertanyaan untuk data_analyst level beginner mengenai blocker no_portfolio pada skill sql_basic?,single_choice,belum_paham|paham_dasar|cukup_paham,val_data_science_229,high
Q_AI_M_0230,ai_ml,machine_learning_engineer,beginner,skill_gap_confusion,Pertanyaan untuk machine_learning_engineer level beginner mengenai blocker skill_gap_confusion pada skill mlops?,single_choice,belum_paham|paham_dasar|cukup_paham,val_ai_ml_230,high
Q_UI_U_0231,ui_ux,ui_ux_designer,intermediate,no_foundation,Pertanyaan untuk ui_ux_designer level intermediate mengenai blocker no_foundation pada skill wireframing?,single_choice,belum_paham|paham_dasar|cukup_paham,val_ui_ux_231,high
Q_UI_U_0232,ui_ux,ui_ux_designer,beginner,no_foundation,Pertanyaan untuk ui_ux_designer level beginner mengenai blocker no_foundation pada skill wireframing?,single_choice,belum_paham|paham_dasar|cukup_paham,val_ui_ux_232,high
Q_WEB__0233,web_development,frontend_developer,beginner,no_foundation,Pertanyaan untuk frontend_developer level beginner mengenai blocker no_foundation pada skill javascript_basic?,single_choice,belum_paham|paham_dasar|cukup_paham,val_web_development_233,high
Q_UI_U_0234,ui_ux,ui_ux_designer,advanced,skill_gap_confusion,Pertanyaan untuk ui_ux_designer level advanced mengenai blocker skill_gap_confusion pada skill figma?,single_choice,belum_paham|paham_dasar|cukup_paham,val_ui_ux_234,high
Q_CYBE_0235,cyber_security,soc_analyst,beginner,no_portfolio,Pertanyaan untuk soc_analyst level beginner mengenai blocker no_portfolio pada skill networking_fundamental?,single_choice,belum_paham|paham_dasar|cukup_paham,val_cyber_security_235,high
Q_AI_M_0236,ai_ml,machine_learning_engineer,intermediate,no_starting_point,Pertanyaan untuk machine_learning_engineer level intermediate mengenai blocker no_starting_point pada skill model_training?,single_choice,belum_paham|paham_dasar|cukup_paham,val_ai_ml_236,high
Q_AI_M_0237,ai_ml,machine_learning_engineer,beginner,no_starting_point,Pertanyaan untuk machine_learning_engineer level beginner mengenai blocker no_starting_point pada skill mlops?,single_choice,belum_paham|paham_dasar|cukup_paham,val_ai_ml_237,high
Q_DATA_0238,data_science,data_analyst,advanced,skill_gap_confusion,Pertanyaan untuk data_analyst level advanced mengenai blocker skill_gap_confusion pada skill spreadsheet_basic?,single_choice,belum_paham|paham_dasar|cukup_paham,val_data_science_238,high
Q_WEB__0239,web_development,frontend_developer,beginner,no_portfolio,Pertanyaan untuk frontend_developer level beginner mengenai blocker no_portfolio pada skill javascript_basic?,single_choice,belum_paham|paham_dasar|cukup_paham,val_web_development_239,high
Q_UI_U_0240,ui_ux,ui_ux_designer,beginner,no_starting_point,Pertanyaan untuk ui_ux_designer level beginner mengenai blocker no_starting_point pada skill figma?,single_choice,belum_paham|paham_dasar|cukup_paham,val_ui_ux_240,high
Q_WEB__0241,web_development,frontend_developer,beginner,no_portfolio,Pertanyaan untuk frontend_developer level beginner mengenai blocker no_portfolio pada skill html_basic?,single_choice,belum_paham|paham_dasar|cukup_paham,val_web_development_241,high
Q_AI_M_0242,ai_ml,machine_learning_engineer,beginner,no_starting_point,Pertanyaan untuk machine_learning_engineer level beginner mengenai blocker no_starting_point pada skill python_basic?,single_choice,belum_paham|paham_dasar|cukup_paham,val_ai_ml_242,high
Q_WEB__0243,web_development,frontend_developer,beginner,no_portfolio,Pertanyaan untuk frontend_developer level beginner mengenai blocker no_portfolio pada skill css_basic?,single_choice,belum_paham|paham_dasar|cukup_paham,val_web_development_243,high
Q_WEB__0244,web_development,frontend_developer,intermediate,no_foundation,Pertanyaan untuk frontend_developer level intermediate mengenai blocker no_foundation pada skill html_basic?,single_choice,belum_paham|paham_dasar|cukup_paham,val_web_development_244,high
Q_AI_M_0245,ai_ml,machine_learning_engineer,beginner,no_portfolio,Pertanyaan untuk machine_learning_engineer level beginner mengenai blocker no_portfolio pada skill mlops?,single_choice,belum_paham|paham_dasar|cukup_paham,val_ai_ml_245,high
Q_WEB__0246,web_development,frontend_developer,beginner,no_starting_point,Pertanyaan untuk frontend_developer level beginner mengenai blocker no_starting_point pada skill html_basic?,single_choice,belum_paham|paham_dasar|cukup_paham,val_web_development_246,high
Q_UI_U_0247,ui_ux,ui_ux_designer,advanced,no_foundation,Pertanyaan untuk ui_ux_designer level advanced mengenai blocker no_foundation pada skill figma?,single_choice,belum_paham|paham_dasar|cukup_paham,val_ui_ux_247,high
Q_UI_U_0248,ui_ux,ui_ux_designer,advanced,no_foundation,Pertanyaan untuk ui_ux_designer level advanced mengenai blocker no_foundation pada skill wireframing?,single_choice,belum_paham|paham_dasar|cukup_paham,val_ui_ux_248,high
Q_WEB__0249,web_development,frontend_developer,intermediate,skill_gap_confusion,Pertanyaan untuk frontend_developer level intermediate mengenai blocker skill_gap_confusion pada skill javascript_basic?,single_choice,belum_paham|paham_dasar|cukup_paham,val_web_development_249,high
Q_CYBE_0250,cyber_security,soc_analyst,intermediate,no_starting_point,Pertanyaan untuk soc_analyst level intermediate mengenai blocker no_starting_point pada skill log_analysis?,single_choice,belum_paham|paham_dasar|cukup_paham,val_cyber_security_250,high
Q_DATA_0251,data_science,data_analyst,intermediate,no_starting_point,Pertanyaan untuk data_analyst level intermediate mengenai blocker no_starting_point pada skill python_basic?,single_choice,belum_paham|paham_dasar|cukup_paham,val_data_science_251,high
Q_DATA_0252,data_science,data_analyst,intermediate,skill_gap_confusion,Pertanyaan untuk data_analyst level intermediate mengenai blocker skill_gap_confusion pada skill sql_basic?,single_choice,belum_paham|paham_dasar|cukup_paham,val_data_science_252,high
Q_CYBE_0253,cyber_security,soc_analyst,basic,no_starting_point,Pertanyaan untuk soc_analyst level basic mengenai blocker no_starting_point pada skill networking_fundamental?,single_choice,belum_paham|paham_dasar|cukup_paham,val_cyber_security_253,high
Q_DATA_0254,data_science,data_analyst,advanced,no_foundation,Pertanyaan untuk data_analyst level advanced mengenai blocker no_foundation pada skill spreadsheet_basic?,single_choice,belum_paham|paham_dasar|cukup_paham,val_data_science_254,high
Q_UI_U_0255,ui_ux,ui_ux_designer,advanced,no_portfolio,Pertanyaan untuk ui_ux_designer level advanced mengenai blocker no_portfolio pada skill figma?,single_choice,belum_paham|paham_dasar|cukup_paham,val_ui_ux_255,high
Q_CYBE_0256,cyber_security,soc_analyst,intermediate,no_starting_point,Pertanyaan untuk soc_analyst level intermediate mengenai blocker no_starting_point pada skill log_analysis?,single_choice,belum_paham|paham_dasar|cukup_paham,val_cyber_security_256,high
Q_WEB__0257,web_development,frontend_developer,beginner,no_starting_point,Pertanyaan untuk frontend_developer level beginner mengenai blocker no_starting_point pada skill javascript_basic?,single_choice,belum_paham|paham_dasar|cukup_paham,val_web_development_257,high
Q_CYBE_0258,cyber_security,soc_analyst,beginner,no_starting_point,Pertanyaan untuk soc_analyst level beginner mengenai blocker no_starting_point pada skill linux_basic?,single_choice,belum_paham|paham_dasar|cukup_paham,val_cyber_security_258,high
Q_DATA_0259,data_science,data_analyst,beginner,no_starting_point,Pertanyaan untuk data_analyst level beginner mengenai blocker no_starting_point pada skill python_basic?,single_choice,belum_paham|paham_dasar|cukup_paham,val_data_science_259,high
Q_DATA_0260,data_science,data_analyst,basic,no_starting_point,Pertanyaan untuk data_analyst level basic mengenai blocker no_starting_point pada skill python_basic?,single_choice,belum_paham|paham_dasar|cukup_paham,val_data_science_260,high
Q_WEB__0261,web_development,frontend_developer,beginner,skill_gap_confusion,Pertanyaan untuk frontend_developer level beginner mengenai blocker skill_gap_confusion pada skill css_basic?,single_choice,belum_paham|paham_dasar|cukup_paham,val_web_development_261,high
Q_AI_M_0262,ai_ml,machine_learning_engineer,advanced,no_foundation,Pertanyaan untuk machine_learning_engineer level advanced mengenai blocker no_foundation pada skill python_basic?,single_choice,belum_paham|paham_dasar|cukup_paham,val_ai_ml_262,high
Q_WEB__0263,web_development,frontend_developer,basic,no_portfolio,Pertanyaan untuk frontend_developer level basic mengenai blocker no_portfolio pada skill css_basic?,single_choice,belum_paham|paham_dasar|cukup_paham,val_web_development_263,high
Q_DATA_0264,data_science,data_analyst,beginner,skill_gap_confusion,Pertanyaan untuk data_analyst level beginner mengenai blocker skill_gap_confusion pada skill python_basic?,single_choice,belum_paham|paham_dasar|cukup_paham,val_data_science_264,high
Q_CYBE_0265,cyber_security,soc_analyst,intermediate,no_portfolio,Pertanyaan untuk soc_analyst level intermediate mengenai blocker no_portfolio pada skill networking_fundamental?,single_choice,belum_paham|paham_dasar|cukup_paham,val_cyber_security_265,high
Q_AI_M_0266,ai_ml,machine_learning_engineer,advanced,no_foundation,Pertanyaan untuk machine_learning_engineer level advanced mengenai blocker no_foundation pada skill model_training?,single_choice,belum_paham|paham_dasar|cukup_paham,val_ai_ml_266,high
Q_AI_M_0267,ai_ml,machine_learning_engineer,intermediate,no_foundation,Pertanyaan untuk machine_learning_engineer level intermediate mengenai blocker no_foundation pada skill python_basic?,single_choice,belum_paham|paham_dasar|cukup_paham,val_ai_ml_267,high
Q_DATA_0268,data_science,data_analyst,beginner,no_starting_point,Pertanyaan untuk data_analyst level beginner mengenai blocker no_starting_point pada skill python_basic?,single_choice,belum_paham|paham_dasar|cukup_paham,val_data_science_268,high
Q_CYBE_0269,cyber_security,soc_analyst,intermediate,no_portfolio,Pertanyaan untuk soc_analyst level intermediate mengenai blocker no_portfolio pada skill log_analysis?,single_choice,belum_paham|paham_dasar|cukup_paham,val_cyber_security_269,high
Q_CYBE_0270,cyber_security,soc_analyst,intermediate,no_portfolio,Pertanyaan untuk soc_analyst level intermediate mengenai blocker no_portfolio pada skill linux_basic?,single_choice,belum_paham|paham_dasar|cukup_paham,val_cyber_security_270,high
Q_DATA_0271,data_science,data_analyst,advanced,no_foundation,Pertanyaan untuk data_analyst level advanced mengenai blocker no_foundation pada skill python_basic?,single_choice,belum_paham|paham_dasar|cukup_paham,val_data_science_271,high
Q_UI_U_0272,ui_ux,ui_ux_designer,beginner,no_portfolio,Pertanyaan untuk ui_ux_designer level beginner mengenai blocker no_portfolio pada skill figma?,single_choice,belum_paham|paham_dasar|cukup_paham,val_ui_ux_272,high
Q_AI_M_0273,ai_ml,machine_learning_engineer,advanced,no_starting_point,Pertanyaan untuk machine_learning_engineer level advanced mengenai blocker no_starting_point pada skill mlops?,single_choice,belum_paham|paham_dasar|cukup_paham,val_ai_ml_273,high
Q_CYBE_0274,cyber_security,soc_analyst,intermediate,no_foundation,Pertanyaan untuk soc_analyst level intermediate mengenai blocker no_foundation pada skill networking_fundamental?,single_choice,belum_paham|paham_dasar|cukup_paham,val_cyber_security_274,high
Q_DATA_0275,data_science,data_analyst,intermediate,no_starting_point,Pertanyaan untuk data_analyst level intermediate mengenai blocker no_starting_point pada skill sql_basic?,single_choice,belum_paham|paham_dasar|cukup_paham,val_data_science_275,high
Q_WEB__0276,web_development,frontend_developer,intermediate,no_portfolio,Pertanyaan untuk frontend_developer level intermediate mengenai blocker no_portfolio pada skill css_basic?,single_choice,belum_paham|paham_dasar|cukup_paham,val_web_development_276,high
Q_CYBE_0277,cyber_security,soc_analyst,advanced,skill_gap_confusion,Pertanyaan untuk soc_analyst level advanced mengenai blocker skill_gap_confusion pada skill linux_basic?,single_choice,belum_paham|paham_dasar|cukup_paham,val_cyber_security_277,high
Q_AI_M_0278,ai_ml,machine_learning_engineer,beginner,no_foundation,Pertanyaan untuk machine_learning_engineer level beginner mengenai blocker no_foundation pada skill model_training?,single_choice,belum_paham|paham_dasar|cukup_paham,val_ai_ml_278,high
Q_DATA_0279,data_science,data_analyst,advanced,skill_gap_confusion,Pertanyaan untuk data_analyst level advanced mengenai blocker skill_gap_confusion pada skill python_basic?,single_choice,belum_paham|paham_dasar|cukup_paham,val_data_science_279,high
Q_CYBE_0280,cyber_security,soc_analyst,beginner,skill_gap_confusion,Pertanyaan untuk soc_analyst level beginner mengenai blocker skill_gap_confusion pada skill log_analysis?,single_choice,belum_paham|paham_dasar|cukup_paham,val_cyber_security_280,high
Q_AI_M_0281,ai_ml,machine_learning_engineer,advanced,no_starting_point,Pertanyaan untuk machine_learning_engineer level advanced mengenai blocker no_starting_point pada skill model_training?,single_choice,belum_paham|paham_dasar|cukup_paham,val_ai_ml_281,high
Q_DATA_0282,data_science,data_analyst,basic,skill_gap_confusion,Pertanyaan untuk data_analyst level basic mengenai blocker skill_gap_confusion pada skill spreadsheet_basic?,single_choice,belum_paham|paham_dasar|cukup_paham,val_data_science_282,high
Q_AI_M_0283,ai_ml,machine_learning_engineer,basic,no_starting_point,Pertanyaan untuk machine_learning_engineer level basic mengenai blocker no_starting_point pada skill mlops?,single_choice,belum_paham|paham_dasar|cukup_paham,val_ai_ml_283,high
Q_AI_M_0284,ai_ml,machine_learning_engineer,advanced,no_portfolio,Pertanyaan untuk machine_learning_engineer level advanced mengenai blocker no_portfolio pada skill python_basic?,single_choice,belum_paham|paham_dasar|cukup_paham,val_ai_ml_284,high
Q_CYBE_0285,cyber_security,soc_analyst,beginner,no_portfolio,Pertanyaan untuk soc_analyst level beginner mengenai blocker no_portfolio pada skill log_analysis?,single_choice,belum_paham|paham_dasar|cukup_paham,val_cyber_security_285,high
Q_WEB__0286,web_development,frontend_developer,basic,skill_gap_confusion,Pertanyaan untuk frontend_developer level basic mengenai blocker skill_gap_confusion pada skill javascript_basic?,single_choice,belum_paham|paham_dasar|cukup_paham,val_web_development_286,high
Q_AI_M_0287,ai_ml,machine_learning_engineer,beginner,no_portfolio,Pertanyaan untuk machine_learning_engineer level beginner mengenai blocker no_portfolio pada skill mlops?,single_choice,belum_paham|paham_dasar|cukup_paham,val_ai_ml_287,high
Q_WEB__0288,web_development,frontend_developer,basic,no_foundation,Pertanyaan untuk frontend_developer level basic mengenai blocker no_foundation pada skill html_basic?,single_choice,belum_paham|paham_dasar|cukup_paham,val_web_development_288,high
Q_DATA_0289,data_science,data_analyst,basic,skill_gap_confusion,Pertanyaan untuk data_analyst level basic mengenai blocker skill_gap_confusion pada skill python_basic?,single_choice,belum_paham|paham_dasar|cukup_paham,val_data_science_289,high
Q_DATA_0290,data_science,data_analyst,beginner,no_starting_point,Pertanyaan untuk data_analyst level beginner mengenai blocker no_starting_point pada skill spreadsheet_basic?,single_choice,belum_paham|paham_dasar|cukup_paham,val_data_science_290,high
Q_AI_M_0291,ai_ml,machine_learning_engineer,intermediate,no_portfolio,Pertanyaan untuk machine_learning_engineer level intermediate mengenai blocker no_portfolio pada skill mlops?,single_choice,belum_paham|paham_dasar|cukup_paham,val_ai_ml_291,high
Q_WEB__0292,web_development,frontend_developer,intermediate,skill_gap_confusion,Pertanyaan untuk frontend_developer level intermediate mengenai blocker skill_gap_confusion pada skill css_basic?,single_choice,belum_paham|paham_dasar|cukup_paham,val_web_development_292,high
Q_UI_U_0293,ui_ux,ui_ux_designer,basic,skill_gap_confusion,Pertanyaan untuk ui_ux_designer level basic mengenai blocker skill_gap_confusion pada skill wireframing?,single_choice,belum_paham|paham_dasar|cukup_paham,val_ui_ux_293,high
Q_UI_U_0294,ui_ux,ui_ux_designer,basic,skill_gap_confusion,Pertanyaan untuk ui_ux_designer level basic mengenai blocker skill_gap_confusion pada skill figma?,single_choice,belum_paham|paham_dasar|cukup_paham,val_ui_ux_294,high
Q_WEB__0295,web_development,frontend_developer,basic,no_starting_point,Pertanyaan untuk frontend_developer level basic mengenai blocker no_starting_point pada skill html_basic?,single_choice,belum_paham|paham_dasar|cukup_paham,val_web_development_295,high
Q_CYBE_0296,cyber_security,soc_analyst,basic,no_portfolio,Pertanyaan untuk soc_analyst level basic mengenai blocker no_portfolio pada skill networking_fundamental?,single_choice,belum_paham|paham_dasar|cukup_paham,val_cyber_security_296,high
Q_CYBE_0297,cyber_security,soc_analyst,basic,no_starting_point,Pertanyaan untuk soc_analyst level basic mengenai blocker no_starting_point pada skill networking_fundamental?,single_choice,belum_paham|paham_dasar|cukup_paham,val_cyber_security_297,high
Q_WEB__0298,web_development,frontend_developer,intermediate,skill_gap_confusion,Pertanyaan untuk frontend_developer level intermediate mengenai blocker skill_gap_confusion pada skill css_basic?,single_choice,belum_paham|paham_dasar|cukup_paham,val_web_development_298,high
Q_WEB__0299,web_development,frontend_developer,beginner,no_foundation,Pertanyaan untuk frontend_developer level beginner mengenai blocker no_foundation pada skill html_basic?,single_choice,belum_paham|paham_dasar|cukup_paham,val_web_development_299,high
Q_AI_M_0300,ai_ml,machine_learning_engineer,advanced,skill_gap_confusion,Pertanyaan untuk machine_learning_engineer level advanced mengenai blocker skill_gap_confusion pada skill model_training?,single_choice,belum_paham|paham_dasar|cukup_paham,val_ai_ml_300,high
Q_AI_M_0301,ai_ml,machine_learning_engineer,intermediate,skill_gap_confusion,Pertanyaan untuk machine_learning_engineer level intermediate mengenai blocker skill_gap_confusion pada skill mlops?,single_choice,belum_paham|paham_dasar|cukup_paham,val_ai_ml_301,high
Q_CYBE_0302,cyber_security,soc_analyst,advanced,skill_gap_confusion,Pertanyaan untuk soc_analyst level advanced mengenai blocker skill_gap_confusion pada skill log_analysis?,single_choice,belum_paham|paham_dasar|cukup_paham,val_cyber_security_302,high
Q_CYBE_0303,cyber_security,soc_analyst,advanced,no_foundation,Pertanyaan untuk soc_analyst level advanced mengenai blocker no_foundation pada skill linux_basic?,single_choice,belum_paham|paham_dasar|cukup_paham,val_cyber_security_303,high
Q_DATA_0304,data_science,data_analyst,advanced,no_portfolio,Pertanyaan untuk data_analyst level advanced mengenai blocker no_portfolio pada skill sql_basic?,single_choice,belum_paham|paham_dasar|cukup_paham,val_data_science_304,high
Q_DATA_0305,data_science,data_analyst,advanced,no_portfolio,Pertanyaan untuk data_analyst level advanced mengenai blocker no_portfolio pada skill sql_basic?,single_choice,belum_paham|paham_dasar|cukup_paham,val_data_science_305,high
Q_DATA_0306,data_science,data_analyst,beginner,no_portfolio,Pertanyaan untuk data_analyst level beginner mengenai blocker no_portfolio pada skill sql_basic?,single_choice,belum_paham|paham_dasar|cukup_paham,val_data_science_306,high
Q_CYBE_0307,cyber_security,soc_analyst,advanced,skill_gap_confusion,Pertanyaan untuk soc_analyst level advanced mengenai blocker skill_gap_confusion pada skill networking_fundamental?,single_choice,belum_paham|paham_dasar|cukup_paham,val_cyber_security_307,high
Q_AI_M_0308,ai_ml,machine_learning_engineer,basic,no_foundation,Pertanyaan untuk machine_learning_engineer level basic mengenai blocker no_foundation pada skill model_training?,single_choice,belum_paham|paham_dasar|cukup_paham,val_ai_ml_308,high
Q_DATA_0309,data_science,data_analyst,basic,skill_gap_confusion,Pertanyaan untuk data_analyst level basic mengenai blocker skill_gap_confusion pada skill spreadsheet_basic?,single_choice,belum_paham|paham_dasar|cukup_paham,val_data_science_309,high
Q_UI_U_0310,ui_ux,ui_ux_designer,beginner,no_foundation,Pertanyaan untuk ui_ux_designer level beginner mengenai blocker no_foundation pada skill wireframing?,single_choice,belum_paham|paham_dasar|cukup_paham,val_ui_ux_310,high
Q_UI_U_0311,ui_ux,ui_ux_designer,intermediate,skill_gap_confusion,Pertanyaan untuk ui_ux_designer level intermediate mengenai blocker skill_gap_confusion pada skill ui_principles?,single_choice,belum_paham|paham_dasar|cukup_paham,val_ui_ux_311,high
Q_CYBE_0312,cyber_security,soc_analyst,intermediate,no_starting_point,Pertanyaan untuk soc_analyst level intermediate mengenai blocker no_starting_point pada skill linux_basic?,single_choice,belum_paham|paham_dasar|cukup_paham,val_cyber_security_312,high
Q_DATA_0313,data_science,data_analyst,intermediate,skill_gap_confusion,Pertanyaan untuk data_analyst level intermediate mengenai blocker skill_gap_confusion pada skill python_basic?,single_choice,belum_paham|paham_dasar|cukup_paham,val_data_science_313,high
Q_WEB__0314,web_development,frontend_developer,intermediate,no_foundation,Pertanyaan untuk frontend_developer level intermediate mengenai blocker no_foundation pada skill html_basic?,single_choice,belum_paham|paham_dasar|cukup_paham,val_web_development_314,high
Q_DATA_0315,data_science,data_analyst,intermediate,no_starting_point,Pertanyaan untuk data_analyst level intermediate mengenai blocker no_starting_point pada skill spreadsheet_basic?,single_choice,belum_paham|paham_dasar|cukup_paham,val_data_science_315,high
Q_AI_M_0316,ai_ml,machine_learning_engineer,beginner,no_foundation,Pertanyaan untuk machine_learning_engineer level beginner mengenai blocker no_foundation pada skill mlops?,single_choice,belum_paham|paham_dasar|cukup_paham,val_ai_ml_316,high
Q_DATA_0317,data_science,data_analyst,advanced,no_starting_point,Pertanyaan untuk data_analyst level advanced mengenai blocker no_starting_point pada skill spreadsheet_basic?,single_choice,belum_paham|paham_dasar|cukup_paham,val_data_science_317,high
Q_UI_U_0318,ui_ux,ui_ux_designer,basic,skill_gap_confusion,Pertanyaan untuk ui_ux_designer level basic mengenai blocker skill_gap_confusion pada skill figma?,single_choice,belum_paham|paham_dasar|cukup_paham,val_ui_ux_318,high
Q_DATA_0319,data_science,data_analyst,advanced,no_foundation,Pertanyaan untuk data_analyst level advanced mengenai blocker no_foundation pada skill sql_basic?,single_choice,belum_paham|paham_dasar|cukup_paham,val_data_science_319,high
Q_DATA_0320,data_science,data_analyst,intermediate,skill_gap_confusion,Pertanyaan untuk data_analyst level intermediate mengenai blocker skill_gap_confusion pada skill spreadsheet_basic?,single_choice,belum_paham|paham_dasar|cukup_paham,val_data_science_320,high
Q_UI_U_0321,ui_ux,ui_ux_designer,advanced,no_portfolio,Pertanyaan untuk ui_ux_designer level advanced mengenai blocker no_portfolio pada skill figma?,single_choice,belum_paham|paham_dasar|cukup_paham,val_ui_ux_321,high
Q_DATA_0322,data_science,data_analyst,basic,no_portfolio,Pertanyaan untuk data_analyst level basic mengenai blocker no_portfolio pada skill python_basic?,single_choice,belum_paham|paham_dasar|cukup_paham,val_data_science_322,high
Q_DATA_0323,data_science,data_analyst,advanced,no_portfolio,Pertanyaan untuk data_analyst level advanced mengenai blocker no_portfolio pada skill sql_basic?,single_choice,belum_paham|paham_dasar|cukup_paham,val_data_science_323,high
Q_AI_M_0324,ai_ml,machine_learning_engineer,intermediate,no_portfolio,Pertanyaan untuk machine_learning_engineer level intermediate mengenai blocker no_portfolio pada skill python_basic?,single_choice,belum_paham|paham_dasar|cukup_paham,val_ai_ml_324,high
Q_AI_M_0325,ai_ml,machine_learning_engineer,intermediate,no_foundation,Pertanyaan untuk machine_learning_engineer level intermediate mengenai blocker no_foundation pada skill model_training?,single_choice,belum_paham|paham_dasar|cukup_paham,val_ai_ml_325,high
Q_WEB__0326,web_development,frontend_developer,intermediate,no_foundation,Pertanyaan untuk frontend_developer level intermediate mengenai blocker no_foundation pada skill javascript_basic?,single_choice,belum_paham|paham_dasar|cukup_paham,val_web_development_326,high
Q_DATA_0327,data_science,data_analyst,basic,no_foundation,Pertanyaan untuk data_analyst level basic mengenai blocker no_foundation pada skill spreadsheet_basic?,single_choice,belum_paham|paham_dasar|cukup_paham,val_data_science_327,high
Q_DATA_0328,data_science,data_analyst,basic,no_starting_point,Pertanyaan untuk data_analyst level basic mengenai blocker no_starting_point pada skill sql_basic?,single_choice,belum_paham|paham_dasar|cukup_paham,val_data_science_328,high
Q_DATA_0329,data_science,data_analyst,beginner,no_portfolio,Pertanyaan untuk data_analyst level beginner mengenai blocker no_portfolio pada skill sql_basic?,single_choice,belum_paham|paham_dasar|cukup_paham,val_data_science_329,high
Q_UI_U_0330,ui_ux,ui_ux_designer,intermediate,skill_gap_confusion,Pertanyaan untuk ui_ux_designer level intermediate mengenai blocker skill_gap_confusion pada skill wireframing?,single_choice,belum_paham|paham_dasar|cukup_paham,val_ui_ux_330,high
Q_AI_M_0331,ai_ml,machine_learning_engineer,intermediate,no_starting_point,Pertanyaan untuk machine_learning_engineer level intermediate mengenai blocker no_starting_point pada skill model_training?,single_choice,belum_paham|paham_dasar|cukup_paham,val_ai_ml_331,high
Q_DATA_0332,data_science,data_analyst,basic,no_starting_point,Pertanyaan untuk data_analyst level basic mengenai blocker no_starting_point pada skill sql_basic?,single_choice,belum_paham|paham_dasar|cukup_paham,val_data_science_332,high
Q_WEB__0333,web_development,frontend_developer,advanced,no_portfolio,Pertanyaan untuk frontend_developer level advanced mengenai blocker no_portfolio pada skill javascript_basic?,single_choice,belum_paham|paham_dasar|cukup_paham,val_web_development_333,high
Q_UI_U_0334,ui_ux,ui_ux_designer,intermediate,no_starting_point,Pertanyaan untuk ui_ux_designer level intermediate mengenai blocker no_starting_point pada skill wireframing?,single_choice,belum_paham|paham_dasar|cukup_paham,val_ui_ux_334,high
Q_WEB__0335,web_development,frontend_developer,basic,no_foundation,Pertanyaan untuk frontend_developer level basic mengenai blocker no_foundation pada skill css_basic?,single_choice,belum_paham|paham_dasar|cukup_paham,val_web_development_335,high
Q_AI_M_0336,ai_ml,machine_learning_engineer,beginner,no_portfolio,Pertanyaan untuk machine_learning_engineer level beginner mengenai blocker no_portfolio pada skill model_training?,single_choice,belum_paham|paham_dasar|cukup_paham,val_ai_ml_336,high
Q_AI_M_0337,ai_ml,machine_learning_engineer,advanced,no_starting_point,Pertanyaan untuk machine_learning_engineer level advanced mengenai blocker no_starting_point pada skill mlops?,single_choice,belum_paham|paham_dasar|cukup_paham,val_ai_ml_337,high
Q_CYBE_0338,cyber_security,soc_analyst,beginner,skill_gap_confusion,Pertanyaan untuk soc_analyst level beginner mengenai blocker skill_gap_confusion pada skill linux_basic?,single_choice,belum_paham|paham_dasar|cukup_paham,val_cyber_security_338,high
Q_DATA_0339,data_science,data_analyst,beginner,no_foundation,Pertanyaan untuk data_analyst level beginner mengenai blocker no_foundation pada skill python_basic?,single_choice,belum_paham|paham_dasar|cukup_paham,val_data_science_339,high
Q_DATA_0340,data_science,data_analyst,basic,no_starting_point,Pertanyaan untuk data_analyst level basic mengenai blocker no_starting_point pada skill spreadsheet_basic?,single_choice,belum_paham|paham_dasar|cukup_paham,val_data_science_340,high
Q_DATA_0341,data_science,data_analyst,beginner,no_portfolio,Pertanyaan untuk data_analyst level beginner mengenai blocker no_portfolio pada skill python_basic?,single_choice,belum_paham|paham_dasar|cukup_paham,val_data_science_341,high
Q_DATA_0342,data_science,data_analyst,basic,no_starting_point,Pertanyaan untuk data_analyst level basic mengenai blocker no_starting_point pada skill sql_basic?,single_choice,belum_paham|paham_dasar|cukup_paham,val_data_science_342,high
Q_DATA_0343,data_science,data_analyst,basic,no_starting_point,Pertanyaan untuk data_analyst level basic mengenai blocker no_starting_point pada skill sql_basic?,single_choice,belum_paham|paham_dasar|cukup_paham,val_data_science_343,high
Q_CYBE_0344,cyber_security,soc_analyst,beginner,skill_gap_confusion,Pertanyaan untuk soc_analyst level beginner mengenai blocker skill_gap_confusion pada skill networking_fundamental?,single_choice,belum_paham|paham_dasar|cukup_paham,val_cyber_security_344,high
Q_WEB__0345,web_development,frontend_developer,basic,skill_gap_confusion,Pertanyaan untuk frontend_developer level basic mengenai blocker skill_gap_confusion pada skill javascript_basic?,single_choice,belum_paham|paham_dasar|cukup_paham,val_web_development_345,high
Q_UI_U_0346,ui_ux,ui_ux_designer,intermediate,no_foundation,Pertanyaan untuk ui_ux_designer level intermediate mengenai blocker no_foundation pada skill wireframing?,single_choice,belum_paham|paham_dasar|cukup_paham,val_ui_ux_346,high
Q_DATA_0347,data_science,data_analyst,advanced,no_starting_point,Pertanyaan untuk data_analyst level advanced mengenai blocker no_starting_point pada skill spreadsheet_basic?,single_choice,belum_paham|paham_dasar|cukup_paham,val_data_science_347,high
Q_WEB__0348,web_development,frontend_developer,intermediate,no_starting_point,Pertanyaan untuk frontend_developer level intermediate mengenai blocker no_starting_point pada skill css_basic?,single_choice,belum_paham|paham_dasar|cukup_paham,val_web_development_348,high
Q_CYBE_0349,cyber_security,soc_analyst,basic,no_starting_point,Pertanyaan untuk soc_analyst level basic mengenai blocker no_starting_point pada skill log_analysis?,single_choice,belum_paham|paham_dasar|cukup_paham,val_cyber_security_349,high
Q_UI_U_0350,ui_ux,ui_ux_designer,basic,no_starting_point,Pertanyaan untuk ui_ux_designer level basic mengenai blocker no_starting_point pada skill figma?,single_choice,belum_paham|paham_dasar|cukup_paham,val_ui_ux_350,high
Q_WEB__0351,web_development,frontend_developer,intermediate,no_foundation,Pertanyaan untuk frontend_developer level intermediate mengenai blocker no_foundation pada skill css_basic?,single_choice,belum_paham|paham_dasar|cukup_paham,val_web_development_351,high
Q_WEB__0352,web_development,frontend_developer,intermediate,no_foundation,Pertanyaan untuk frontend_developer level intermediate mengenai blocker no_foundation pada skill javascript_basic?,single_choice,belum_paham|paham_dasar|cukup_paham,val_web_development_352,high
Q_DATA_0353,data_science,data_analyst,beginner,no_starting_point,Pertanyaan untuk data_analyst level beginner mengenai blocker no_starting_point pada skill python_basic?,single_choice,belum_paham|paham_dasar|cukup_paham,val_data_science_353,high
Q_CYBE_0354,cyber_security,soc_analyst,intermediate,no_portfolio,Pertanyaan untuk soc_analyst level intermediate mengenai blocker no_portfolio pada skill networking_fundamental?,single_choice,belum_paham|paham_dasar|cukup_paham,val_cyber_security_354,high
Q_DATA_0355,data_science,data_analyst,intermediate,no_foundation,Pertanyaan untuk data_analyst level intermediate mengenai blocker no_foundation pada skill python_basic?,single_choice,belum_paham|paham_dasar|cukup_paham,val_data_science_355,high
Q_DATA_0356,data_science,data_analyst,beginner,no_portfolio,Pertanyaan untuk data_analyst level beginner mengenai blocker no_portfolio pada skill spreadsheet_basic?,single_choice,belum_paham|paham_dasar|cukup_paham,val_data_science_356,high
Q_UI_U_0357,ui_ux,ui_ux_designer,advanced,no_starting_point,Pertanyaan untuk ui_ux_designer level advanced mengenai blocker no_starting_point pada skill wireframing?,single_choice,belum_paham|paham_dasar|cukup_paham,val_ui_ux_357,high
Q_UI_U_0358,ui_ux,ui_ux_designer,intermediate,no_foundation,Pertanyaan untuk ui_ux_designer level intermediate mengenai blocker no_foundation pada skill ui_principles?,single_choice,belum_paham|paham_dasar|cukup_paham,val_ui_ux_358,high
Q_WEB__0359,web_development,frontend_developer,beginner,no_starting_point,Pertanyaan untuk frontend_developer level beginner mengenai blocker no_starting_point pada skill css_basic?,single_choice,belum_paham|paham_dasar|cukup_paham,val_web_development_359,high
Q_AI_M_0360,ai_ml,machine_learning_engineer,intermediate,no_foundation,Pertanyaan untuk machine_learning_engineer level intermediate mengenai blocker no_foundation pada skill mlops?,single_choice,belum_paham|paham_dasar|cukup_paham,val_ai_ml_360,high
Q_DATA_0361,data_science,data_analyst,advanced,no_starting_point,Pertanyaan untuk data_analyst level advanced mengenai blocker no_starting_point pada skill spreadsheet_basic?,single_choice,belum_paham|paham_dasar|cukup_paham,val_data_science_361,high
Q_AI_M_0362,ai_ml,machine_learning_engineer,intermediate,skill_gap_confusion,Pertanyaan untuk machine_learning_engineer level intermediate mengenai blocker skill_gap_confusion pada skill python_basic?,single_choice,belum_paham|paham_dasar|cukup_paham,val_ai_ml_362,high
Q_WEB__0363,web_development,frontend_developer,beginner,skill_gap_confusion,Pertanyaan untuk frontend_developer level beginner mengenai blocker skill_gap_confusion pada skill css_basic?,single_choice,belum_paham|paham_dasar|cukup_paham,val_web_development_363,high
Q_WEB__0364,web_development,frontend_developer,basic,skill_gap_confusion,Pertanyaan untuk frontend_developer level basic mengenai blocker skill_gap_confusion pada skill html_basic?,single_choice,belum_paham|paham_dasar|cukup_paham,val_web_development_364,high
Q_DATA_0365,data_science,data_analyst,intermediate,no_portfolio,Pertanyaan untuk data_analyst level intermediate mengenai blocker no_portfolio pada skill python_basic?,single_choice,belum_paham|paham_dasar|cukup_paham,val_data_science_365,high
Q_WEB__0366,web_development,frontend_developer,intermediate,skill_gap_confusion,Pertanyaan untuk frontend_developer level intermediate mengenai blocker skill_gap_confusion pada skill javascript_basic?,single_choice,belum_paham|paham_dasar|cukup_paham,val_web_development_366,high
Q_AI_M_0367,ai_ml,machine_learning_engineer,beginner,no_portfolio,Pertanyaan untuk machine_learning_engineer level beginner mengenai blocker no_portfolio pada skill mlops?,single_choice,belum_paham|paham_dasar|cukup_paham,val_ai_ml_367,high
Q_CYBE_0368,cyber_security,soc_analyst,beginner,no_portfolio,Pertanyaan untuk soc_analyst level beginner mengenai blocker no_portfolio pada skill networking_fundamental?,single_choice,belum_paham|paham_dasar|cukup_paham,val_cyber_security_368,high
Q_DATA_0369,data_science,data_analyst,advanced,no_starting_point,Pertanyaan untuk data_analyst level advanced mengenai blocker no_starting_point pada skill python_basic?,single_choice,belum_paham|paham_dasar|cukup_paham,val_data_science_369,high
Q_AI_M_0370,ai_ml,machine_learning_engineer,basic,skill_gap_confusion,Pertanyaan untuk machine_learning_engineer level basic mengenai blocker skill_gap_confusion pada skill mlops?,single_choice,belum_paham|paham_dasar|cukup_paham,val_ai_ml_370,high
Q_DATA_0371,data_science,data_analyst,basic,no_portfolio,Pertanyaan untuk data_analyst level basic mengenai blocker no_portfolio pada skill python_basic?,single_choice,belum_paham|paham_dasar|cukup_paham,val_data_science_371,high
Q_CYBE_0372,cyber_security,soc_analyst,basic,no_starting_point,Pertanyaan untuk soc_analyst level basic mengenai blocker no_starting_point pada skill log_analysis?,single_choice,belum_paham|paham_dasar|cukup_paham,val_cyber_security_372,high
Q_AI_M_0373,ai_ml,machine_learning_engineer,advanced,no_foundation,Pertanyaan untuk machine_learning_engineer level advanced mengenai blocker no_foundation pada skill mlops?,single_choice,belum_paham|paham_dasar|cukup_paham,val_ai_ml_373,high
Q_WEB__0374,web_development,frontend_developer,intermediate,no_starting_point,Pertanyaan untuk frontend_developer level intermediate mengenai blocker no_starting_point pada skill css_basic?,single_choice,belum_paham|paham_dasar|cukup_paham,val_web_development_374,high
Q_DATA_0375,data_science,data_analyst,intermediate,no_starting_point,Pertanyaan untuk data_analyst level intermediate mengenai blocker no_starting_point pada skill spreadsheet_basic?,single_choice,belum_paham|paham_dasar|cukup_paham,val_data_science_375,high
Q_UI_U_0376,ui_ux,ui_ux_designer,intermediate,no_foundation,Pertanyaan untuk ui_ux_designer level intermediate mengenai blocker no_foundation pada skill ui_principles?,single_choice,belum_paham|paham_dasar|cukup_paham,val_ui_ux_376,high
Q_DATA_0377,data_science,data_analyst,advanced,skill_gap_confusion,Pertanyaan untuk data_analyst level advanced mengenai blocker skill_gap_confusion pada skill spreadsheet_basic?,single_choice,belum_paham|paham_dasar|cukup_paham,val_data_science_377,high
Q_UI_U_0378,ui_ux,ui_ux_designer,basic,skill_gap_confusion,Pertanyaan untuk ui_ux_designer level basic mengenai blocker skill_gap_confusion pada skill ui_principles?,single_choice,belum_paham|paham_dasar|cukup_paham,val_ui_ux_378,high
Q_DATA_0379,data_science,data_analyst,basic,skill_gap_confusion,Pertanyaan untuk data_analyst level basic mengenai blocker skill_gap_confusion pada skill python_basic?,single_choice,belum_paham|paham_dasar|cukup_paham,val_data_science_379,high
Q_CYBE_0380,cyber_security,soc_analyst,advanced,skill_gap_confusion,Pertanyaan untuk soc_analyst level advanced mengenai blocker skill_gap_confusion pada skill linux_basic?,single_choice,belum_paham|paham_dasar|cukup_paham,val_cyber_security_380,high
Q_UI_U_0381,ui_ux,ui_ux_designer,basic,no_foundation,Pertanyaan untuk ui_ux_designer level basic mengenai blocker no_foundation pada skill figma?,single_choice,belum_paham|paham_dasar|cukup_paham,val_ui_ux_381,high
Q_CYBE_0382,cyber_security,soc_analyst,advanced,no_starting_point,Pertanyaan untuk soc_analyst level advanced mengenai blocker no_starting_point pada skill linux_basic?,single_choice,belum_paham|paham_dasar|cukup_paham,val_cyber_security_382,high
Q_DATA_0383,data_science,data_analyst,advanced,no_portfolio,Pertanyaan untuk data_analyst level advanced mengenai blocker no_portfolio pada skill sql_basic?,single_choice,belum_paham|paham_dasar|cukup_paham,val_data_science_383,high
Q_AI_M_0384,ai_ml,machine_learning_engineer,advanced,skill_gap_confusion,Pertanyaan untuk machine_learning_engineer level advanced mengenai blocker skill_gap_confusion pada skill mlops?,single_choice,belum_paham|paham_dasar|cukup_paham,val_ai_ml_384,high
Q_CYBE_0385,cyber_security,soc_analyst,beginner,skill_gap_confusion,Pertanyaan untuk soc_analyst level beginner mengenai blocker skill_gap_confusion pada skill log_analysis?,single_choice,belum_paham|paham_dasar|cukup_paham,val_cyber_security_385,high
Q_DATA_0386,data_science,data_analyst,intermediate,skill_gap_confusion,Pertanyaan untuk data_analyst level intermediate mengenai blocker skill_gap_confusion pada skill python_basic?,single_choice,belum_paham|paham_dasar|cukup_paham,val_data_science_386,high
Q_UI_U_0387,ui_ux,ui_ux_designer,basic,no_starting_point,Pertanyaan untuk ui_ux_designer level basic mengenai blocker no_starting_point pada skill wireframing?,single_choice,belum_paham|paham_dasar|cukup_paham,val_ui_ux_387,high
Q_UI_U_0388,ui_ux,ui_ux_designer,intermediate,no_foundation,Pertanyaan untuk ui_ux_designer level intermediate mengenai blocker no_foundation pada skill figma?,single_choice,belum_paham|paham_dasar|cukup_paham,val_ui_ux_388,high
Q_CYBE_0389,cyber_security,soc_analyst,advanced,skill_gap_confusion,Pertanyaan untuk soc_analyst level advanced mengenai blocker skill_gap_confusion pada skill networking_fundamental?,single_choice,belum_paham|paham_dasar|cukup_paham,val_cyber_security_389,high
Q_CYBE_0390,cyber_security,soc_analyst,basic,no_portfolio,Pertanyaan untuk soc_analyst level basic mengenai blocker no_portfolio pada skill log_analysis?,single_choice,belum_paham|paham_dasar|cukup_paham,val_cyber_security_390,high
Q_AI_M_0391,ai_ml,machine_learning_engineer,basic,no_portfolio,Pertanyaan untuk machine_learning_engineer level basic mengenai blocker no_portfolio pada skill model_training?,single_choice,belum_paham|paham_dasar|cukup_paham,val_ai_ml_391,high
Q_UI_U_0392,ui_ux,ui_ux_designer,beginner,no_starting_point,Pertanyaan untuk ui_ux_designer level beginner mengenai blocker no_starting_point pada skill ui_principles?,single_choice,belum_paham|paham_dasar|cukup_paham,val_ui_ux_392,high
Q_AI_M_0393,ai_ml,machine_learning_engineer,intermediate,no_starting_point,Pertanyaan untuk machine_learning_engineer level intermediate mengenai blocker no_starting_point pada skill model_training?,single_choice,belum_paham|paham_dasar|cukup_paham,val_ai_ml_393,high
Q_CYBE_0394,cyber_security,soc_analyst,intermediate,skill_gap_confusion,Pertanyaan untuk soc_analyst level intermediate mengenai blocker skill_gap_confusion pada skill networking_fundamental?,single_choice,belum_paham|paham_dasar|cukup_paham,val_cyber_security_394,high
Q_UI_U_0395,ui_ux,ui_ux_designer,basic,no_starting_point,Pertanyaan untuk ui_ux_designer level basic mengenai blocker no_starting_point pada skill figma?,single_choice,belum_paham|paham_dasar|cukup_paham,val_ui_ux_395,high
Q_DATA_0396,data_science,data_analyst,beginner,no_portfolio,Pertanyaan untuk data_analyst level beginner mengenai blocker no_portfolio pada skill python_basic?,single_choice,belum_paham|paham_dasar|cukup_paham,val_data_science_396,high
Q_UI_U_0397,ui_ux,ui_ux_designer,beginner,no_portfolio,Pertanyaan untuk ui_ux_designer level beginner mengenai blocker no_portfolio pada skill ui_principles?,single_choice,belum_paham|paham_dasar|cukup_paham,val_ui_ux_397,high
Q_CYBE_0398,cyber_security,soc_analyst,beginner,skill_gap_confusion,Pertanyaan untuk soc_analyst level beginner mengenai blocker skill_gap_confusion pada skill linux_basic?,single_choice,belum_paham|paham_dasar|cukup_paham,val_cyber_security_398,high
Q_UI_U_0399,ui_ux,ui_ux_designer,intermediate,skill_gap_confusion,Pertanyaan untuk ui_ux_designer level intermediate mengenai blocker skill_gap_confusion pada skill wireframing?,single_choice,belum_paham|paham_dasar|cukup_paham,val_ui_ux_399,high
Q_CYBE_0400,cyber_security,soc_analyst,intermediate,skill_gap_confusion,Pertanyaan untuk soc_analyst level intermediate mengenai blocker skill_gap_confusion pada skill log_analysis?,single_choice,belum_paham|paham_dasar|cukup_paham,val_cyber_security_400,high
Q_CYBE_0401,cyber_security,soc_analyst,beginner,no_portfolio,Pertanyaan untuk soc_analyst level beginner mengenai blocker no_portfolio pada skill networking_fundamental?,single_choice,belum_paham|paham_dasar|cukup_paham,val_cyber_security_401,high
Q_DATA_0402,data_science,data_analyst,advanced,no_portfolio,Pertanyaan untuk data_analyst level advanced mengenai blocker no_portfolio pada skill spreadsheet_basic?,single_choice,belum_paham|paham_dasar|cukup_paham,val_data_science_402,high
Q_DATA_0403,data_science,data_analyst,advanced,no_foundation,Pertanyaan untuk data_analyst level advanced mengenai blocker no_foundation pada skill spreadsheet_basic?,single_choice,belum_paham|paham_dasar|cukup_paham,val_data_science_403,high
Q_UI_U_0404,ui_ux,ui_ux_designer,advanced,no_starting_point,Pertanyaan untuk ui_ux_designer level advanced mengenai blocker no_starting_point pada skill wireframing?,single_choice,belum_paham|paham_dasar|cukup_paham,val_ui_ux_404,high
Q_DATA_0405,data_science,data_analyst,intermediate,no_foundation,Pertanyaan untuk data_analyst level intermediate mengenai blocker no_foundation pada skill python_basic?,single_choice,belum_paham|paham_dasar|cukup_paham,val_data_science_405,high
Q_DATA_0406,data_science,data_analyst,basic,no_starting_point,Pertanyaan untuk data_analyst level basic mengenai blocker no_starting_point pada skill spreadsheet_basic?,single_choice,belum_paham|paham_dasar|cukup_paham,val_data_science_406,high
Q_DATA_0407,data_science,data_analyst,basic,skill_gap_confusion,Pertanyaan untuk data_analyst level basic mengenai blocker skill_gap_confusion pada skill python_basic?,single_choice,belum_paham|paham_dasar|cukup_paham,val_data_science_407,high
Q_DATA_0408,data_science,data_analyst,basic,skill_gap_confusion,Pertanyaan untuk data_analyst level basic mengenai blocker skill_gap_confusion pada skill python_basic?,single_choice,belum_paham|paham_dasar|cukup_paham,val_data_science_408,high
Q_CYBE_0409,cyber_security,soc_analyst,intermediate,no_starting_point,Pertanyaan untuk soc_analyst level intermediate mengenai blocker no_starting_point pada skill networking_fundamental?,single_choice,belum_paham|paham_dasar|cukup_paham,val_cyber_security_409,high
Q_WEB__0410,web_development,frontend_developer,beginner,skill_gap_confusion,Pertanyaan untuk frontend_developer level beginner mengenai blocker skill_gap_confusion pada skill html_basic?,single_choice,belum_paham|paham_dasar|cukup_paham,val_web_development_410,high
Q_UI_U_0411,ui_ux,ui_ux_designer,intermediate,no_portfolio,Pertanyaan untuk ui_ux_designer level intermediate mengenai blocker no_portfolio pada skill wireframing?,single_choice,belum_paham|paham_dasar|cukup_paham,val_ui_ux_411,high
Q_WEB__0412,web_development,frontend_developer,beginner,no_portfolio,Pertanyaan untuk frontend_developer level beginner mengenai blocker no_portfolio pada skill css_basic?,single_choice,belum_paham|paham_dasar|cukup_paham,val_web_development_412,high
Q_DATA_0413,data_science,data_analyst,intermediate,no_foundation,Pertanyaan untuk data_analyst level intermediate mengenai blocker no_foundation pada skill sql_basic?,single_choice,belum_paham|paham_dasar|cukup_paham,val_data_science_413,high
Q_DATA_0414,data_science,data_analyst,basic,no_foundation,Pertanyaan untuk data_analyst level basic mengenai blocker no_foundation pada skill sql_basic?,single_choice,belum_paham|paham_dasar|cukup_paham,val_data_science_414,high
Q_AI_M_0415,ai_ml,machine_learning_engineer,beginner,no_foundation,Pertanyaan untuk machine_learning_engineer level beginner mengenai blocker no_foundation pada skill model_training?,single_choice,belum_paham|paham_dasar|cukup_paham,val_ai_ml_415,high
Q_AI_M_0416,ai_ml,machine_learning_engineer,beginner,no_starting_point,Pertanyaan untuk machine_learning_engineer level beginner mengenai blocker no_starting_point pada skill python_basic?,single_choice,belum_paham|paham_dasar|cukup_paham,val_ai_ml_416,high
Q_WEB__0417,web_development,frontend_developer,advanced,no_starting_point,Pertanyaan untuk frontend_developer level advanced mengenai blocker no_starting_point pada skill javascript_basic?,single_choice,belum_paham|paham_dasar|cukup_paham,val_web_development_417,high
Q_UI_U_0418,ui_ux,ui_ux_designer,basic,no_portfolio,Pertanyaan untuk ui_ux_designer level basic mengenai blocker no_portfolio pada skill figma?,single_choice,belum_paham|paham_dasar|cukup_paham,val_ui_ux_418,high
Q_UI_U_0419,ui_ux,ui_ux_designer,intermediate,no_foundation,Pertanyaan untuk ui_ux_designer level intermediate mengenai blocker no_foundation pada skill ui_principles?,single_choice,belum_paham|paham_dasar|cukup_paham,val_ui_ux_419,high
Q_UI_U_0420,ui_ux,ui_ux_designer,basic,no_portfolio,Pertanyaan untuk ui_ux_designer level basic mengenai blocker no_portfolio pada skill wireframing?,single_choice,belum_paham|paham_dasar|cukup_paham,val_ui_ux_420,high
Q_AI_M_0421,ai_ml,machine_learning_engineer,basic,no_portfolio,Pertanyaan untuk machine_learning_engineer level basic mengenai blocker no_portfolio pada skill model_training?,single_choice,belum_paham|paham_dasar|cukup_paham,val_ai_ml_421,high
Q_CYBE_0422,cyber_security,soc_analyst,beginner,no_foundation,Pertanyaan untuk soc_analyst level beginner mengenai blocker no_foundation pada skill log_analysis?,single_choice,belum_paham|paham_dasar|cukup_paham,val_cyber_security_422,high
Q_AI_M_0423,ai_ml,machine_learning_engineer,beginner,no_foundation,Pertanyaan untuk machine_learning_engineer level beginner mengenai blocker no_foundation pada skill python_basic?,single_choice,belum_paham|paham_dasar|cukup_paham,val_ai_ml_423,high
Q_DATA_0424,data_science,data_analyst,advanced,no_foundation,Pertanyaan untuk data_analyst level advanced mengenai blocker no_foundation pada skill python_basic?,single_choice,belum_paham|paham_dasar|cukup_paham,val_data_science_424,high
Q_DATA_0425,data_science,data_analyst,beginner,no_foundation,Pertanyaan untuk data_analyst level beginner mengenai blocker no_foundation pada skill spreadsheet_basic?,single_choice,belum_paham|paham_dasar|cukup_paham,val_data_science_425,high
Q_AI_M_0426,ai_ml,machine_learning_engineer,beginner,skill_gap_confusion,Pertanyaan untuk machine_learning_engineer level beginner mengenai blocker skill_gap_confusion pada skill model_training?,single_choice,belum_paham|paham_dasar|cukup_paham,val_ai_ml_426,high
Q_DATA_0427,data_science,data_analyst,intermediate,skill_gap_confusion,Pertanyaan untuk data_analyst level intermediate mengenai blocker skill_gap_confusion pada skill spreadsheet_basic?,single_choice,belum_paham|paham_dasar|cukup_paham,val_data_science_427,high
Q_CYBE_0428,cyber_security,soc_analyst,intermediate,no_starting_point,Pertanyaan untuk soc_analyst level intermediate mengenai blocker no_starting_point pada skill linux_basic?,single_choice,belum_paham|paham_dasar|cukup_paham,val_cyber_security_428,high
Q_CYBE_0429,cyber_security,soc_analyst,basic,no_portfolio,Pertanyaan untuk soc_analyst level basic mengenai blocker no_portfolio pada skill networking_fundamental?,single_choice,belum_paham|paham_dasar|cukup_paham,val_cyber_security_429,high
Q_UI_U_0430,ui_ux,ui_ux_designer,intermediate,skill_gap_confusion,Pertanyaan untuk ui_ux_designer level intermediate mengenai blocker skill_gap_confusion pada skill ui_principles?,single_choice,belum_paham|paham_dasar|cukup_paham,val_ui_ux_430,high
Q_WEB__0431,web_development,frontend_developer,intermediate,no_starting_point,Pertanyaan untuk frontend_developer level intermediate mengenai blocker no_starting_point pada skill javascript_basic?,single_choice,belum_paham|paham_dasar|cukup_paham,val_web_development_431,high
Q_AI_M_0432,ai_ml,machine_learning_engineer,advanced,no_starting_point,Pertanyaan untuk machine_learning_engineer level advanced mengenai blocker no_starting_point pada skill python_basic?,single_choice,belum_paham|paham_dasar|cukup_paham,val_ai_ml_432,high
Q_DATA_0433,data_science,data_analyst,advanced,skill_gap_confusion,Pertanyaan untuk data_analyst level advanced mengenai blocker skill_gap_confusion pada skill sql_basic?,single_choice,belum_paham|paham_dasar|cukup_paham,val_data_science_433,high
Q_WEB__0434,web_development,frontend_developer,intermediate,skill_gap_confusion,Pertanyaan untuk frontend_developer level intermediate mengenai blocker skill_gap_confusion pada skill css_basic?,single_choice,belum_paham|paham_dasar|cukup_paham,val_web_development_434,high
Q_DATA_0435,data_science,data_analyst,beginner,skill_gap_confusion,Pertanyaan untuk data_analyst level beginner mengenai blocker skill_gap_confusion pada skill sql_basic?,single_choice,belum_paham|paham_dasar|cukup_paham,val_data_science_435,high
Q_WEB__0436,web_development,frontend_developer,basic,no_starting_point,Pertanyaan untuk frontend_developer level basic mengenai blocker no_starting_point pada skill html_basic?,single_choice,belum_paham|paham_dasar|cukup_paham,val_web_development_436,high
Q_DATA_0437,data_science,data_analyst,beginner,skill_gap_confusion,Pertanyaan untuk data_analyst level beginner mengenai blocker skill_gap_confusion pada skill sql_basic?,single_choice,belum_paham|paham_dasar|cukup_paham,val_data_science_437,high
Q_UI_U_0438,ui_ux,ui_ux_designer,basic,no_foundation,Pertanyaan untuk ui_ux_designer level basic mengenai blocker no_foundation pada skill wireframing?,single_choice,belum_paham|paham_dasar|cukup_paham,val_ui_ux_438,high
Q_WEB__0439,web_development,frontend_developer,basic,no_foundation,Pertanyaan untuk frontend_developer level basic mengenai blocker no_foundation pada skill html_basic?,single_choice,belum_paham|paham_dasar|cukup_paham,val_web_development_439,high
Q_AI_M_0440,ai_ml,machine_learning_engineer,beginner,no_starting_point,Pertanyaan untuk machine_learning_engineer level beginner mengenai blocker no_starting_point pada skill model_training?,single_choice,belum_paham|paham_dasar|cukup_paham,val_ai_ml_440,high
Q_AI_M_0441,ai_ml,machine_learning_engineer,beginner,no_foundation,Pertanyaan untuk machine_learning_engineer level beginner mengenai blocker no_foundation pada skill model_training?,single_choice,belum_paham|paham_dasar|cukup_paham,val_ai_ml_441,high
Q_UI_U_0442,ui_ux,ui_ux_designer,intermediate,no_starting_point,Pertanyaan untuk ui_ux_designer level intermediate mengenai blocker no_starting_point pada skill ui_principles?,single_choice,belum_paham|paham_dasar|cukup_paham,val_ui_ux_442,high
Q_AI_M_0443,ai_ml,machine_learning_engineer,basic,skill_gap_confusion,Pertanyaan untuk machine_learning_engineer level basic mengenai blocker skill_gap_confusion pada skill model_training?,single_choice,belum_paham|paham_dasar|cukup_paham,val_ai_ml_443,high
Q_DATA_0444,data_science,data_analyst,intermediate,skill_gap_confusion,Pertanyaan untuk data_analyst level intermediate mengenai blocker skill_gap_confusion pada skill spreadsheet_basic?,single_choice,belum_paham|paham_dasar|cukup_paham,val_data_science_444,high
Q_DATA_0445,data_science,data_analyst,beginner,no_portfolio,Pertanyaan untuk data_analyst level beginner mengenai blocker no_portfolio pada skill sql_basic?,single_choice,belum_paham|paham_dasar|cukup_paham,val_data_science_445,high
Q_WEB__0446,web_development,frontend_developer,intermediate,skill_gap_confusion,Pertanyaan untuk frontend_developer level intermediate mengenai blocker skill_gap_confusion pada skill css_basic?,single_choice,belum_paham|paham_dasar|cukup_paham,val_web_development_446,high
Q_DATA_0447,data_science,data_analyst,advanced,no_portfolio,Pertanyaan untuk data_analyst level advanced mengenai blocker no_portfolio pada skill python_basic?,single_choice,belum_paham|paham_dasar|cukup_paham,val_data_science_447,high
Q_DATA_0448,data_science,data_analyst,advanced,skill_gap_confusion,Pertanyaan untuk data_analyst level advanced mengenai blocker skill_gap_confusion pada skill python_basic?,single_choice,belum_paham|paham_dasar|cukup_paham,val_data_science_448,high
Q_DATA_0449,data_science,data_analyst,advanced,no_foundation,Pertanyaan untuk data_analyst level advanced mengenai blocker no_foundation pada skill python_basic?,single_choice,belum_paham|paham_dasar|cukup_paham,val_data_science_449,high
Q_AI_M_0450,ai_ml,machine_learning_engineer,basic,skill_gap_confusion,Pertanyaan untuk machine_learning_engineer level basic mengenai blocker skill_gap_confusion pada skill model_training?,single_choice,belum_paham|paham_dasar|cukup_paham,val_ai_ml_450,high
Q_AI_M_0451,ai_ml,machine_learning_engineer,advanced,skill_gap_confusion,Pertanyaan untuk machine_learning_engineer level advanced mengenai blocker skill_gap_confusion pada skill model_training?,single_choice,belum_paham|paham_dasar|cukup_paham,val_ai_ml_451,high
Q_AI_M_0452,ai_ml,machine_learning_engineer,beginner,no_starting_point,Pertanyaan untuk machine_learning_engineer level beginner mengenai blocker no_starting_point pada skill model_training?,single_choice,belum_paham|paham_dasar|cukup_paham,val_ai_ml_452,high
Q_DATA_0453,data_science,data_analyst,basic,no_starting_point,Pertanyaan untuk data_analyst level basic mengenai blocker no_starting_point pada skill spreadsheet_basic?,single_choice,belum_paham|paham_dasar|cukup_paham,val_data_science_453,high
Q_AI_M_0454,ai_ml,machine_learning_engineer,basic,no_portfolio,Pertanyaan untuk machine_learning_engineer level basic mengenai blocker no_portfolio pada skill mlops?,single_choice,belum_paham|paham_dasar|cukup_paham,val_ai_ml_454,high
Q_AI_M_0455,ai_ml,machine_learning_engineer,beginner,no_starting_point,Pertanyaan untuk machine_learning_engineer level beginner mengenai blocker no_starting_point pada skill python_basic?,single_choice,belum_paham|paham_dasar|cukup_paham,val_ai_ml_455,high
Q_DATA_0456,data_science,data_analyst,intermediate,no_starting_point,Pertanyaan untuk data_analyst level intermediate mengenai blocker no_starting_point pada skill python_basic?,single_choice,belum_paham|paham_dasar|cukup_paham,val_data_science_456,high
Q_WEB__0457,web_development,frontend_developer,intermediate,no_starting_point,Pertanyaan untuk frontend_developer level intermediate mengenai blocker no_starting_point pada skill css_basic?,single_choice,belum_paham|paham_dasar|cukup_paham,val_web_development_457,high
Q_AI_M_0458,ai_ml,machine_learning_engineer,intermediate,skill_gap_confusion,Pertanyaan untuk machine_learning_engineer level intermediate mengenai blocker skill_gap_confusion pada skill python_basic?,single_choice,belum_paham|paham_dasar|cukup_paham,val_ai_ml_458,high
Q_WEB__0459,web_development,frontend_developer,basic,skill_gap_confusion,Pertanyaan untuk frontend_developer level basic mengenai blocker skill_gap_confusion pada skill html_basic?,single_choice,belum_paham|paham_dasar|cukup_paham,val_web_development_459,high
Q_DATA_0460,data_science,data_analyst,intermediate,no_foundation,Pertanyaan untuk data_analyst level intermediate mengenai blocker no_foundation pada skill sql_basic?,single_choice,belum_paham|paham_dasar|cukup_paham,val_data_science_460,high
Q_DATA_0461,data_science,data_analyst,beginner,skill_gap_confusion,Pertanyaan untuk data_analyst level beginner mengenai blocker skill_gap_confusion pada skill sql_basic?,single_choice,belum_paham|paham_dasar|cukup_paham,val_data_science_461,high
Q_UI_U_0462,ui_ux,ui_ux_designer,advanced,no_foundation,Pertanyaan untuk ui_ux_designer level advanced mengenai blocker no_foundation pada skill figma?,single_choice,belum_paham|paham_dasar|cukup_paham,val_ui_ux_462,high
Q_CYBE_0463,cyber_security,soc_analyst,basic,no_portfolio,Pertanyaan untuk soc_analyst level basic mengenai blocker no_portfolio pada skill log_analysis?,single_choice,belum_paham|paham_dasar|cukup_paham,val_cyber_security_463,high
Q_CYBE_0464,cyber_security,soc_analyst,basic,skill_gap_confusion,Pertanyaan untuk soc_analyst level basic mengenai blocker skill_gap_confusion pada skill networking_fundamental?,single_choice,belum_paham|paham_dasar|cukup_paham,val_cyber_security_464,high
Q_UI_U_0465,ui_ux,ui_ux_designer,basic,skill_gap_confusion,Pertanyaan untuk ui_ux_designer level basic mengenai blocker skill_gap_confusion pada skill ui_principles?,single_choice,belum_paham|paham_dasar|cukup_paham,val_ui_ux_465,high
Q_CYBE_0466,cyber_security,soc_analyst,beginner,skill_gap_confusion,Pertanyaan untuk soc_analyst level beginner mengenai blocker skill_gap_confusion pada skill log_analysis?,single_choice,belum_paham|paham_dasar|cukup_paham,val_cyber_security_466,high
Q_UI_U_0467,ui_ux,ui_ux_designer,intermediate,no_foundation,Pertanyaan untuk ui_ux_designer level intermediate mengenai blocker no_foundation pada skill figma?,single_choice,belum_paham|paham_dasar|cukup_paham,val_ui_ux_467,high
Q_CYBE_0468,cyber_security,soc_analyst,basic,no_starting_point,Pertanyaan untuk soc_analyst level basic mengenai blocker no_starting_point pada skill log_analysis?,single_choice,belum_paham|paham_dasar|cukup_paham,val_cyber_security_468,high
Q_CYBE_0469,cyber_security,soc_analyst,advanced,no_portfolio,Pertanyaan untuk soc_analyst level advanced mengenai blocker no_portfolio pada skill log_analysis?,single_choice,belum_paham|paham_dasar|cukup_paham,val_cyber_security_469,high
Q_DATA_0470,data_science,data_analyst,basic,no_foundation,Pertanyaan untuk data_analyst level basic mengenai blocker no_foundation pada skill spreadsheet_basic?,single_choice,belum_paham|paham_dasar|cukup_paham,val_data_science_470,high
Q_AI_M_0471,ai_ml,machine_learning_engineer,basic,skill_gap_confusion,Pertanyaan untuk machine_learning_engineer level basic mengenai blocker skill_gap_confusion pada skill model_training?,single_choice,belum_paham|paham_dasar|cukup_paham,val_ai_ml_471,high
Q_AI_M_0472,ai_ml,machine_learning_engineer,advanced,skill_gap_confusion,Pertanyaan untuk machine_learning_engineer level advanced mengenai blocker skill_gap_confusion pada skill model_training?,single_choice,belum_paham|paham_dasar|cukup_paham,val_ai_ml_472,high
Q_CYBE_0473,cyber_security,soc_analyst,intermediate,no_starting_point,Pertanyaan untuk soc_analyst level intermediate mengenai blocker no_starting_point pada skill networking_fundamental?,single_choice,belum_paham|paham_dasar|cukup_paham,val_cyber_security_473,high
Q_UI_U_0474,ui_ux,ui_ux_designer,advanced,no_portfolio,Pertanyaan untuk ui_ux_designer level advanced mengenai blocker no_portfolio pada skill ui_principles?,single_choice,belum_paham|paham_dasar|cukup_paham,val_ui_ux_474,high
Q_DATA_0475,data_science,data_analyst,intermediate,skill_gap_confusion,Pertanyaan untuk data_analyst level intermediate mengenai blocker skill_gap_confusion pada skill sql_basic?,single_choice,belum_paham|paham_dasar|cukup_paham,val_data_science_475,high
Q_AI_M_0476,ai_ml,machine_learning_engineer,beginner,no_portfolio,Pertanyaan untuk machine_learning_engineer level beginner mengenai blocker no_portfolio pada skill model_training?,single_choice,belum_paham|paham_dasar|cukup_paham,val_ai_ml_476,high
Q_CYBE_0477,cyber_security,soc_analyst,intermediate,no_portfolio,Pertanyaan untuk soc_analyst level intermediate mengenai blocker no_portfolio pada skill linux_basic?,single_choice,belum_paham|paham_dasar|cukup_paham,val_cyber_security_477,high
Q_WEB__0478,web_development,frontend_developer,intermediate,skill_gap_confusion,Pertanyaan untuk frontend_developer level intermediate mengenai blocker skill_gap_confusion pada skill javascript_basic?,single_choice,belum_paham|paham_dasar|cukup_paham,val_web_development_478,high
Q_UI_U_0479,ui_ux,ui_ux_designer,basic,skill_gap_confusion,Pertanyaan untuk ui_ux_designer level basic mengenai blocker skill_gap_confusion pada skill ui_principles?,single_choice,belum_paham|paham_dasar|cukup_paham,val_ui_ux_479,high
Q_UI_U_0480,ui_ux,ui_ux_designer,beginner,no_portfolio,Pertanyaan untuk ui_ux_designer level beginner mengenai blocker no_portfolio pada skill wireframing?,single_choice,belum_paham|paham_dasar|cukup_paham,val_ui_ux_480,high
Q_WEB__0481,web_development,frontend_developer,beginner,no_portfolio,Pertanyaan untuk frontend_developer level beginner mengenai blocker no_portfolio pada skill css_basic?,single_choice,belum_paham|paham_dasar|cukup_paham,val_web_development_481,high
Q_UI_U_0482,ui_ux,ui_ux_designer,advanced,skill_gap_confusion,Pertanyaan untuk ui_ux_designer level advanced mengenai blocker skill_gap_confusion pada skill wireframing?,single_choice,belum_paham|paham_dasar|cukup_paham,val_ui_ux_482,high
Q_DATA_0483,data_science,data_analyst,intermediate,no_starting_point,Pertanyaan untuk data_analyst level intermediate mengenai blocker no_starting_point pada skill python_basic?,single_choice,belum_paham|paham_dasar|cukup_paham,val_data_science_483,high
Q_WEB__0484,web_development,frontend_developer,advanced,no_portfolio,Pertanyaan untuk frontend_developer level advanced mengenai blocker no_portfolio pada skill css_basic?,single_choice,belum_paham|paham_dasar|cukup_paham,val_web_development_484,high
Q_AI_M_0485,ai_ml,machine_learning_engineer,beginner,skill_gap_confusion,Pertanyaan untuk machine_learning_engineer level beginner mengenai blocker skill_gap_confusion pada skill mlops?,single_choice,belum_paham|paham_dasar|cukup_paham,val_ai_ml_485,high
Q_AI_M_0486,ai_ml,machine_learning_engineer,intermediate,skill_gap_confusion,Pertanyaan untuk machine_learning_engineer level intermediate mengenai blocker skill_gap_confusion pada skill python_basic?,single_choice,belum_paham|paham_dasar|cukup_paham,val_ai_ml_486,high
Q_UI_U_0487,ui_ux,ui_ux_designer,basic,no_starting_point,Pertanyaan untuk ui_ux_designer level basic mengenai blocker no_starting_point pada skill figma?,single_choice,belum_paham|paham_dasar|cukup_paham,val_ui_ux_487,high
Q_DATA_0488,data_science,data_analyst,advanced,no_starting_point,Pertanyaan untuk data_analyst level advanced mengenai blocker no_starting_point pada skill python_basic?,single_choice,belum_paham|paham_dasar|cukup_paham,val_data_science_488,high
Q_AI_M_0489,ai_ml,machine_learning_engineer,beginner,no_portfolio,Pertanyaan untuk machine_learning_engineer level beginner mengenai blocker no_portfolio pada skill mlops?,single_choice,belum_paham|paham_dasar|cukup_paham,val_ai_ml_489,high
Q_CYBE_0490,cyber_security,soc_analyst,intermediate,no_foundation,Pertanyaan untuk soc_analyst level intermediate mengenai blocker no_foundation pada skill log_analysis?,single_choice,belum_paham|paham_dasar|cukup_paham,val_cyber_security_490,high
Q_CYBE_0491,cyber_security,soc_analyst,beginner,skill_gap_confusion,Pertanyaan untuk soc_analyst level beginner mengenai blocker skill_gap_confusion pada skill log_analysis?,single_choice,belum_paham|paham_dasar|cukup_paham,val_cyber_security_491,high
Q_AI_M_0492,ai_ml,machine_learning_engineer,basic,no_foundation,Pertanyaan untuk machine_learning_engineer level basic mengenai blocker no_foundation pada skill model_training?,single_choice,belum_paham|paham_dasar|cukup_paham,val_ai_ml_492,high
Q_AI_M_0493,ai_ml,machine_learning_engineer,advanced,no_portfolio,Pertanyaan untuk machine_learning_engineer level advanced mengenai blocker no_portfolio pada skill mlops?,single_choice,belum_paham|paham_dasar|cukup_paham,val_ai_ml_493,high
Q_WEB__0494,web_development,frontend_developer,advanced,no_foundation,Pertanyaan untuk frontend_developer level advanced mengenai blocker no_foundation pada skill html_basic?,single_choice,belum_paham|paham_dasar|cukup_paham,val_web_development_494,high
Q_AI_M_0495,ai_ml,machine_learning_engineer,intermediate,no_portfolio,Pertanyaan untuk machine_learning_engineer level intermediate mengenai blocker no_portfolio pada skill mlops?,single_choice,belum_paham|paham_dasar|cukup_paham,val_ai_ml_495,high
Q_UI_U_0496,ui_ux,ui_ux_designer,beginner,no_starting_point,Pertanyaan untuk ui_ux_designer level beginner mengenai blocker no_starting_point pada skill figma?,single_choice,belum_paham|paham_dasar|cukup_paham,val_ui_ux_496,high
Q_CYBE_0497,cyber_security,soc_analyst,advanced,no_starting_point,Pertanyaan untuk soc_analyst level advanced mengenai blocker no_starting_point pada skill log_analysis?,single_choice,belum_paham|paham_dasar|cukup_paham,val_cyber_security_497,high
Q_CYBE_0498,cyber_security,soc_analyst,basic,no_portfolio,Pertanyaan untuk soc_analyst level basic mengenai blocker no_portfolio pada skill log_analysis?,single_choice,belum_paham|paham_dasar|cukup_paham,val_cyber_security_498,high
Q_WEB__0499,web_development,frontend_developer,advanced,no_portfolio,Pertanyaan untuk frontend_developer level advanced mengenai blocker no_portfolio pada skill javascript_basic?,single_choice,belum_paham|paham_dasar|cukup_paham,val_web_development_499,high
Q_CYBE_0500,cyber_security,soc_analyst,basic,no_portfolio,Pertanyaan untuk soc_analyst level basic mengenai blocker no_portfolio pada skill log_analysis?,single_choice,belum_paham|paham_dasar|cukup_paham,val_cyber_security_500,high
Q_UI_U_0501,ui_ux,ui_ux_designer,advanced,no_foundation,Pertanyaan untuk ui_ux_designer level advanced mengenai blocker no_foundation pada skill figma?,single_choice,belum_paham|paham_dasar|cukup_paham,val_ui_ux_501,high
Q_CYBE_0502,cyber_security,soc_analyst,intermediate,no_starting_point,Pertanyaan untuk soc_analyst level intermediate mengenai blocker no_starting_point pada skill linux_basic?,single_choice,belum_paham|paham_dasar|cukup_paham,val_cyber_security_502,high
Q_AI_M_0503,ai_ml,machine_learning_engineer,beginner,no_foundation,Pertanyaan untuk machine_learning_engineer level beginner mengenai blocker no_foundation pada skill python_basic?,single_choice,belum_paham|paham_dasar|cukup_paham,val_ai_ml_503,high
Q_WEB__0504,web_development,frontend_developer,advanced,no_portfolio,Pertanyaan untuk frontend_developer level advanced mengenai blocker no_portfolio pada skill css_basic?,single_choice,belum_paham|paham_dasar|cukup_paham,val_web_development_504,high
Q_AI_M_0505,ai_ml,machine_learning_engineer,intermediate,skill_gap_confusion,Pertanyaan untuk machine_learning_engineer level intermediate mengenai blocker skill_gap_confusion pada skill model_training?,single_choice,belum_paham|paham_dasar|cukup_paham,val_ai_ml_505,high
Q_WEB__0506,web_development,frontend_developer,basic,no_starting_point,Pertanyaan untuk frontend_developer level basic mengenai blocker no_starting_point pada skill html_basic?,single_choice,belum_paham|paham_dasar|cukup_paham,val_web_development_506,high
Q_UI_U_0507,ui_ux,ui_ux_designer,advanced,no_foundation,Pertanyaan untuk ui_ux_designer level advanced mengenai blocker no_foundation pada skill figma?,single_choice,belum_paham|paham_dasar|cukup_paham,val_ui_ux_507,high
Q_DATA_0508,data_science,data_analyst,advanced,no_starting_point,Pertanyaan untuk data_analyst level advanced mengenai blocker no_starting_point pada skill sql_basic?,single_choice,belum_paham|paham_dasar|cukup_paham,val_data_science_508,high
Q_UI_U_0509,ui_ux,ui_ux_designer,advanced,skill_gap_confusion,Pertanyaan untuk ui_ux_designer level advanced mengenai blocker skill_gap_confusion pada skill figma?,single_choice,belum_paham|paham_dasar|cukup_paham,val_ui_ux_509,high
Q_AI_M_0510,ai_ml,machine_learning_engineer,basic,no_starting_point,Pertanyaan untuk machine_learning_engineer level basic mengenai blocker no_starting_point pada skill mlops?,single_choice,belum_paham|paham_dasar|cukup_paham,val_ai_ml_510,high
Q_WEB__0511,web_development,frontend_developer,intermediate,no_portfolio,Pertanyaan untuk frontend_developer level intermediate mengenai blocker no_portfolio pada skill javascript_basic?,single_choice,belum_paham|paham_dasar|cukup_paham,val_web_development_511,high
Q_UI_U_0512,ui_ux,ui_ux_designer,beginner,no_portfolio,Pertanyaan untuk ui_ux_designer level beginner mengenai blocker no_portfolio pada skill ui_principles?,single_choice,belum_paham|paham_dasar|cukup_paham,val_ui_ux_512,high
Q_AI_M_0513,ai_ml,machine_learning_engineer,advanced,no_portfolio,Pertanyaan untuk machine_learning_engineer level advanced mengenai blocker no_portfolio pada skill python_basic?,single_choice,belum_paham|paham_dasar|cukup_paham,val_ai_ml_513,high
Q_AI_M_0514,ai_ml,machine_learning_engineer,advanced,no_portfolio,Pertanyaan untuk machine_learning_engineer level advanced mengenai blocker no_portfolio pada skill model_training?,single_choice,belum_paham|paham_dasar|cukup_paham,val_ai_ml_514,high
Q_AI_M_0515,ai_ml,machine_learning_engineer,beginner,no_starting_point,Pertanyaan untuk machine_learning_engineer level beginner mengenai blocker no_starting_point pada skill python_basic?,single_choice,belum_paham|paham_dasar|cukup_paham,val_ai_ml_515,high
Q_AI_M_0516,ai_ml,machine_learning_engineer,intermediate,skill_gap_confusion,Pertanyaan untuk machine_learning_engineer level intermediate mengenai blocker skill_gap_confusion pada skill python_basic?,single_choice,belum_paham|paham_dasar|cukup_paham,val_ai_ml_516,high
Q_AI_M_0517,ai_ml,machine_learning_engineer,beginner,skill_gap_confusion,Pertanyaan untuk machine_learning_engineer level beginner mengenai blocker skill_gap_confusion pada skill mlops?,single_choice,belum_paham|paham_dasar|cukup_paham,val_ai_ml_517,high
Q_DATA_0518,data_science,data_analyst,intermediate,no_portfolio,Pertanyaan untuk data_analyst level intermediate mengenai blocker no_portfolio pada skill sql_basic?,single_choice,belum_paham|paham_dasar|cukup_paham,val_data_science_518,high
Q_DATA_0519,data_science,data_analyst,basic,no_portfolio,Pertanyaan untuk data_analyst level basic mengenai blocker no_portfolio pada skill spreadsheet_basic?,single_choice,belum_paham|paham_dasar|cukup_paham,val_data_science_519,high
Q_CYBE_0520,cyber_security,soc_analyst,beginner,no_starting_point,Pertanyaan untuk soc_analyst level beginner mengenai blocker no_starting_point pada skill networking_fundamental?,single_choice,belum_paham|paham_dasar|cukup_paham,val_cyber_security_520,high
Q_CYBE_0521,cyber_security,soc_analyst,basic,skill_gap_confusion,Pertanyaan untuk soc_analyst level basic mengenai blocker skill_gap_confusion pada skill linux_basic?,single_choice,belum_paham|paham_dasar|cukup_paham,val_cyber_security_521,high
Q_UI_U_0522,ui_ux,ui_ux_designer,advanced,no_foundation,Pertanyaan untuk ui_ux_designer level advanced mengenai blocker no_foundation pada skill figma?,single_choice,belum_paham|paham_dasar|cukup_paham,val_ui_ux_522,high
Q_DATA_0523,data_science,data_analyst,advanced,no_foundation,Pertanyaan untuk data_analyst level advanced mengenai blocker no_foundation pada skill python_basic?,single_choice,belum_paham|paham_dasar|cukup_paham,val_data_science_523,high
Q_DATA_0524,data_science,data_analyst,intermediate,no_portfolio,Pertanyaan untuk data_analyst level intermediate mengenai blocker no_portfolio pada skill sql_basic?,single_choice,belum_paham|paham_dasar|cukup_paham,val_data_science_524,high
Q_DATA_0525,data_science,data_analyst,advanced,no_foundation,Pertanyaan untuk data_analyst level advanced mengenai blocker no_foundation pada skill python_basic?,single_choice,belum_paham|paham_dasar|cukup_paham,val_data_science_525,high
Q_WEB__0526,web_development,frontend_developer,basic,no_portfolio,Pertanyaan untuk frontend_developer level basic mengenai blocker no_portfolio pada skill javascript_basic?,single_choice,belum_paham|paham_dasar|cukup_paham,val_web_development_526,high
Q_WEB__0527,web_development,frontend_developer,basic,no_foundation,Pertanyaan untuk frontend_developer level basic mengenai blocker no_foundation pada skill css_basic?,single_choice,belum_paham|paham_dasar|cukup_paham,val_web_development_527,high
Q_WEB__0528,web_development,frontend_developer,intermediate,no_starting_point,Pertanyaan untuk frontend_developer level intermediate mengenai blocker no_starting_point pada skill css_basic?,single_choice,belum_paham|paham_dasar|cukup_paham,val_web_development_528,high
Q_AI_M_0529,ai_ml,machine_learning_engineer,beginner,no_portfolio,Pertanyaan untuk machine_learning_engineer level beginner mengenai blocker no_portfolio pada skill python_basic?,single_choice,belum_paham|paham_dasar|cukup_paham,val_ai_ml_529,high
Q_WEB__0530,web_development,frontend_developer,advanced,no_foundation,Pertanyaan untuk frontend_developer level advanced mengenai blocker no_foundation pada skill javascript_basic?,single_choice,belum_paham|paham_dasar|cukup_paham,val_web_development_530,high
Q_CYBE_0531,cyber_security,soc_analyst,advanced,no_foundation,Pertanyaan untuk soc_analyst level advanced mengenai blocker no_foundation pada skill log_analysis?,single_choice,belum_paham|paham_dasar|cukup_paham,val_cyber_security_531,high
Q_AI_M_0532,ai_ml,machine_learning_engineer,intermediate,no_foundation,Pertanyaan untuk machine_learning_engineer level intermediate mengenai blocker no_foundation pada skill python_basic?,single_choice,belum_paham|paham_dasar|cukup_paham,val_ai_ml_532,high
Q_UI_U_0533,ui_ux,ui_ux_designer,intermediate,no_portfolio,Pertanyaan untuk ui_ux_designer level intermediate mengenai blocker no_portfolio pada skill ui_principles?,single_choice,belum_paham|paham_dasar|cukup_paham,val_ui_ux_533,high
Q_AI_M_0534,ai_ml,machine_learning_engineer,basic,no_starting_point,Pertanyaan untuk machine_learning_engineer level basic mengenai blocker no_starting_point pada skill python_basic?,single_choice,belum_paham|paham_dasar|cukup_paham,val_ai_ml_534,high
Q_UI_U_0535,ui_ux,ui_ux_designer,basic,skill_gap_confusion,Pertanyaan untuk ui_ux_designer level basic mengenai blocker skill_gap_confusion pada skill wireframing?,single_choice,belum_paham|paham_dasar|cukup_paham,val_ui_ux_535,high
Q_DATA_0536,data_science,data_analyst,basic,no_starting_point,Pertanyaan untuk data_analyst level basic mengenai blocker no_starting_point pada skill sql_basic?,single_choice,belum_paham|paham_dasar|cukup_paham,val_data_science_536,high
Q_WEB__0537,web_development,frontend_developer,intermediate,no_foundation,Pertanyaan untuk frontend_developer level intermediate mengenai blocker no_foundation pada skill javascript_basic?,single_choice,belum_paham|paham_dasar|cukup_paham,val_web_development_537,high
Q_DATA_0538,data_science,data_analyst,basic,no_foundation,Pertanyaan untuk data_analyst level basic mengenai blocker no_foundation pada skill python_basic?,single_choice,belum_paham|paham_dasar|cukup_paham,val_data_science_538,high
Q_DATA_0539,data_science,data_analyst,intermediate,skill_gap_confusion,Pertanyaan untuk data_analyst level intermediate mengenai blocker skill_gap_confusion pada skill spreadsheet_basic?,single_choice,belum_paham|paham_dasar|cukup_paham,val_data_science_539,high
Q_AI_M_0540,ai_ml,machine_learning_engineer,advanced,no_starting_point,Pertanyaan untuk machine_learning_engineer level advanced mengenai blocker no_starting_point pada skill python_basic?,single_choice,belum_paham|paham_dasar|cukup_paham,val_ai_ml_540,high
Q_WEB__0541,web_development,frontend_developer,basic,no_foundation,Pertanyaan untuk frontend_developer level basic mengenai blocker no_foundation pada skill javascript_basic?,single_choice,belum_paham|paham_dasar|cukup_paham,val_web_development_541,high
Q_AI_M_0542,ai_ml,machine_learning_engineer,basic,no_portfolio,Pertanyaan untuk machine_learning_engineer level basic mengenai blocker no_portfolio pada skill model_training?,single_choice,belum_paham|paham_dasar|cukup_paham,val_ai_ml_542,high
Q_CYBE_0543,cyber_security,soc_analyst,intermediate,skill_gap_confusion,Pertanyaan untuk soc_analyst level intermediate mengenai blocker skill_gap_confusion pada skill networking_fundamental?,single_choice,belum_paham|paham_dasar|cukup_paham,val_cyber_security_543,high
Q_WEB__0544,web_development,frontend_developer,advanced,skill_gap_confusion,Pertanyaan untuk frontend_developer level advanced mengenai blocker skill_gap_confusion pada skill javascript_basic?,single_choice,belum_paham|paham_dasar|cukup_paham,val_web_development_544,high
Q_UI_U_0545,ui_ux,ui_ux_designer,beginner,skill_gap_confusion,Pertanyaan untuk ui_ux_designer level beginner mengenai blocker skill_gap_confusion pada skill wireframing?,single_choice,belum_paham|paham_dasar|cukup_paham,val_ui_ux_545,high
Q_WEB__0546,web_development,frontend_developer,basic,no_starting_point,Pertanyaan untuk frontend_developer level basic mengenai blocker no_starting_point pada skill javascript_basic?,single_choice,belum_paham|paham_dasar|cukup_paham,val_web_development_546,high
Q_UI_U_0547,ui_ux,ui_ux_designer,intermediate,no_foundation,Pertanyaan untuk ui_ux_designer level intermediate mengenai blocker no_foundation pada skill wireframing?,single_choice,belum_paham|paham_dasar|cukup_paham,val_ui_ux_547,high
Q_UI_U_0548,ui_ux,ui_ux_designer,intermediate,no_portfolio,Pertanyaan untuk ui_ux_designer level intermediate mengenai blocker no_portfolio pada skill wireframing?,single_choice,belum_paham|paham_dasar|cukup_paham,val_ui_ux_548,high
Q_DATA_0549,data_science,data_analyst,basic,no_portfolio,Pertanyaan untuk data_analyst level basic mengenai blocker no_portfolio pada skill sql_basic?,single_choice,belum_paham|paham_dasar|cukup_paham,val_data_science_549,high
Q_UI_U_0550,ui_ux,ui_ux_designer,basic,no_foundation,Pertanyaan untuk ui_ux_designer level basic mengenai blocker no_foundation pada skill wireframing?,single_choice,belum_paham|paham_dasar|cukup_paham,val_ui_ux_550,high
Q_DATA_0551,data_science,data_analyst,basic,no_foundation,Pertanyaan untuk data_analyst level basic mengenai blocker no_foundation pada skill python_basic?,single_choice,belum_paham|paham_dasar|cukup_paham,val_data_science_551,high
Q_DATA_0552,data_science,data_analyst,intermediate,no_foundation,Pertanyaan untuk data_analyst level intermediate mengenai blocker no_foundation pada skill spreadsheet_basic?,single_choice,belum_paham|paham_dasar|cukup_paham,val_data_science_552,high
Q_CYBE_0553,cyber_security,soc_analyst,beginner,no_portfolio,Pertanyaan untuk soc_analyst level beginner mengenai blocker no_portfolio pada skill networking_fundamental?,single_choice,belum_paham|paham_dasar|cukup_paham,val_cyber_security_553,high
Q_WEB__0554,web_development,frontend_developer,advanced,no_starting_point,Pertanyaan untuk frontend_developer level advanced mengenai blocker no_starting_point pada skill html_basic?,single_choice,belum_paham|paham_dasar|cukup_paham,val_web_development_554,high
Q_AI_M_0555,ai_ml,machine_learning_engineer,intermediate,skill_gap_confusion,Pertanyaan untuk machine_learning_engineer level intermediate mengenai blocker skill_gap_confusion pada skill python_basic?,single_choice,belum_paham|paham_dasar|cukup_paham,val_ai_ml_555,high
Q_DATA_0556,data_science,data_analyst,beginner,no_starting_point,Pertanyaan untuk data_analyst level beginner mengenai blocker no_starting_point pada skill sql_basic?,single_choice,belum_paham|paham_dasar|cukup_paham,val_data_science_556,high
Q_DATA_0557,data_science,data_analyst,advanced,no_starting_point,Pertanyaan untuk data_analyst level advanced mengenai blocker no_starting_point pada skill python_basic?,single_choice,belum_paham|paham_dasar|cukup_paham,val_data_science_557,high
Q_CYBE_0558,cyber_security,soc_analyst,intermediate,skill_gap_confusion,Pertanyaan untuk soc_analyst level intermediate mengenai blocker skill_gap_confusion pada skill log_analysis?,single_choice,belum_paham|paham_dasar|cukup_paham,val_cyber_security_558,high
Q_CYBE_0559,cyber_security,soc_analyst,advanced,skill_gap_confusion,Pertanyaan untuk soc_analyst level advanced mengenai blocker skill_gap_confusion pada skill linux_basic?,single_choice,belum_paham|paham_dasar|cukup_paham,val_cyber_security_559,high
Q_UI_U_0560,ui_ux,ui_ux_designer,advanced,no_portfolio,Pertanyaan untuk ui_ux_designer level advanced mengenai blocker no_portfolio pada skill wireframing?,single_choice,belum_paham|paham_dasar|cukup_paham,val_ui_ux_560,high
Q_DATA_0561,data_science,data_analyst,advanced,no_portfolio,Pertanyaan untuk data_analyst level advanced mengenai blocker no_portfolio pada skill python_basic?,single_choice,belum_paham|paham_dasar|cukup_paham,val_data_science_561,high
Q_DATA_0562,data_science,data_analyst,basic,no_portfolio,Pertanyaan untuk data_analyst level basic mengenai blocker no_portfolio pada skill spreadsheet_basic?,single_choice,belum_paham|paham_dasar|cukup_paham,val_data_science_562,high
Q_WEB__0563,web_development,frontend_developer,advanced,no_foundation,Pertanyaan untuk frontend_developer level advanced mengenai blocker no_foundation pada skill css_basic?,single_choice,belum_paham|paham_dasar|cukup_paham,val_web_development_563,high
Q_WEB__0564,web_development,frontend_developer,beginner,no_starting_point,Pertanyaan untuk frontend_developer level beginner mengenai blocker no_starting_point pada skill javascript_basic?,single_choice,belum_paham|paham_dasar|cukup_paham,val_web_development_564,high
Q_CYBE_0565,cyber_security,soc_analyst,beginner,skill_gap_confusion,Pertanyaan untuk soc_analyst level beginner mengenai blocker skill_gap_confusion pada skill linux_basic?,single_choice,belum_paham|paham_dasar|cukup_paham,val_cyber_security_565,high
Q_DATA_0566,data_science,data_analyst,beginner,no_starting_point,Pertanyaan untuk data_analyst level beginner mengenai blocker no_starting_point pada skill sql_basic?,single_choice,belum_paham|paham_dasar|cukup_paham,val_data_science_566,high
Q_AI_M_0567,ai_ml,machine_learning_engineer,basic,no_portfolio,Pertanyaan untuk machine_learning_engineer level basic mengenai blocker no_portfolio pada skill mlops?,single_choice,belum_paham|paham_dasar|cukup_paham,val_ai_ml_567,high
Q_UI_U_0568,ui_ux,ui_ux_designer,beginner,no_foundation,Pertanyaan untuk ui_ux_designer level beginner mengenai blocker no_foundation pada skill figma?,single_choice,belum_paham|paham_dasar|cukup_paham,val_ui_ux_568,high
Q_DATA_0569,data_science,data_analyst,basic,no_portfolio,Pertanyaan untuk data_analyst level basic mengenai blocker no_portfolio pada skill sql_basic?,single_choice,belum_paham|paham_dasar|cukup_paham,val_data_science_569,high
Q_WEB__0570,web_development,frontend_developer,intermediate,skill_gap_confusion,Pertanyaan untuk frontend_developer level intermediate mengenai blocker skill_gap_confusion pada skill javascript_basic?,single_choice,belum_paham|paham_dasar|cukup_paham,val_web_development_570,high
Q_WEB__0571,web_development,frontend_developer,basic,skill_gap_confusion,Pertanyaan untuk frontend_developer level basic mengenai blocker skill_gap_confusion pada skill javascript_basic?,single_choice,belum_paham|paham_dasar|cukup_paham,val_web_development_571,high
Q_UI_U_0572,ui_ux,ui_ux_designer,beginner,no_portfolio,Pertanyaan untuk ui_ux_designer level beginner mengenai blocker no_portfolio pada skill wireframing?,single_choice,belum_paham|paham_dasar|cukup_paham,val_ui_ux_572,high
Q_UI_U_0573,ui_ux,ui_ux_designer,beginner,no_portfolio,Pertanyaan untuk ui_ux_designer level beginner mengenai blocker no_portfolio pada skill ui_principles?,single_choice,belum_paham|paham_dasar|cukup_paham,val_ui_ux_573,high
Q_AI_M_0574,ai_ml,machine_learning_engineer,advanced,skill_gap_confusion,Pertanyaan untuk machine_learning_engineer level advanced mengenai blocker skill_gap_confusion pada skill mlops?,single_choice,belum_paham|paham_dasar|cukup_paham,val_ai_ml_574,high
Q_DATA_0575,data_science,data_analyst,advanced,no_portfolio,Pertanyaan untuk data_analyst level advanced mengenai blocker no_portfolio pada skill python_basic?,single_choice,belum_paham|paham_dasar|cukup_paham,val_data_science_575,high
Q_AI_M_0576,ai_ml,machine_learning_engineer,intermediate,no_portfolio,Pertanyaan untuk machine_learning_engineer level intermediate mengenai blocker no_portfolio pada skill mlops?,single_choice,belum_paham|paham_dasar|cukup_paham,val_ai_ml_576,high
Q_CYBE_0577,cyber_security,soc_analyst,beginner,no_foundation,Pertanyaan untuk soc_analyst level beginner mengenai blocker no_foundation pada skill log_analysis?,single_choice,belum_paham|paham_dasar|cukup_paham,val_cyber_security_577,high
Q_UI_U_0578,ui_ux,ui_ux_designer,intermediate,no_foundation,Pertanyaan untuk ui_ux_designer level intermediate mengenai blocker no_foundation pada skill figma?,single_choice,belum_paham|paham_dasar|cukup_paham,val_ui_ux_578,high
Q_UI_U_0579,ui_ux,ui_ux_designer,basic,skill_gap_confusion,Pertanyaan untuk ui_ux_designer level basic mengenai blocker skill_gap_confusion pada skill ui_principles?,single_choice,belum_paham|paham_dasar|cukup_paham,val_ui_ux_579,high
Q_UI_U_0580,ui_ux,ui_ux_designer,basic,no_portfolio,Pertanyaan untuk ui_ux_designer level basic mengenai blocker no_portfolio pada skill wireframing?,single_choice,belum_paham|paham_dasar|cukup_paham,val_ui_ux_580,high
Q_AI_M_0581,ai_ml,machine_learning_engineer,basic,no_starting_point,Pertanyaan untuk machine_learning_engineer level basic mengenai blocker no_starting_point pada skill model_training?,single_choice,belum_paham|paham_dasar|cukup_paham,val_ai_ml_581,high
Q_WEB__0582,web_development,frontend_developer,basic,no_starting_point,Pertanyaan untuk frontend_developer level basic mengenai blocker no_starting_point pada skill javascript_basic?,single_choice,belum_paham|paham_dasar|cukup_paham,val_web_development_582,high
Q_AI_M_0583,ai_ml,machine_learning_engineer,beginner,skill_gap_confusion,Pertanyaan untuk machine_learning_engineer level beginner mengenai blocker skill_gap_confusion pada skill python_basic?,single_choice,belum_paham|paham_dasar|cukup_paham,val_ai_ml_583,high
Q_WEB__0584,web_development,frontend_developer,basic,no_foundation,Pertanyaan untuk frontend_developer level basic mengenai blocker no_foundation pada skill html_basic?,single_choice,belum_paham|paham_dasar|cukup_paham,val_web_development_584,high
Q_AI_M_0585,ai_ml,machine_learning_engineer,intermediate,no_foundation,Pertanyaan untuk machine_learning_engineer level intermediate mengenai blocker no_foundation pada skill mlops?,single_choice,belum_paham|paham_dasar|cukup_paham,val_ai_ml_585,high
Q_DATA_0586,data_science,data_analyst,beginner,no_starting_point,Pertanyaan untuk data_analyst level beginner mengenai blocker no_starting_point pada skill spreadsheet_basic?,single_choice,belum_paham|paham_dasar|cukup_paham,val_data_science_586,high
Q_DATA_0587,data_science,data_analyst,beginner,no_foundation,Pertanyaan untuk data_analyst level beginner mengenai blocker no_foundation pada skill python_basic?,single_choice,belum_paham|paham_dasar|cukup_paham,val_data_science_587,high
Q_UI_U_0588,ui_ux,ui_ux_designer,advanced,skill_gap_confusion,Pertanyaan untuk ui_ux_designer level advanced mengenai blocker skill_gap_confusion pada skill figma?,single_choice,belum_paham|paham_dasar|cukup_paham,val_ui_ux_588,high
Q_WEB__0589,web_development,frontend_developer,basic,no_foundation,Pertanyaan untuk frontend_developer level basic mengenai blocker no_foundation pada skill javascript_basic?,single_choice,belum_paham|paham_dasar|cukup_paham,val_web_development_589,high
Q_DATA_0590,data_science,data_analyst,advanced,no_foundation,Pertanyaan untuk data_analyst level advanced mengenai blocker no_foundation pada skill spreadsheet_basic?,single_choice,belum_paham|paham_dasar|cukup_paham,val_data_science_590,high
Q_UI_U_0591,ui_ux,ui_ux_designer,beginner,no_portfolio,Pertanyaan untuk ui_ux_designer level beginner mengenai blocker no_portfolio pada skill wireframing?,single_choice,belum_paham|paham_dasar|cukup_paham,val_ui_ux_591,high
Q_DATA_0592,data_science,data_analyst,basic,skill_gap_confusion,Pertanyaan untuk data_analyst level basic mengenai blocker skill_gap_confusion pada skill spreadsheet_basic?,single_choice,belum_paham|paham_dasar|cukup_paham,val_data_science_592,high
Q_DATA_0593,data_science,data_analyst,beginner,skill_gap_confusion,Pertanyaan untuk data_analyst level beginner mengenai blocker skill_gap_confusion pada skill python_basic?,single_choice,belum_paham|paham_dasar|cukup_paham,val_data_science_593,high
Q_CYBE_0594,cyber_security,soc_analyst,basic,no_portfolio,Pertanyaan untuk soc_analyst level basic mengenai blocker no_portfolio pada skill log_analysis?,single_choice,belum_paham|paham_dasar|cukup_paham,val_cyber_security_594,high
Q_CYBE_0595,cyber_security,soc_analyst,advanced,no_portfolio,Pertanyaan untuk soc_analyst level advanced mengenai blocker no_portfolio pada skill networking_fundamental?,single_choice,belum_paham|paham_dasar|cukup_paham,val_cyber_security_595,high
Q_WEB__0596,web_development,frontend_developer,intermediate,skill_gap_confusion,Pertanyaan untuk frontend_developer level intermediate mengenai blocker skill_gap_confusion pada skill javascript_basic?,single_choice,belum_paham|paham_dasar|cukup_paham,val_web_development_596,high
Q_CYBE_0597,cyber_security,soc_analyst,beginner,no_foundation,Pertanyaan untuk soc_analyst level beginner mengenai blocker no_foundation pada skill log_analysis?,single_choice,belum_paham|paham_dasar|cukup_paham,val_cyber_security_597,high
Q_AI_M_0598,ai_ml,machine_learning_engineer,basic,no_portfolio,Pertanyaan untuk machine_learning_engineer level basic mengenai blocker no_portfolio pada skill mlops?,single_choice,belum_paham|paham_dasar|cukup_paham,val_ai_ml_598,high
Q_WEB__0599,web_development,frontend_developer,intermediate,skill_gap_confusion,Pertanyaan untuk frontend_developer level intermediate mengenai blocker skill_gap_confusion pada skill html_basic?,single_choice,belum_paham|paham_dasar|cukup_paham,val_web_development_599,high
Q_CYBE_0600,cyber_security,soc_analyst,beginner,no_starting_point,Pertanyaan untuk soc_analyst level beginner mengenai blocker no_starting_point pada skill networking_fundamental?,single_choice,belum_paham|paham_dasar|cukup_paham,val_cyber_security_600,high
Q_CYBE_0601,cyber_security,soc_analyst,advanced,no_starting_point,Pertanyaan untuk soc_analyst level advanced mengenai blocker no_starting_point pada skill linux_basic?,single_choice,belum_paham|paham_dasar|cukup_paham,val_cyber_security_601,high
Q_AI_M_0602,ai_ml,machine_learning_engineer,intermediate,no_starting_point,Pertanyaan untuk machine_learning_engineer level intermediate mengenai blocker no_starting_point pada skill python_basic?,single_choice,belum_paham|paham_dasar|cukup_paham,val_ai_ml_602,high
Q_CYBE_0603,cyber_security,soc_analyst,beginner,no_foundation,Pertanyaan untuk soc_analyst level beginner mengenai blocker no_foundation pada skill log_analysis?,single_choice,belum_paham|paham_dasar|cukup_paham,val_cyber_security_603,high
Q_CYBE_0604,cyber_security,soc_analyst,advanced,skill_gap_confusion,Pertanyaan untuk soc_analyst level advanced mengenai blocker skill_gap_confusion pada skill log_analysis?,single_choice,belum_paham|paham_dasar|cukup_paham,val_cyber_security_604,high
Q_CYBE_0605,cyber_security,soc_analyst,intermediate,skill_gap_confusion,Pertanyaan untuk soc_analyst level intermediate mengenai blocker skill_gap_confusion pada skill networking_fundamental?,single_choice,belum_paham|paham_dasar|cukup_paham,val_cyber_security_605,high
Q_UI_U_0606,ui_ux,ui_ux_designer,basic,no_foundation,Pertanyaan untuk ui_ux_designer level basic mengenai blocker no_foundation pada skill ui_principles?,single_choice,belum_paham|paham_dasar|cukup_paham,val_ui_ux_606,high
Q_CYBE_0607,cyber_security,soc_analyst,basic,no_foundation,Pertanyaan untuk soc_analyst level basic mengenai blocker no_foundation pada skill networking_fundamental?,single_choice,belum_paham|paham_dasar|cukup_paham,val_cyber_security_607,high
Q_WEB__0608,web_development,frontend_developer,beginner,no_starting_point,Pertanyaan untuk frontend_developer level beginner mengenai blocker no_starting_point pada skill css_basic?,single_choice,belum_paham|paham_dasar|cukup_paham,val_web_development_608,high
Q_UI_U_0609,ui_ux,ui_ux_designer,intermediate,no_portfolio,Pertanyaan untuk ui_ux_designer level intermediate mengenai blocker no_portfolio pada skill wireframing?,single_choice,belum_paham|paham_dasar|cukup_paham,val_ui_ux_609,high
Q_UI_U_0610,ui_ux,ui_ux_designer,advanced,no_portfolio,Pertanyaan untuk ui_ux_designer level advanced mengenai blocker no_portfolio pada skill ui_principles?,single_choice,belum_paham|paham_dasar|cukup_paham,val_ui_ux_610,high
Q_AI_M_0611,ai_ml,machine_learning_engineer,advanced,no_foundation,Pertanyaan untuk machine_learning_engineer level advanced mengenai blocker no_foundation pada skill mlops?,single_choice,belum_paham|paham_dasar|cukup_paham,val_ai_ml_611,high
Q_AI_M_0612,ai_ml,machine_learning_engineer,beginner,no_foundation,Pertanyaan untuk machine_learning_engineer level beginner mengenai blocker no_foundation pada skill mlops?,single_choice,belum_paham|paham_dasar|cukup_paham,val_ai_ml_612,high
Q_WEB__0613,web_development,frontend_developer,advanced,no_foundation,Pertanyaan untuk frontend_developer level advanced mengenai blocker no_foundation pada skill html_basic?,single_choice,belum_paham|paham_dasar|cukup_paham,val_web_development_613,high
Q_DATA_0614,data_science,data_analyst,advanced,no_portfolio,Pertanyaan untuk data_analyst level advanced mengenai blocker no_portfolio pada skill python_basic?,single_choice,belum_paham|paham_dasar|cukup_paham,val_data_science_614,high
Q_CYBE_0615,cyber_security,soc_analyst,basic,skill_gap_confusion,Pertanyaan untuk soc_analyst level basic mengenai blocker skill_gap_confusion pada skill linux_basic?,single_choice,belum_paham|paham_dasar|cukup_paham,val_cyber_security_615,high
Q_CYBE_0616,cyber_security,soc_analyst,intermediate,skill_gap_confusion,Pertanyaan untuk soc_analyst level intermediate mengenai blocker skill_gap_confusion pada skill linux_basic?,single_choice,belum_paham|paham_dasar|cukup_paham,val_cyber_security_616,high
Q_AI_M_0617,ai_ml,machine_learning_engineer,intermediate,no_portfolio,Pertanyaan untuk machine_learning_engineer level intermediate mengenai blocker no_portfolio pada skill python_basic?,single_choice,belum_paham|paham_dasar|cukup_paham,val_ai_ml_617,high
Q_UI_U_0618,ui_ux,ui_ux_designer,basic,no_portfolio,Pertanyaan untuk ui_ux_designer level basic mengenai blocker no_portfolio pada skill ui_principles?,single_choice,belum_paham|paham_dasar|cukup_paham,val_ui_ux_618,high
Q_DATA_0619,data_science,data_analyst,advanced,no_portfolio,Pertanyaan untuk data_analyst level advanced mengenai blocker no_portfolio pada skill python_basic?,single_choice,belum_paham|paham_dasar|cukup_paham,val_data_science_619,high
Q_WEB__0620,web_development,frontend_developer,intermediate,no_starting_point,Pertanyaan untuk frontend_developer level intermediate mengenai blocker no_starting_point pada skill html_basic?,single_choice,belum_paham|paham_dasar|cukup_paham,val_web_development_620,high
Q_AI_M_0621,ai_ml,machine_learning_engineer,beginner,no_foundation,Pertanyaan untuk machine_learning_engineer level beginner mengenai blocker no_foundation pada skill python_basic?,single_choice,belum_paham|paham_dasar|cukup_paham,val_ai_ml_621,high
Q_DATA_0622,data_science,data_analyst,basic,no_foundation,Pertanyaan untuk data_analyst level basic mengenai blocker no_foundation pada skill sql_basic?,single_choice,belum_paham|paham_dasar|cukup_paham,val_data_science_622,high
Q_WEB__0623,web_development,frontend_developer,beginner,no_portfolio,Pertanyaan untuk frontend_developer level beginner mengenai blocker no_portfolio pada skill javascript_basic?,single_choice,belum_paham|paham_dasar|cukup_paham,val_web_development_623,high
Q_UI_U_0624,ui_ux,ui_ux_designer,intermediate,no_foundation,Pertanyaan untuk ui_ux_designer level intermediate mengenai blocker no_foundation pada skill wireframing?,single_choice,belum_paham|paham_dasar|cukup_paham,val_ui_ux_624,high
Q_CYBE_0625,cyber_security,soc_analyst,advanced,no_starting_point,Pertanyaan untuk soc_analyst level advanced mengenai blocker no_starting_point pada skill linux_basic?,single_choice,belum_paham|paham_dasar|cukup_paham,val_cyber_security_625,high
Q_CYBE_0626,cyber_security,soc_analyst,intermediate,skill_gap_confusion,Pertanyaan untuk soc_analyst level intermediate mengenai blocker skill_gap_confusion pada skill log_analysis?,single_choice,belum_paham|paham_dasar|cukup_paham,val_cyber_security_626,high
Q_UI_U_0627,ui_ux,ui_ux_designer,advanced,skill_gap_confusion,Pertanyaan untuk ui_ux_designer level advanced mengenai blocker skill_gap_confusion pada skill figma?,single_choice,belum_paham|paham_dasar|cukup_paham,val_ui_ux_627,high
Q_UI_U_0628,ui_ux,ui_ux_designer,beginner,no_portfolio,Pertanyaan untuk ui_ux_designer level beginner mengenai blocker no_portfolio pada skill figma?,single_choice,belum_paham|paham_dasar|cukup_paham,val_ui_ux_628,high
Q_WEB__0629,web_development,frontend_developer,beginner,no_starting_point,Pertanyaan untuk frontend_developer level beginner mengenai blocker no_starting_point pada skill css_basic?,single_choice,belum_paham|paham_dasar|cukup_paham,val_web_development_629,high
Q_DATA_0630,data_science,data_analyst,beginner,no_portfolio,Pertanyaan untuk data_analyst level beginner mengenai blocker no_portfolio pada skill spreadsheet_basic?,single_choice,belum_paham|paham_dasar|cukup_paham,val_data_science_630,high
Q_AI_M_0631,ai_ml,machine_learning_engineer,basic,no_starting_point,Pertanyaan untuk machine_learning_engineer level basic mengenai blocker no_starting_point pada skill model_training?,single_choice,belum_paham|paham_dasar|cukup_paham,val_ai_ml_631,high
Q_UI_U_0632,ui_ux,ui_ux_designer,beginner,no_foundation,Pertanyaan untuk ui_ux_designer level beginner mengenai blocker no_foundation pada skill ui_principles?,single_choice,belum_paham|paham_dasar|cukup_paham,val_ui_ux_632,high
Q_AI_M_0633,ai_ml,machine_learning_engineer,advanced,skill_gap_confusion,Pertanyaan untuk machine_learning_engineer level advanced mengenai blocker skill_gap_confusion pada skill mlops?,single_choice,belum_paham|paham_dasar|cukup_paham,val_ai_ml_633,high
Q_WEB__0634,web_development,frontend_developer,basic,no_foundation,Pertanyaan untuk frontend_developer level basic mengenai blocker no_foundation pada skill html_basic?,single_choice,belum_paham|paham_dasar|cukup_paham,val_web_development_634,high
Q_CYBE_0635,cyber_security,soc_analyst,intermediate,no_foundation,Pertanyaan untuk soc_analyst level intermediate mengenai blocker no_foundation pada skill log_analysis?,single_choice,belum_paham|paham_dasar|cukup_paham,val_cyber_security_635,high
Q_UI_U_0636,ui_ux,ui_ux_designer,advanced,skill_gap_confusion,Pertanyaan untuk ui_ux_designer level advanced mengenai blocker skill_gap_confusion pada skill wireframing?,single_choice,belum_paham|paham_dasar|cukup_paham,val_ui_ux_636,high
Q_UI_U_0637,ui_ux,ui_ux_designer,advanced,no_foundation,Pertanyaan untuk ui_ux_designer level advanced mengenai blocker no_foundation pada skill figma?,single_choice,belum_paham|paham_dasar|cukup_paham,val_ui_ux_637,high
Q_CYBE_0638,cyber_security,soc_analyst,basic,skill_gap_confusion,Pertanyaan untuk soc_analyst level basic mengenai blocker skill_gap_confusion pada skill linux_basic?,single_choice,belum_paham|paham_dasar|cukup_paham,val_cyber_security_638,high
Q_CYBE_0639,cyber_security,soc_analyst,advanced,no_starting_point,Pertanyaan untuk soc_analyst level advanced mengenai blocker no_starting_point pada skill log_analysis?,single_choice,belum_paham|paham_dasar|cukup_paham,val_cyber_security_639,high
Q_CYBE_0640,cyber_security,soc_analyst,advanced,no_starting_point,Pertanyaan untuk soc_analyst level advanced mengenai blocker no_starting_point pada skill log_analysis?,single_choice,belum_paham|paham_dasar|cukup_paham,val_cyber_security_640,high
Q_CYBE_0641,cyber_security,soc_analyst,advanced,no_portfolio,Pertanyaan untuk soc_analyst level advanced mengenai blocker no_portfolio pada skill log_analysis?,single_choice,belum_paham|paham_dasar|cukup_paham,val_cyber_security_641,high
Q_UI_U_0642,ui_ux,ui_ux_designer,beginner,skill_gap_confusion,Pertanyaan untuk ui_ux_designer level beginner mengenai blocker skill_gap_confusion pada skill wireframing?,single_choice,belum_paham|paham_dasar|cukup_paham,val_ui_ux_642,high
Q_UI_U_0643,ui_ux,ui_ux_designer,basic,no_foundation,Pertanyaan untuk ui_ux_designer level basic mengenai blocker no_foundation pada skill wireframing?,single_choice,belum_paham|paham_dasar|cukup_paham,val_ui_ux_643,high
Q_CYBE_0644,cyber_security,soc_analyst,advanced,no_starting_point,Pertanyaan untuk soc_analyst level advanced mengenai blocker no_starting_point pada skill log_analysis?,single_choice,belum_paham|paham_dasar|cukup_paham,val_cyber_security_644,high
Q_AI_M_0645,ai_ml,machine_learning_engineer,intermediate,no_foundation,Pertanyaan untuk machine_learning_engineer level intermediate mengenai blocker no_foundation pada skill mlops?,single_choice,belum_paham|paham_dasar|cukup_paham,val_ai_ml_645,high
Q_CYBE_0646,cyber_security,soc_analyst,advanced,no_starting_point,Pertanyaan untuk soc_analyst level advanced mengenai blocker no_starting_point pada skill log_analysis?,single_choice,belum_paham|paham_dasar|cukup_paham,val_cyber_security_646,high
Q_AI_M_0647,ai_ml,machine_learning_engineer,intermediate,no_portfolio,Pertanyaan untuk machine_learning_engineer level intermediate mengenai blocker no_portfolio pada skill model_training?,single_choice,belum_paham|paham_dasar|cukup_paham,val_ai_ml_647,high
Q_WEB__0648,web_development,frontend_developer,beginner,no_starting_point,Pertanyaan untuk frontend_developer level beginner mengenai blocker no_starting_point pada skill css_basic?,single_choice,belum_paham|paham_dasar|cukup_paham,val_web_development_648,high
Q_DATA_0649,data_science,data_analyst,intermediate,no_starting_point,Pertanyaan untuk data_analyst level intermediate mengenai blocker no_starting_point pada skill sql_basic?,single_choice,belum_paham|paham_dasar|cukup_paham,val_data_science_649,high
Q_WEB__0650,web_development,frontend_developer,beginner,no_portfolio,Pertanyaan untuk frontend_developer level beginner mengenai blocker no_portfolio pada skill html_basic?,single_choice,belum_paham|paham_dasar|cukup_paham,val_web_development_650,high
Q_UI_U_0651,ui_ux,ui_ux_designer,beginner,no_foundation,Pertanyaan untuk ui_ux_designer level beginner mengenai blocker no_foundation pada skill ui_principles?,single_choice,belum_paham|paham_dasar|cukup_paham,val_ui_ux_651,high
Q_CYBE_0652,cyber_security,soc_analyst,advanced,skill_gap_confusion,Pertanyaan untuk soc_analyst level advanced mengenai blocker skill_gap_confusion pada skill networking_fundamental?,single_choice,belum_paham|paham_dasar|cukup_paham,val_cyber_security_652,high
Q_AI_M_0653,ai_ml,machine_learning_engineer,beginner,no_starting_point,Pertanyaan untuk machine_learning_engineer level beginner mengenai blocker no_starting_point pada skill python_basic?,single_choice,belum_paham|paham_dasar|cukup_paham,val_ai_ml_653,high
Q_WEB__0654,web_development,frontend_developer,intermediate,no_starting_point,Pertanyaan untuk frontend_developer level intermediate mengenai blocker no_starting_point pada skill html_basic?,single_choice,belum_paham|paham_dasar|cukup_paham,val_web_development_654,high
Q_WEB__0655,web_development,frontend_developer,intermediate,no_starting_point,Pertanyaan untuk frontend_developer level intermediate mengenai blocker no_starting_point pada skill javascript_basic?,single_choice,belum_paham|paham_dasar|cukup_paham,val_web_development_655,high
Q_DATA_0656,data_science,data_analyst,advanced,no_foundation,Pertanyaan untuk data_analyst level advanced mengenai blocker no_foundation pada skill python_basic?,single_choice,belum_paham|paham_dasar|cukup_paham,val_data_science_656,high
Q_DATA_0657,data_science,data_analyst,intermediate,no_portfolio,Pertanyaan untuk data_analyst level intermediate mengenai blocker no_portfolio pada skill python_basic?,single_choice,belum_paham|paham_dasar|cukup_paham,val_data_science_657,high
Q_WEB__0658,web_development,frontend_developer,basic,no_portfolio,Pertanyaan untuk frontend_developer level basic mengenai blocker no_portfolio pada skill javascript_basic?,single_choice,belum_paham|paham_dasar|cukup_paham,val_web_development_658,high
Q_AI_M_0659,ai_ml,machine_learning_engineer,advanced,skill_gap_confusion,Pertanyaan untuk machine_learning_engineer level advanced mengenai blocker skill_gap_confusion pada skill mlops?,single_choice,belum_paham|paham_dasar|cukup_paham,val_ai_ml_659,high
Q_DATA_0660,data_science,data_analyst,beginner,no_foundation,Pertanyaan untuk data_analyst level beginner mengenai blocker no_foundation pada skill python_basic?,single_choice,belum_paham|paham_dasar|cukup_paham,val_data_science_660,high
Q_UI_U_0661,ui_ux,ui_ux_designer,advanced,no_portfolio,Pertanyaan untuk ui_ux_designer level advanced mengenai blocker no_portfolio pada skill ui_principles?,single_choice,belum_paham|paham_dasar|cukup_paham,val_ui_ux_661,high
Q_CYBE_0662,cyber_security,soc_analyst,intermediate,no_portfolio,Pertanyaan untuk soc_analyst level intermediate mengenai blocker no_portfolio pada skill networking_fundamental?,single_choice,belum_paham|paham_dasar|cukup_paham,val_cyber_security_662,high
Q_UI_U_0663,ui_ux,ui_ux_designer,advanced,no_portfolio,Pertanyaan untuk ui_ux_designer level advanced mengenai blocker no_portfolio pada skill ui_principles?,single_choice,belum_paham|paham_dasar|cukup_paham,val_ui_ux_663,high
Q_AI_M_0664,ai_ml,machine_learning_engineer,intermediate,no_starting_point,Pertanyaan untuk machine_learning_engineer level intermediate mengenai blocker no_starting_point pada skill mlops?,single_choice,belum_paham|paham_dasar|cukup_paham,val_ai_ml_664,high
Q_DATA_0665,data_science,data_analyst,beginner,no_portfolio,Pertanyaan untuk data_analyst level beginner mengenai blocker no_portfolio pada skill python_basic?,single_choice,belum_paham|paham_dasar|cukup_paham,val_data_science_665,high
Q_DATA_0666,data_science,data_analyst,basic,no_foundation,Pertanyaan untuk data_analyst level basic mengenai blocker no_foundation pada skill python_basic?,single_choice,belum_paham|paham_dasar|cukup_paham,val_data_science_666,high
Q_UI_U_0667,ui_ux,ui_ux_designer,beginner,no_foundation,Pertanyaan untuk ui_ux_designer level beginner mengenai blocker no_foundation pada skill wireframing?,single_choice,belum_paham|paham_dasar|cukup_paham,val_ui_ux_667,high
Q_CYBE_0668,cyber_security,soc_analyst,intermediate,no_starting_point,Pertanyaan untuk soc_analyst level intermediate mengenai blocker no_starting_point pada skill linux_basic?,single_choice,belum_paham|paham_dasar|cukup_paham,val_cyber_security_668,high
Q_UI_U_0669,ui_ux,ui_ux_designer,intermediate,no_foundation,Pertanyaan untuk ui_ux_designer level intermediate mengenai blocker no_foundation pada skill figma?,single_choice,belum_paham|paham_dasar|cukup_paham,val_ui_ux_669,high
Q_CYBE_0670,cyber_security,soc_analyst,beginner,no_portfolio,Pertanyaan untuk soc_analyst level beginner mengenai blocker no_portfolio pada skill networking_fundamental?,single_choice,belum_paham|paham_dasar|cukup_paham,val_cyber_security_670,high
Q_WEB__0671,web_development,frontend_developer,advanced,no_foundation,Pertanyaan untuk frontend_developer level advanced mengenai blocker no_foundation pada skill javascript_basic?,single_choice,belum_paham|paham_dasar|cukup_paham,val_web_development_671,high
Q_UI_U_0672,ui_ux,ui_ux_designer,beginner,no_starting_point,Pertanyaan untuk ui_ux_designer level beginner mengenai blocker no_starting_point pada skill ui_principles?,single_choice,belum_paham|paham_dasar|cukup_paham,val_ui_ux_672,high
Q_UI_U_0673,ui_ux,ui_ux_designer,basic,no_portfolio,Pertanyaan untuk ui_ux_designer level basic mengenai blocker no_portfolio pada skill figma?,single_choice,belum_paham|paham_dasar|cukup_paham,val_ui_ux_673,high
Q_UI_U_0674,ui_ux,ui_ux_designer,beginner,skill_gap_confusion,Pertanyaan untuk ui_ux_designer level beginner mengenai blocker skill_gap_confusion pada skill wireframing?,single_choice,belum_paham|paham_dasar|cukup_paham,val_ui_ux_674,high
Q_AI_M_0675,ai_ml,machine_learning_engineer,beginner,no_foundation,Pertanyaan untuk machine_learning_engineer level beginner mengenai blocker no_foundation pada skill model_training?,single_choice,belum_paham|paham_dasar|cukup_paham,val_ai_ml_675,high
Q_AI_M_0676,ai_ml,machine_learning_engineer,beginner,no_foundation,Pertanyaan untuk machine_learning_engineer level beginner mengenai blocker no_foundation pada skill python_basic?,single_choice,belum_paham|paham_dasar|cukup_paham,val_ai_ml_676,high
Q_UI_U_0677,ui_ux,ui_ux_designer,advanced,no_foundation,Pertanyaan untuk ui_ux_designer level advanced mengenai blocker no_foundation pada skill figma?,single_choice,belum_paham|paham_dasar|cukup_paham,val_ui_ux_677,high
Q_CYBE_0678,cyber_security,soc_analyst,intermediate,no_foundation,Pertanyaan untuk soc_analyst level intermediate mengenai blocker no_foundation pada skill log_analysis?,single_choice,belum_paham|paham_dasar|cukup_paham,val_cyber_security_678,high
Q_WEB__0679,web_development,frontend_developer,advanced,no_starting_point,Pertanyaan untuk frontend_developer level advanced mengenai blocker no_starting_point pada skill javascript_basic?,single_choice,belum_paham|paham_dasar|cukup_paham,val_web_development_679,high
Q_AI_M_0680,ai_ml,machine_learning_engineer,basic,no_portfolio,Pertanyaan untuk machine_learning_engineer level basic mengenai blocker no_portfolio pada skill python_basic?,single_choice,belum_paham|paham_dasar|cukup_paham,val_ai_ml_680,high
Q_DATA_0681,data_science,data_analyst,basic,no_foundation,Pertanyaan untuk data_analyst level basic mengenai blocker no_foundation pada skill python_basic?,single_choice,belum_paham|paham_dasar|cukup_paham,val_data_science_681,high
Q_CYBE_0682,cyber_security,soc_analyst,beginner,skill_gap_confusion,Pertanyaan untuk soc_analyst level beginner mengenai blocker skill_gap_confusion pada skill networking_fundamental?,single_choice,belum_paham|paham_dasar|cukup_paham,val_cyber_security_682,high
Q_AI_M_0683,ai_ml,machine_learning_engineer,intermediate,no_foundation,Pertanyaan untuk machine_learning_engineer level intermediate mengenai blocker no_foundation pada skill mlops?,single_choice,belum_paham|paham_dasar|cukup_paham,val_ai_ml_683,high
Q_WEB__0684,web_development,frontend_developer,beginner,skill_gap_confusion,Pertanyaan untuk frontend_developer level beginner mengenai blocker skill_gap_confusion pada skill javascript_basic?,single_choice,belum_paham|paham_dasar|cukup_paham,val_web_development_684,high
Q_AI_M_0685,ai_ml,machine_learning_engineer,beginner,no_starting_point,Pertanyaan untuk machine_learning_engineer level beginner mengenai blocker no_starting_point pada skill python_basic?,single_choice,belum_paham|paham_dasar|cukup_paham,val_ai_ml_685,high
Q_WEB__0686,web_development,frontend_developer,intermediate,no_foundation,Pertanyaan untuk frontend_developer level intermediate mengenai blocker no_foundation pada skill html_basic?,single_choice,belum_paham|paham_dasar|cukup_paham,val_web_development_686,high
Q_DATA_0687,data_science,data_analyst,beginner,no_starting_point,Pertanyaan untuk data_analyst level beginner mengenai blocker no_starting_point pada skill spreadsheet_basic?,single_choice,belum_paham|paham_dasar|cukup_paham,val_data_science_687,high
Q_WEB__0688,web_development,frontend_developer,basic,no_starting_point,Pertanyaan untuk frontend_developer level basic mengenai blocker no_starting_point pada skill html_basic?,single_choice,belum_paham|paham_dasar|cukup_paham,val_web_development_688,high
Q_DATA_0689,data_science,data_analyst,intermediate,no_foundation,Pertanyaan untuk data_analyst level intermediate mengenai blocker no_foundation pada skill python_basic?,single_choice,belum_paham|paham_dasar|cukup_paham,val_data_science_689,high
Q_DATA_0690,data_science,data_analyst,beginner,no_starting_point,Pertanyaan untuk data_analyst level beginner mengenai blocker no_starting_point pada skill spreadsheet_basic?,single_choice,belum_paham|paham_dasar|cukup_paham,val_data_science_690,high
Q_WEB__0691,web_development,frontend_developer,advanced,no_starting_point,Pertanyaan untuk frontend_developer level advanced mengenai blocker no_starting_point pada skill html_basic?,single_choice,belum_paham|paham_dasar|cukup_paham,val_web_development_691,high
Q_AI_M_0692,ai_ml,machine_learning_engineer,intermediate,no_portfolio,Pertanyaan untuk machine_learning_engineer level intermediate mengenai blocker no_portfolio pada skill python_basic?,single_choice,belum_paham|paham_dasar|cukup_paham,val_ai_ml_692,high
Q_UI_U_0693,ui_ux,ui_ux_designer,intermediate,no_foundation,Pertanyaan untuk ui_ux_designer level intermediate mengenai blocker no_foundation pada skill figma?,single_choice,belum_paham|paham_dasar|cukup_paham,val_ui_ux_693,high
Q_AI_M_0694,ai_ml,machine_learning_engineer,intermediate,no_starting_point,Pertanyaan untuk machine_learning_engineer level intermediate mengenai blocker no_starting_point pada skill model_training?,single_choice,belum_paham|paham_dasar|cukup_paham,val_ai_ml_694,high
Q_AI_M_0695,ai_ml,machine_learning_engineer,advanced,skill_gap_confusion,Pertanyaan untuk machine_learning_engineer level advanced mengenai blocker skill_gap_confusion pada skill python_basic?,single_choice,belum_paham|paham_dasar|cukup_paham,val_ai_ml_695,high
Q_AI_M_0696,ai_ml,machine_learning_engineer,advanced,no_foundation,Pertanyaan untuk machine_learning_engineer level advanced mengenai blocker no_foundation pada skill python_basic?,single_choice,belum_paham|paham_dasar|cukup_paham,val_ai_ml_696,high
Q_CYBE_0697,cyber_security,soc_analyst,beginner,no_starting_point,Pertanyaan untuk soc_analyst level beginner mengenai blocker no_starting_point pada skill networking_fundamental?,single_choice,belum_paham|paham_dasar|cukup_paham,val_cyber_security_697,high
Q_UI_U_0698,ui_ux,ui_ux_designer,advanced,skill_gap_confusion,Pertanyaan untuk ui_ux_designer level advanced mengenai blocker skill_gap_confusion pada skill wireframing?,single_choice,belum_paham|paham_dasar|cukup_paham,val_ui_ux_698,high
Q_UI_U_0699,ui_ux,ui_ux_designer,basic,skill_gap_confusion,Pertanyaan untuk ui_ux_designer level basic mengenai blocker skill_gap_confusion pada skill figma?,single_choice,belum_paham|paham_dasar|cukup_paham,val_ui_ux_699,high
Q_CYBE_0700,cyber_security,soc_analyst,advanced,no_foundation,Pertanyaan untuk soc_analyst level advanced mengenai blocker no_foundation pada skill linux_basic?,single_choice,belum_paham|paham_dasar|cukup_paham,val_cyber_security_700,high
Q_DATA_0701,data_science,data_analyst,beginner,no_portfolio,Pertanyaan untuk data_analyst level beginner mengenai blocker no_portfolio pada skill python_basic?,single_choice,belum_paham|paham_dasar|cukup_paham,val_data_science_701,high
Q_UI_U_0702,ui_ux,ui_ux_designer,advanced,no_foundation,Pertanyaan untuk ui_ux_designer level advanced mengenai blocker no_foundation pada skill figma?,single_choice,belum_paham|paham_dasar|cukup_paham,val_ui_ux_702,high
Q_DATA_0703,data_science,data_analyst,intermediate,skill_gap_confusion,Pertanyaan untuk data_analyst level intermediate mengenai blocker skill_gap_confusion pada skill spreadsheet_basic?,single_choice,belum_paham|paham_dasar|cukup_paham,val_data_science_703,high
Q_CYBE_0704,cyber_security,soc_analyst,advanced,no_portfolio,Pertanyaan untuk soc_analyst level advanced mengenai blocker no_portfolio pada skill log_analysis?,single_choice,belum_paham|paham_dasar|cukup_paham,val_cyber_security_704,high
Q_AI_M_0705,ai_ml,machine_learning_engineer,basic,no_foundation,Pertanyaan untuk machine_learning_engineer level basic mengenai blocker no_foundation pada skill model_training?,single_choice,belum_paham|paham_dasar|cukup_paham,val_ai_ml_705,high
Q_WEB__0706,web_development,frontend_developer,intermediate,no_foundation,Pertanyaan untuk frontend_developer level intermediate mengenai blocker no_foundation pada skill css_basic?,single_choice,belum_paham|paham_dasar|cukup_paham,val_web_development_706,high
Q_AI_M_0707,ai_ml,machine_learning_engineer,basic,no_foundation,Pertanyaan untuk machine_learning_engineer level basic mengenai blocker no_foundation pada skill mlops?,single_choice,belum_paham|paham_dasar|cukup_paham,val_ai_ml_707,high
Q_CYBE_0708,cyber_security,soc_analyst,basic,no_foundation,Pertanyaan untuk soc_analyst level basic mengenai blocker no_foundation pada skill log_analysis?,single_choice,belum_paham|paham_dasar|cukup_paham,val_cyber_security_708,high
Q_DATA_0709,data_science,data_analyst,beginner,no_portfolio,Pertanyaan untuk data_analyst level beginner mengenai blocker no_portfolio pada skill python_basic?,single_choice,belum_paham|paham_dasar|cukup_paham,val_data_science_709,high
Q_CYBE_0710,cyber_security,soc_analyst,intermediate,skill_gap_confusion,Pertanyaan untuk soc_analyst level intermediate mengenai blocker skill_gap_confusion pada skill linux_basic?,single_choice,belum_paham|paham_dasar|cukup_paham,val_cyber_security_710,high
Q_DATA_0711,data_science,data_analyst,beginner,no_portfolio,Pertanyaan untuk data_analyst level beginner mengenai blocker no_portfolio pada skill sql_basic?,single_choice,belum_paham|paham_dasar|cukup_paham,val_data_science_711,high
Q_CYBE_0712,cyber_security,soc_analyst,beginner,no_portfolio,Pertanyaan untuk soc_analyst level beginner mengenai blocker no_portfolio pada skill linux_basic?,single_choice,belum_paham|paham_dasar|cukup_paham,val_cyber_security_712,high
Q_DATA_0713,data_science,data_analyst,beginner,no_foundation,Pertanyaan untuk data_analyst level beginner mengenai blocker no_foundation pada skill spreadsheet_basic?,single_choice,belum_paham|paham_dasar|cukup_paham,val_data_science_713,high
Q_DATA_0714,data_science,data_analyst,intermediate,no_foundation,Pertanyaan untuk data_analyst level intermediate mengenai blocker no_foundation pada skill spreadsheet_basic?,single_choice,belum_paham|paham_dasar|cukup_paham,val_data_science_714,high
Q_UI_U_0715,ui_ux,ui_ux_designer,basic,skill_gap_confusion,Pertanyaan untuk ui_ux_designer level basic mengenai blocker skill_gap_confusion pada skill wireframing?,single_choice,belum_paham|paham_dasar|cukup_paham,val_ui_ux_715,high
Q_UI_U_0716,ui_ux,ui_ux_designer,basic,no_foundation,Pertanyaan untuk ui_ux_designer level basic mengenai blocker no_foundation pada skill figma?,single_choice,belum_paham|paham_dasar|cukup_paham,val_ui_ux_716,high
Q_WEB__0717,web_development,frontend_developer,intermediate,no_foundation,Pertanyaan untuk frontend_developer level intermediate mengenai blocker no_foundation pada skill css_basic?,single_choice,belum_paham|paham_dasar|cukup_paham,val_web_development_717,high
Q_CYBE_0718,cyber_security,soc_analyst,intermediate,no_portfolio,Pertanyaan untuk soc_analyst level intermediate mengenai blocker no_portfolio pada skill networking_fundamental?,single_choice,belum_paham|paham_dasar|cukup_paham,val_cyber_security_718,high
Q_UI_U_0719,ui_ux,ui_ux_designer,basic,no_foundation,Pertanyaan untuk ui_ux_designer level basic mengenai blocker no_foundation pada skill ui_principles?,single_choice,belum_paham|paham_dasar|cukup_paham,val_ui_ux_719,high
Q_WEB__0720,web_development,frontend_developer,beginner,no_portfolio,Pertanyaan untuk frontend_developer level beginner mengenai blocker no_portfolio pada skill javascript_basic?,single_choice,belum_paham|paham_dasar|cukup_paham,val_web_development_720,high
Q_CYBE_0721,cyber_security,soc_analyst,advanced,skill_gap_confusion,Pertanyaan untuk soc_analyst level advanced mengenai blocker skill_gap_confusion pada skill linux_basic?,single_choice,belum_paham|paham_dasar|cukup_paham,val_cyber_security_721,high
Q_UI_U_0722,ui_ux,ui_ux_designer,intermediate,skill_gap_confusion,Pertanyaan untuk ui_ux_designer level intermediate mengenai blocker skill_gap_confusion pada skill figma?,single_choice,belum_paham|paham_dasar|cukup_paham,val_ui_ux_722,high
Q_CYBE_0723,cyber_security,soc_analyst,intermediate,skill_gap_confusion,Pertanyaan untuk soc_analyst level intermediate mengenai blocker skill_gap_confusion pada skill linux_basic?,single_choice,belum_paham|paham_dasar|cukup_paham,val_cyber_security_723,high
Q_UI_U_0724,ui_ux,ui_ux_designer,advanced,skill_gap_confusion,Pertanyaan untuk ui_ux_designer level advanced mengenai blocker skill_gap_confusion pada skill wireframing?,single_choice,belum_paham|paham_dasar|cukup_paham,val_ui_ux_724,high
Q_CYBE_0725,cyber_security,soc_analyst,intermediate,no_portfolio,Pertanyaan untuk soc_analyst level intermediate mengenai blocker no_portfolio pada skill log_analysis?,single_choice,belum_paham|paham_dasar|cukup_paham,val_cyber_security_725,high
Q_AI_M_0726,ai_ml,machine_learning_engineer,beginner,skill_gap_confusion,Pertanyaan untuk machine_learning_engineer level beginner mengenai blocker skill_gap_confusion pada skill model_training?,single_choice,belum_paham|paham_dasar|cukup_paham,val_ai_ml_726,high
Q_CYBE_0727,cyber_security,soc_analyst,intermediate,no_starting_point,Pertanyaan untuk soc_analyst level intermediate mengenai blocker no_starting_point pada skill log_analysis?,single_choice,belum_paham|paham_dasar|cukup_paham,val_cyber_security_727,high
Q_DATA_0728,data_science,data_analyst,beginner,skill_gap_confusion,Pertanyaan untuk data_analyst level beginner mengenai blocker skill_gap_confusion pada skill python_basic?,single_choice,belum_paham|paham_dasar|cukup_paham,val_data_science_728,high
Q_CYBE_0729,cyber_security,soc_analyst,basic,no_foundation,Pertanyaan untuk soc_analyst level basic mengenai blocker no_foundation pada skill networking_fundamental?,single_choice,belum_paham|paham_dasar|cukup_paham,val_cyber_security_729,high
Q_DATA_0730,data_science,data_analyst,intermediate,no_portfolio,Pertanyaan untuk data_analyst level intermediate mengenai blocker no_portfolio pada skill sql_basic?,single_choice,belum_paham|paham_dasar|cukup_paham,val_data_science_730,high
Q_WEB__0731,web_development,frontend_developer,beginner,skill_gap_confusion,Pertanyaan untuk frontend_developer level beginner mengenai blocker skill_gap_confusion pada skill html_basic?,single_choice,belum_paham|paham_dasar|cukup_paham,val_web_development_731,high
Q_AI_M_0732,ai_ml,machine_learning_engineer,intermediate,no_foundation,Pertanyaan untuk machine_learning_engineer level intermediate mengenai blocker no_foundation pada skill mlops?,single_choice,belum_paham|paham_dasar|cukup_paham,val_ai_ml_732,high
Q_WEB__0733,web_development,frontend_developer,intermediate,no_foundation,Pertanyaan untuk frontend_developer level intermediate mengenai blocker no_foundation pada skill javascript_basic?,single_choice,belum_paham|paham_dasar|cukup_paham,val_web_development_733,high
Q_CYBE_0734,cyber_security,soc_analyst,basic,no_foundation,Pertanyaan untuk soc_analyst level basic mengenai blocker no_foundation pada skill networking_fundamental?,single_choice,belum_paham|paham_dasar|cukup_paham,val_cyber_security_734,high
Q_UI_U_0735,ui_ux,ui_ux_designer,beginner,no_foundation,Pertanyaan untuk ui_ux_designer level beginner mengenai blocker no_foundation pada skill ui_principles?,single_choice,belum_paham|paham_dasar|cukup_paham,val_ui_ux_735,high
Q_DATA_0736,data_science,data_analyst,intermediate,no_foundation,Pertanyaan untuk data_analyst level intermediate mengenai blocker no_foundation pada skill spreadsheet_basic?,single_choice,belum_paham|paham_dasar|cukup_paham,val_data_science_736,high
Q_AI_M_0737,ai_ml,machine_learning_engineer,intermediate,skill_gap_confusion,Pertanyaan untuk machine_learning_engineer level intermediate mengenai blocker skill_gap_confusion pada skill python_basic?,single_choice,belum_paham|paham_dasar|cukup_paham,val_ai_ml_737,high
Q_AI_M_0738,ai_ml,machine_learning_engineer,advanced,skill_gap_confusion,Pertanyaan untuk machine_learning_engineer level advanced mengenai blocker skill_gap_confusion pada skill mlops?,single_choice,belum_paham|paham_dasar|cukup_paham,val_ai_ml_738,high
Q_DATA_0739,data_science,data_analyst,beginner,no_foundation,Pertanyaan untuk data_analyst level beginner mengenai blocker no_foundation pada skill python_basic?,single_choice,belum_paham|paham_dasar|cukup_paham,val_data_science_739,high
Q_WEB__0740,web_development,frontend_developer,advanced,skill_gap_confusion,Pertanyaan untuk frontend_developer level advanced mengenai blocker skill_gap_confusion pada skill javascript_basic?,single_choice,belum_paham|paham_dasar|cukup_paham,val_web_development_740,high
Q_DATA_0741,data_science,data_analyst,beginner,no_foundation,Pertanyaan untuk data_analyst level beginner mengenai blocker no_foundation pada skill sql_basic?,single_choice,belum_paham|paham_dasar|cukup_paham,val_data_science_741,high
Q_WEB__0742,web_development,frontend_developer,basic,skill_gap_confusion,Pertanyaan untuk frontend_developer level basic mengenai blocker skill_gap_confusion pada skill css_basic?,single_choice,belum_paham|paham_dasar|cukup_paham,val_web_development_742,high
Q_DATA_0743,data_science,data_analyst,intermediate,skill_gap_confusion,Pertanyaan untuk data_analyst level intermediate mengenai blocker skill_gap_confusion pada skill python_basic?,single_choice,belum_paham|paham_dasar|cukup_paham,val_data_science_743,high
Q_DATA_0744,data_science,data_analyst,intermediate,no_portfolio,Pertanyaan untuk data_analyst level intermediate mengenai blocker no_portfolio pada skill python_basic?,single_choice,belum_paham|paham_dasar|cukup_paham,val_data_science_744,high
Q_UI_U_0745,ui_ux,ui_ux_designer,intermediate,no_foundation,Pertanyaan untuk ui_ux_designer level intermediate mengenai blocker no_foundation pada skill figma?,single_choice,belum_paham|paham_dasar|cukup_paham,val_ui_ux_745,high
Q_CYBE_0746,cyber_security,soc_analyst,intermediate,no_foundation,Pertanyaan untuk soc_analyst level intermediate mengenai blocker no_foundation pada skill linux_basic?,single_choice,belum_paham|paham_dasar|cukup_paham,val_cyber_security_746,high
Q_DATA_0747,data_science,data_analyst,basic,no_portfolio,Pertanyaan untuk data_analyst level basic mengenai blocker no_portfolio pada skill spreadsheet_basic?,single_choice,belum_paham|paham_dasar|cukup_paham,val_data_science_747,high
Q_CYBE_0748,cyber_security,soc_analyst,intermediate,no_foundation,Pertanyaan untuk soc_analyst level intermediate mengenai blocker no_foundation pada skill linux_basic?,single_choice,belum_paham|paham_dasar|cukup_paham,val_cyber_security_748,high
Q_DATA_0749,data_science,data_analyst,beginner,no_starting_point,Pertanyaan untuk data_analyst level beginner mengenai blocker no_starting_point pada skill sql_basic?,single_choice,belum_paham|paham_dasar|cukup_paham,val_data_science_749,high
Q_AI_M_0750,ai_ml,machine_learning_engineer,basic,no_portfolio,Pertanyaan untuk machine_learning_engineer level basic mengenai blocker no_portfolio pada skill model_training?,single_choice,belum_paham|paham_dasar|cukup_paham,val_ai_ml_750,high
Q_AI_M_0751,ai_ml,machine_learning_engineer,basic,no_starting_point,Pertanyaan untuk machine_learning_engineer level basic mengenai blocker no_starting_point pada skill mlops?,single_choice,belum_paham|paham_dasar|cukup_paham,val_ai_ml_751,high
Q_UI_U_0752,ui_ux,ui_ux_designer,basic,no_foundation,Pertanyaan untuk ui_ux_designer level basic mengenai blocker no_foundation pada skill wireframing?,single_choice,belum_paham|paham_dasar|cukup_paham,val_ui_ux_752,high
Q_UI_U_0753,ui_ux,ui_ux_designer,intermediate,no_starting_point,Pertanyaan untuk ui_ux_designer level intermediate mengenai blocker no_starting_point pada skill wireframing?,single_choice,belum_paham|paham_dasar|cukup_paham,val_ui_ux_753,high
Q_WEB__0754,web_development,frontend_developer,advanced,no_portfolio,Pertanyaan untuk frontend_developer level advanced mengenai blocker no_portfolio pada skill html_basic?,single_choice,belum_paham|paham_dasar|cukup_paham,val_web_development_754,high
Q_AI_M_0755,ai_ml,machine_learning_engineer,basic,no_foundation,Pertanyaan untuk machine_learning_engineer level basic mengenai blocker no_foundation pada skill python_basic?,single_choice,belum_paham|paham_dasar|cukup_paham,val_ai_ml_755,high
Q_AI_M_0756,ai_ml,machine_learning_engineer,basic,skill_gap_confusion,Pertanyaan untuk machine_learning_engineer level basic mengenai blocker skill_gap_confusion pada skill model_training?,single_choice,belum_paham|paham_dasar|cukup_paham,val_ai_ml_756,high
Q_AI_M_0757,ai_ml,machine_learning_engineer,basic,no_foundation,Pertanyaan untuk machine_learning_engineer level basic mengenai blocker no_foundation pada skill mlops?,single_choice,belum_paham|paham_dasar|cukup_paham,val_ai_ml_757,high
Q_WEB__0758,web_development,frontend_developer,advanced,skill_gap_confusion,Pertanyaan untuk frontend_developer level advanced mengenai blocker skill_gap_confusion pada skill javascript_basic?,single_choice,belum_paham|paham_dasar|cukup_paham,val_web_development_758,high
Q_WEB__0759,web_development,frontend_developer,basic,no_foundation,Pertanyaan untuk frontend_developer level basic mengenai blocker no_foundation pada skill css_basic?,single_choice,belum_paham|paham_dasar|cukup_paham,val_web_development_759,high
Q_AI_M_0760,ai_ml,machine_learning_engineer,basic,no_starting_point,Pertanyaan untuk machine_learning_engineer level basic mengenai blocker no_starting_point pada skill model_training?,single_choice,belum_paham|paham_dasar|cukup_paham,val_ai_ml_760,high
Q_AI_M_0761,ai_ml,machine_learning_engineer,beginner,no_foundation,Pertanyaan untuk machine_learning_engineer level beginner mengenai blocker no_foundation pada skill mlops?,single_choice,belum_paham|paham_dasar|cukup_paham,val_ai_ml_761,high
Q_CYBE_0762,cyber_security,soc_analyst,intermediate,no_portfolio,Pertanyaan untuk soc_analyst level intermediate mengenai blocker no_portfolio pada skill log_analysis?,single_choice,belum_paham|paham_dasar|cukup_paham,val_cyber_security_762,high
Q_AI_M_0763,ai_ml,machine_learning_engineer,basic,no_portfolio,Pertanyaan untuk machine_learning_engineer level basic mengenai blocker no_portfolio pada skill model_training?,single_choice,belum_paham|paham_dasar|cukup_paham,val_ai_ml_763,high
Q_DATA_0764,data_science,data_analyst,beginner,skill_gap_confusion,Pertanyaan untuk data_analyst level beginner mengenai blocker skill_gap_confusion pada skill sql_basic?,single_choice,belum_paham|paham_dasar|cukup_paham,val_data_science_764,high
Q_UI_U_0765,ui_ux,ui_ux_designer,intermediate,skill_gap_confusion,Pertanyaan untuk ui_ux_designer level intermediate mengenai blocker skill_gap_confusion pada skill ui_principles?,single_choice,belum_paham|paham_dasar|cukup_paham,val_ui_ux_765,high
Q_UI_U_0766,ui_ux,ui_ux_designer,beginner,no_foundation,Pertanyaan untuk ui_ux_designer level beginner mengenai blocker no_foundation pada skill ui_principles?,single_choice,belum_paham|paham_dasar|cukup_paham,val_ui_ux_766,high
Q_WEB__0767,web_development,frontend_developer,beginner,skill_gap_confusion,Pertanyaan untuk frontend_developer level beginner mengenai blocker skill_gap_confusion pada skill css_basic?,single_choice,belum_paham|paham_dasar|cukup_paham,val_web_development_767,high
Q_WEB__0768,web_development,frontend_developer,intermediate,skill_gap_confusion,Pertanyaan untuk frontend_developer level intermediate mengenai blocker skill_gap_confusion pada skill html_basic?,single_choice,belum_paham|paham_dasar|cukup_paham,val_web_development_768,high
Q_WEB__0769,web_development,frontend_developer,intermediate,no_portfolio,Pertanyaan untuk frontend_developer level intermediate mengenai blocker no_portfolio pada skill css_basic?,single_choice,belum_paham|paham_dasar|cukup_paham,val_web_development_769,high
Q_CYBE_0770,cyber_security,soc_analyst,basic,no_portfolio,Pertanyaan untuk soc_analyst level basic mengenai blocker no_portfolio pada skill networking_fundamental?,single_choice,belum_paham|paham_dasar|cukup_paham,val_cyber_security_770,high
Q_UI_U_0771,ui_ux,ui_ux_designer,intermediate,skill_gap_confusion,Pertanyaan untuk ui_ux_designer level intermediate mengenai blocker skill_gap_confusion pada skill ui_principles?,single_choice,belum_paham|paham_dasar|cukup_paham,val_ui_ux_771,high
Q_UI_U_0772,ui_ux,ui_ux_designer,advanced,no_portfolio,Pertanyaan untuk ui_ux_designer level advanced mengenai blocker no_portfolio pada skill ui_principles?,single_choice,belum_paham|paham_dasar|cukup_paham,val_ui_ux_772,high
Q_AI_M_0773,ai_ml,machine_learning_engineer,advanced,skill_gap_confusion,Pertanyaan untuk machine_learning_engineer level advanced mengenai blocker skill_gap_confusion pada skill python_basic?,single_choice,belum_paham|paham_dasar|cukup_paham,val_ai_ml_773,high
Q_CYBE_0774,cyber_security,soc_analyst,beginner,no_starting_point,Pertanyaan untuk soc_analyst level beginner mengenai blocker no_starting_point pada skill networking_fundamental?,single_choice,belum_paham|paham_dasar|cukup_paham,val_cyber_security_774,high
Q_UI_U_0775,ui_ux,ui_ux_designer,intermediate,no_foundation,Pertanyaan untuk ui_ux_designer level intermediate mengenai blocker no_foundation pada skill wireframing?,single_choice,belum_paham|paham_dasar|cukup_paham,val_ui_ux_775,high
Q_CYBE_0776,cyber_security,soc_analyst,beginner,no_foundation,Pertanyaan untuk soc_analyst level beginner mengenai blocker no_foundation pada skill networking_fundamental?,single_choice,belum_paham|paham_dasar|cukup_paham,val_cyber_security_776,high
Q_WEB__0777,web_development,frontend_developer,beginner,no_portfolio,Pertanyaan untuk frontend_developer level beginner mengenai blocker no_portfolio pada skill css_basic?,single_choice,belum_paham|paham_dasar|cukup_paham,val_web_development_777,high
Q_DATA_0778,data_science,data_analyst,advanced,no_foundation,Pertanyaan untuk data_analyst level advanced mengenai blocker no_foundation pada skill spreadsheet_basic?,single_choice,belum_paham|paham_dasar|cukup_paham,val_data_science_778,high
Q_DATA_0779,data_science,data_analyst,intermediate,no_starting_point,Pertanyaan untuk data_analyst level intermediate mengenai blocker no_starting_point pada skill spreadsheet_basic?,single_choice,belum_paham|paham_dasar|cukup_paham,val_data_science_779,high
Q_DATA_0780,data_science,data_analyst,intermediate,no_foundation,Pertanyaan untuk data_analyst level intermediate mengenai blocker no_foundation pada skill sql_basic?,single_choice,belum_paham|paham_dasar|cukup_paham,val_data_science_780,high
Q_UI_U_0781,ui_ux,ui_ux_designer,advanced,no_foundation,Pertanyaan untuk ui_ux_designer level advanced mengenai blocker no_foundation pada skill wireframing?,single_choice,belum_paham|paham_dasar|cukup_paham,val_ui_ux_781,high
Q_AI_M_0782,ai_ml,machine_learning_engineer,advanced,no_portfolio,Pertanyaan untuk machine_learning_engineer level advanced mengenai blocker no_portfolio pada skill python_basic?,single_choice,belum_paham|paham_dasar|cukup_paham,val_ai_ml_782,high
Q_AI_M_0783,ai_ml,machine_learning_engineer,basic,no_starting_point,Pertanyaan untuk machine_learning_engineer level basic mengenai blocker no_starting_point pada skill model_training?,single_choice,belum_paham|paham_dasar|cukup_paham,val_ai_ml_783,high
Q_AI_M_0784,ai_ml,machine_learning_engineer,basic,no_foundation,Pertanyaan untuk machine_learning_engineer level basic mengenai blocker no_foundation pada skill model_training?,single_choice,belum_paham|paham_dasar|cukup_paham,val_ai_ml_784,high
Q_AI_M_0785,ai_ml,machine_learning_engineer,beginner,no_starting_point,Pertanyaan untuk machine_learning_engineer level beginner mengenai blocker no_starting_point pada skill python_basic?,single_choice,belum_paham|paham_dasar|cukup_paham,val_ai_ml_785,high
Q_UI_U_0786,ui_ux,ui_ux_designer,intermediate,no_portfolio,Pertanyaan untuk ui_ux_designer level intermediate mengenai blocker no_portfolio pada skill wireframing?,single_choice,belum_paham|paham_dasar|cukup_paham,val_ui_ux_786,high
Q_AI_M_0787,ai_ml,machine_learning_engineer,basic,no_foundation,Pertanyaan untuk machine_learning_engineer level basic mengenai blocker no_foundation pada skill mlops?,single_choice,belum_paham|paham_dasar|cukup_paham,val_ai_ml_787,high
Q_WEB__0788,web_development,frontend_developer,beginner,no_foundation,Pertanyaan untuk frontend_developer level beginner mengenai blocker no_foundation pada skill html_basic?,single_choice,belum_paham|paham_dasar|cukup_paham,val_web_development_788,high
Q_CYBE_0789,cyber_security,soc_analyst,basic,no_portfolio,Pertanyaan untuk soc_analyst level basic mengenai blocker no_portfolio pada skill log_analysis?,single_choice,belum_paham|paham_dasar|cukup_paham,val_cyber_security_789,high
Q_AI_M_0790,ai_ml,machine_learning_engineer,intermediate,skill_gap_confusion,Pertanyaan untuk machine_learning_engineer level intermediate mengenai blocker skill_gap_confusion pada skill model_training?,single_choice,belum_paham|paham_dasar|cukup_paham,val_ai_ml_790,high
Q_AI_M_0791,ai_ml,machine_learning_engineer,beginner,no_portfolio,Pertanyaan untuk machine_learning_engineer level beginner mengenai blocker no_portfolio pada skill model_training?,single_choice,belum_paham|paham_dasar|cukup_paham,val_ai_ml_791,high
Q_WEB__0792,web_development,frontend_developer,intermediate,skill_gap_confusion,Pertanyaan untuk frontend_developer level intermediate mengenai blocker skill_gap_confusion pada skill javascript_basic?,single_choice,belum_paham|paham_dasar|cukup_paham,val_web_development_792,high
Q_UI_U_0793,ui_ux,ui_ux_designer,basic,no_portfolio,Pertanyaan untuk ui_ux_designer level basic mengenai blocker no_portfolio pada skill figma?,single_choice,belum_paham|paham_dasar|cukup_paham,val_ui_ux_793,high
Q_UI_U_0794,ui_ux,ui_ux_designer,beginner,skill_gap_confusion,Pertanyaan untuk ui_ux_designer level beginner mengenai blocker skill_gap_confusion pada skill figma?,single_choice,belum_paham|paham_dasar|cukup_paham,val_ui_ux_794,high
Q_WEB__0795,web_development,frontend_developer,intermediate,no_foundation,Pertanyaan untuk frontend_developer level intermediate mengenai blocker no_foundation pada skill html_basic?,single_choice,belum_paham|paham_dasar|cukup_paham,val_web_development_795,high
Q_UI_U_0796,ui_ux,ui_ux_designer,basic,skill_gap_confusion,Pertanyaan untuk ui_ux_designer level basic mengenai blocker skill_gap_confusion pada skill figma?,single_choice,belum_paham|paham_dasar|cukup_paham,val_ui_ux_796,high
Q_WEB__0797,web_development,frontend_developer,intermediate,no_foundation,Pertanyaan untuk frontend_developer level intermediate mengenai blocker no_foundation pada skill css_basic?,single_choice,belum_paham|paham_dasar|cukup_paham,val_web_development_797,high
Q_AI_M_0798,ai_ml,machine_learning_engineer,basic,skill_gap_confusion,Pertanyaan untuk machine_learning_engineer level basic mengenai blocker skill_gap_confusion pada skill model_training?,single_choice,belum_paham|paham_dasar|cukup_paham,val_ai_ml_798,high
Q_AI_M_0799,ai_ml,machine_learning_engineer,intermediate,no_starting_point,Pertanyaan untuk machine_learning_engineer level intermediate mengenai blocker no_starting_point pada skill model_training?,single_choice,belum_paham|paham_dasar|cukup_paham,val_ai_ml_799,high
Q_DATA_0800,data_science,data_analyst,intermediate,no_starting_point,Pertanyaan untuk data_analyst level intermediate mengenai blocker no_starting_point pada skill sql_basic?,single_choice,belum_paham|paham_dasar|cukup_paham,val_data_science_800,high
Q_WEB__0801,web_development,frontend_developer,advanced,no_foundation,Pertanyaan untuk frontend_developer level advanced mengenai blocker no_foundation pada skill html_basic?,single_choice,belum_paham|paham_dasar|cukup_paham,val_web_development_801,high
Q_CYBE_0802,cyber_security,soc_analyst,beginner,no_portfolio,Pertanyaan untuk soc_analyst level beginner mengenai blocker no_portfolio pada skill networking_fundamental?,single_choice,belum_paham|paham_dasar|cukup_paham,val_cyber_security_802,high
Q_CYBE_0803,cyber_security,soc_analyst,beginner,no_portfolio,Pertanyaan untuk soc_analyst level beginner mengenai blocker no_portfolio pada skill log_analysis?,single_choice,belum_paham|paham_dasar|cukup_paham,val_cyber_security_803,high
Q_DATA_0804,data_science,data_analyst,beginner,skill_gap_confusion,Pertanyaan untuk data_analyst level beginner mengenai blocker skill_gap_confusion pada skill sql_basic?,single_choice,belum_paham|paham_dasar|cukup_paham,val_data_science_804,high
Q_UI_U_0805,ui_ux,ui_ux_designer,beginner,no_portfolio,Pertanyaan untuk ui_ux_designer level beginner mengenai blocker no_portfolio pada skill figma?,single_choice,belum_paham|paham_dasar|cukup_paham,val_ui_ux_805,high
Q_WEB__0806,web_development,frontend_developer,basic,skill_gap_confusion,Pertanyaan untuk frontend_developer level basic mengenai blocker skill_gap_confusion pada skill javascript_basic?,single_choice,belum_paham|paham_dasar|cukup_paham,val_web_development_806,high
Q_AI_M_0807,ai_ml,machine_learning_engineer,basic,skill_gap_confusion,Pertanyaan untuk machine_learning_engineer level basic mengenai blocker skill_gap_confusion pada skill model_training?,single_choice,belum_paham|paham_dasar|cukup_paham,val_ai_ml_807,high
Q_WEB__0808,web_development,frontend_developer,basic,no_portfolio,Pertanyaan untuk frontend_developer level basic mengenai blocker no_portfolio pada skill css_basic?,single_choice,belum_paham|paham_dasar|cukup_paham,val_web_development_808,high
Q_WEB__0809,web_development,frontend_developer,advanced,no_foundation,Pertanyaan untuk frontend_developer level advanced mengenai blocker no_foundation pada skill javascript_basic?,single_choice,belum_paham|paham_dasar|cukup_paham,val_web_development_809,high
Q_WEB__0810,web_development,frontend_developer,intermediate,no_starting_point,Pertanyaan untuk frontend_developer level intermediate mengenai blocker no_starting_point pada skill html_basic?,single_choice,belum_paham|paham_dasar|cukup_paham,val_web_development_810,high
Q_DATA_0811,data_science,data_analyst,beginner,skill_gap_confusion,Pertanyaan untuk data_analyst level beginner mengenai blocker skill_gap_confusion pada skill sql_basic?,single_choice,belum_paham|paham_dasar|cukup_paham,val_data_science_811,high
Q_WEB__0812,web_development,frontend_developer,intermediate,skill_gap_confusion,Pertanyaan untuk frontend_developer level intermediate mengenai blocker skill_gap_confusion pada skill javascript_basic?,single_choice,belum_paham|paham_dasar|cukup_paham,val_web_development_812,high
Q_CYBE_0813,cyber_security,soc_analyst,advanced,no_foundation,Pertanyaan untuk soc_analyst level advanced mengenai blocker no_foundation pada skill linux_basic?,single_choice,belum_paham|paham_dasar|cukup_paham,val_cyber_security_813,high
Q_DATA_0814,data_science,data_analyst,beginner,no_starting_point,Pertanyaan untuk data_analyst level beginner mengenai blocker no_starting_point pada skill spreadsheet_basic?,single_choice,belum_paham|paham_dasar|cukup_paham,val_data_science_814,high
Q_DATA_0815,data_science,data_analyst,advanced,skill_gap_confusion,Pertanyaan untuk data_analyst level advanced mengenai blocker skill_gap_confusion pada skill python_basic?,single_choice,belum_paham|paham_dasar|cukup_paham,val_data_science_815,high
Q_AI_M_0816,ai_ml,machine_learning_engineer,basic,no_foundation,Pertanyaan untuk machine_learning_engineer level basic mengenai blocker no_foundation pada skill model_training?,single_choice,belum_paham|paham_dasar|cukup_paham,val_ai_ml_816,high
Q_DATA_0817,data_science,data_analyst,intermediate,no_foundation,Pertanyaan untuk data_analyst level intermediate mengenai blocker no_foundation pada skill python_basic?,single_choice,belum_paham|paham_dasar|cukup_paham,val_data_science_817,high
Q_UI_U_0818,ui_ux,ui_ux_designer,basic,no_portfolio,Pertanyaan untuk ui_ux_designer level basic mengenai blocker no_portfolio pada skill wireframing?,single_choice,belum_paham|paham_dasar|cukup_paham,val_ui_ux_818,high
Q_AI_M_0819,ai_ml,machine_learning_engineer,basic,no_portfolio,Pertanyaan untuk machine_learning_engineer level basic mengenai blocker no_portfolio pada skill mlops?,single_choice,belum_paham|paham_dasar|cukup_paham,val_ai_ml_819,high
Q_WEB__0820,web_development,frontend_developer,basic,no_starting_point,Pertanyaan untuk frontend_developer level basic mengenai blocker no_starting_point pada skill css_basic?,single_choice,belum_paham|paham_dasar|cukup_paham,val_web_development_820,high
Q_WEB__0821,web_development,frontend_developer,intermediate,skill_gap_confusion,Pertanyaan untuk frontend_developer level intermediate mengenai blocker skill_gap_confusion pada skill html_basic?,single_choice,belum_paham|paham_dasar|cukup_paham,val_web_development_821,high
Q_UI_U_0822,ui_ux,ui_ux_designer,beginner,no_foundation,Pertanyaan untuk ui_ux_designer level beginner mengenai blocker no_foundation pada skill figma?,single_choice,belum_paham|paham_dasar|cukup_paham,val_ui_ux_822,high
Q_DATA_0823,data_science,data_analyst,advanced,no_portfolio,Pertanyaan untuk data_analyst level advanced mengenai blocker no_portfolio pada skill spreadsheet_basic?,single_choice,belum_paham|paham_dasar|cukup_paham,val_data_science_823,high
Q_WEB__0824,web_development,frontend_developer,basic,no_portfolio,Pertanyaan untuk frontend_developer level basic mengenai blocker no_portfolio pada skill javascript_basic?,single_choice,belum_paham|paham_dasar|cukup_paham,val_web_development_824,high
Q_AI_M_0825,ai_ml,machine_learning_engineer,intermediate,skill_gap_confusion,Pertanyaan untuk machine_learning_engineer level intermediate mengenai blocker skill_gap_confusion pada skill python_basic?,single_choice,belum_paham|paham_dasar|cukup_paham,val_ai_ml_825,high
Q_CYBE_0826,cyber_security,soc_analyst,basic,no_portfolio,Pertanyaan untuk soc_analyst level basic mengenai blocker no_portfolio pada skill linux_basic?,single_choice,belum_paham|paham_dasar|cukup_paham,val_cyber_security_826,high
Q_CYBE_0827,cyber_security,soc_analyst,advanced,no_foundation,Pertanyaan untuk soc_analyst level advanced mengenai blocker no_foundation pada skill linux_basic?,single_choice,belum_paham|paham_dasar|cukup_paham,val_cyber_security_827,high
Q_AI_M_0828,ai_ml,machine_learning_engineer,beginner,skill_gap_confusion,Pertanyaan untuk machine_learning_engineer level beginner mengenai blocker skill_gap_confusion pada skill python_basic?,single_choice,belum_paham|paham_dasar|cukup_paham,val_ai_ml_828,high
Q_AI_M_0829,ai_ml,machine_learning_engineer,advanced,no_portfolio,Pertanyaan untuk machine_learning_engineer level advanced mengenai blocker no_portfolio pada skill model_training?,single_choice,belum_paham|paham_dasar|cukup_paham,val_ai_ml_829,high
Q_DATA_0830,data_science,data_analyst,beginner,no_starting_point,Pertanyaan untuk data_analyst level beginner mengenai blocker no_starting_point pada skill spreadsheet_basic?,single_choice,belum_paham|paham_dasar|cukup_paham,val_data_science_830,high
Q_UI_U_0831,ui_ux,ui_ux_designer,basic,skill_gap_confusion,Pertanyaan untuk ui_ux_designer level basic mengenai blocker skill_gap_confusion pada skill wireframing?,single_choice,belum_paham|paham_dasar|cukup_paham,val_ui_ux_831,high
Q_CYBE_0832,cyber_security,soc_analyst,beginner,no_portfolio,Pertanyaan untuk soc_analyst level beginner mengenai blocker no_portfolio pada skill networking_fundamental?,single_choice,belum_paham|paham_dasar|cukup_paham,val_cyber_security_832,high
Q_AI_M_0833,ai_ml,machine_learning_engineer,beginner,no_portfolio,Pertanyaan untuk machine_learning_engineer level beginner mengenai blocker no_portfolio pada skill python_basic?,single_choice,belum_paham|paham_dasar|cukup_paham,val_ai_ml_833,high
Q_CYBE_0834,cyber_security,soc_analyst,advanced,no_starting_point,Pertanyaan untuk soc_analyst level advanced mengenai blocker no_starting_point pada skill log_analysis?,single_choice,belum_paham|paham_dasar|cukup_paham,val_cyber_security_834,high
Q_DATA_0835,data_science,data_analyst,beginner,no_starting_point,Pertanyaan untuk data_analyst level beginner mengenai blocker no_starting_point pada skill spreadsheet_basic?,single_choice,belum_paham|paham_dasar|cukup_paham,val_data_science_835,high
Q_DATA_0836,data_science,data_analyst,basic,no_portfolio,Pertanyaan untuk data_analyst level basic mengenai blocker no_portfolio pada skill python_basic?,single_choice,belum_paham|paham_dasar|cukup_paham,val_data_science_836,high
Q_DATA_0837,data_science,data_analyst,advanced,no_foundation,Pertanyaan untuk data_analyst level advanced mengenai blocker no_foundation pada skill sql_basic?,single_choice,belum_paham|paham_dasar|cukup_paham,val_data_science_837,high
Q_WEB__0838,web_development,frontend_developer,basic,no_foundation,Pertanyaan untuk frontend_developer level basic mengenai blocker no_foundation pada skill javascript_basic?,single_choice,belum_paham|paham_dasar|cukup_paham,val_web_development_838,high
Q_WEB__0839,web_development,frontend_developer,basic,no_starting_point,Pertanyaan untuk frontend_developer level basic mengenai blocker no_starting_point pada skill html_basic?,single_choice,belum_paham|paham_dasar|cukup_paham,val_web_development_839,high
Q_DATA_0840,data_science,data_analyst,basic,no_foundation,Pertanyaan untuk data_analyst level basic mengenai blocker no_foundation pada skill python_basic?,single_choice,belum_paham|paham_dasar|cukup_paham,val_data_science_840,high
Q_UI_U_0841,ui_ux,ui_ux_designer,intermediate,no_foundation,Pertanyaan untuk ui_ux_designer level intermediate mengenai blocker no_foundation pada skill ui_principles?,single_choice,belum_paham|paham_dasar|cukup_paham,val_ui_ux_841,high
Q_CYBE_0842,cyber_security,soc_analyst,advanced,no_portfolio,Pertanyaan untuk soc_analyst level advanced mengenai blocker no_portfolio pada skill networking_fundamental?,single_choice,belum_paham|paham_dasar|cukup_paham,val_cyber_security_842,high
Q_DATA_0843,data_science,data_analyst,basic,no_portfolio,Pertanyaan untuk data_analyst level basic mengenai blocker no_portfolio pada skill python_basic?,single_choice,belum_paham|paham_dasar|cukup_paham,val_data_science_843,high
Q_DATA_0844,data_science,data_analyst,advanced,no_starting_point,Pertanyaan untuk data_analyst level advanced mengenai blocker no_starting_point pada skill sql_basic?,single_choice,belum_paham|paham_dasar|cukup_paham,val_data_science_844,high
Q_AI_M_0845,ai_ml,machine_learning_engineer,basic,no_foundation,Pertanyaan untuk machine_learning_engineer level basic mengenai blocker no_foundation pada skill mlops?,single_choice,belum_paham|paham_dasar|cukup_paham,val_ai_ml_845,high
Q_WEB__0846,web_development,frontend_developer,advanced,skill_gap_confusion,Pertanyaan untuk frontend_developer level advanced mengenai blocker skill_gap_confusion pada skill javascript_basic?,single_choice,belum_paham|paham_dasar|cukup_paham,val_web_development_846,high
Q_DATA_0847,data_science,data_analyst,advanced,no_portfolio,Pertanyaan untuk data_analyst level advanced mengenai blocker no_portfolio pada skill spreadsheet_basic?,single_choice,belum_paham|paham_dasar|cukup_paham,val_data_science_847,high
Q_UI_U_0848,ui_ux,ui_ux_designer,beginner,no_starting_point,Pertanyaan untuk ui_ux_designer level beginner mengenai blocker no_starting_point pada skill wireframing?,single_choice,belum_paham|paham_dasar|cukup_paham,val_ui_ux_848,high
Q_WEB__0849,web_development,frontend_developer,basic,skill_gap_confusion,Pertanyaan untuk frontend_developer level basic mengenai blocker skill_gap_confusion pada skill javascript_basic?,single_choice,belum_paham|paham_dasar|cukup_paham,val_web_development_849,high
Q_UI_U_0850,ui_ux,ui_ux_designer,beginner,skill_gap_confusion,Pertanyaan untuk ui_ux_designer level beginner mengenai blocker skill_gap_confusion pada skill figma?,single_choice,belum_paham|paham_dasar|cukup_paham,val_ui_ux_850,high
Q_WEB__0851,web_development,frontend_developer,intermediate,no_foundation,Pertanyaan untuk frontend_developer level intermediate mengenai blocker no_foundation pada skill html_basic?,single_choice,belum_paham|paham_dasar|cukup_paham,val_web_development_851,high
Q_AI_M_0852,ai_ml,machine_learning_engineer,basic,skill_gap_confusion,Pertanyaan untuk machine_learning_engineer level basic mengenai blocker skill_gap_confusion pada skill python_basic?,single_choice,belum_paham|paham_dasar|cukup_paham,val_ai_ml_852,high
Q_WEB__0853,web_development,frontend_developer,intermediate,no_portfolio,Pertanyaan untuk frontend_developer level intermediate mengenai blocker no_portfolio pada skill html_basic?,single_choice,belum_paham|paham_dasar|cukup_paham,val_web_development_853,high
Q_UI_U_0854,ui_ux,ui_ux_designer,intermediate,no_foundation,Pertanyaan untuk ui_ux_designer level intermediate mengenai blocker no_foundation pada skill ui_principles?,single_choice,belum_paham|paham_dasar|cukup_paham,val_ui_ux_854,high
Q_AI_M_0855,ai_ml,machine_learning_engineer,basic,skill_gap_confusion,Pertanyaan untuk machine_learning_engineer level basic mengenai blocker skill_gap_confusion pada skill python_basic?,single_choice,belum_paham|paham_dasar|cukup_paham,val_ai_ml_855,high
Q_UI_U_0856,ui_ux,ui_ux_designer,basic,skill_gap_confusion,Pertanyaan untuk ui_ux_designer level basic mengenai blocker skill_gap_confusion pada skill figma?,single_choice,belum_paham|paham_dasar|cukup_paham,val_ui_ux_856,high
Q_AI_M_0857,ai_ml,machine_learning_engineer,advanced,no_portfolio,Pertanyaan untuk machine_learning_engineer level advanced mengenai blocker no_portfolio pada skill model_training?,single_choice,belum_paham|paham_dasar|cukup_paham,val_ai_ml_857,high
Q_DATA_0858,data_science,data_analyst,basic,skill_gap_confusion,Pertanyaan untuk data_analyst level basic mengenai blocker skill_gap_confusion pada skill sql_basic?,single_choice,belum_paham|paham_dasar|cukup_paham,val_data_science_858,high
Q_CYBE_0859,cyber_security,soc_analyst,intermediate,skill_gap_confusion,Pertanyaan untuk soc_analyst level intermediate mengenai blocker skill_gap_confusion pada skill linux_basic?,single_choice,belum_paham|paham_dasar|cukup_paham,val_cyber_security_859,high
Q_UI_U_0860,ui_ux,ui_ux_designer,beginner,no_foundation,Pertanyaan untuk ui_ux_designer level beginner mengenai blocker no_foundation pada skill wireframing?,single_choice,belum_paham|paham_dasar|cukup_paham,val_ui_ux_860,high
Q_WEB__0861,web_development,frontend_developer,beginner,no_portfolio,Pertanyaan untuk frontend_developer level beginner mengenai blocker no_portfolio pada skill css_basic?,single_choice,belum_paham|paham_dasar|cukup_paham,val_web_development_861,high
Q_CYBE_0862,cyber_security,soc_analyst,beginner,skill_gap_confusion,Pertanyaan untuk soc_analyst level beginner mengenai blocker skill_gap_confusion pada skill log_analysis?,single_choice,belum_paham|paham_dasar|cukup_paham,val_cyber_security_862,high
Q_DATA_0863,data_science,data_analyst,advanced,no_portfolio,Pertanyaan untuk data_analyst level advanced mengenai blocker no_portfolio pada skill python_basic?,single_choice,belum_paham|paham_dasar|cukup_paham,val_data_science_863,high
Q_WEB__0864,web_development,frontend_developer,beginner,no_portfolio,Pertanyaan untuk frontend_developer level beginner mengenai blocker no_portfolio pada skill javascript_basic?,single_choice,belum_paham|paham_dasar|cukup_paham,val_web_development_864,high
Q_AI_M_0865,ai_ml,machine_learning_engineer,advanced,no_foundation,Pertanyaan untuk machine_learning_engineer level advanced mengenai blocker no_foundation pada skill model_training?,single_choice,belum_paham|paham_dasar|cukup_paham,val_ai_ml_865,high
Q_UI_U_0866,ui_ux,ui_ux_designer,beginner,no_portfolio,Pertanyaan untuk ui_ux_designer level beginner mengenai blocker no_portfolio pada skill figma?,single_choice,belum_paham|paham_dasar|cukup_paham,val_ui_ux_866,high
Q_DATA_0867,data_science,data_analyst,beginner,skill_gap_confusion,Pertanyaan untuk data_analyst level beginner mengenai blocker skill_gap_confusion pada skill python_basic?,single_choice,belum_paham|paham_dasar|cukup_paham,val_data_science_867,high
Q_CYBE_0868,cyber_security,soc_analyst,beginner,no_foundation,Pertanyaan untuk soc_analyst level beginner mengenai blocker no_foundation pada skill log_analysis?,single_choice,belum_paham|paham_dasar|cukup_paham,val_cyber_security_868,high
Q_DATA_0869,data_science,data_analyst,basic,skill_gap_confusion,Pertanyaan untuk data_analyst level basic mengenai blocker skill_gap_confusion pada skill spreadsheet_basic?,single_choice,belum_paham|paham_dasar|cukup_paham,val_data_science_869,high
Q_WEB__0870,web_development,frontend_developer,beginner,no_starting_point,Pertanyaan untuk frontend_developer level beginner mengenai blocker no_starting_point pada skill html_basic?,single_choice,belum_paham|paham_dasar|cukup_paham,val_web_development_870,high
Q_UI_U_0871,ui_ux,ui_ux_designer,advanced,no_portfolio,Pertanyaan untuk ui_ux_designer level advanced mengenai blocker no_portfolio pada skill ui_principles?,single_choice,belum_paham|paham_dasar|cukup_paham,val_ui_ux_871,high
Q_CYBE_0872,cyber_security,soc_analyst,intermediate,no_portfolio,Pertanyaan untuk soc_analyst level intermediate mengenai blocker no_portfolio pada skill networking_fundamental?,single_choice,belum_paham|paham_dasar|cukup_paham,val_cyber_security_872,high
Q_AI_M_0873,ai_ml,machine_learning_engineer,beginner,skill_gap_confusion,Pertanyaan untuk machine_learning_engineer level beginner mengenai blocker skill_gap_confusion pada skill model_training?,single_choice,belum_paham|paham_dasar|cukup_paham,val_ai_ml_873,high
Q_UI_U_0874,ui_ux,ui_ux_designer,basic,no_foundation,Pertanyaan untuk ui_ux_designer level basic mengenai blocker no_foundation pada skill ui_principles?,single_choice,belum_paham|paham_dasar|cukup_paham,val_ui_ux_874,high
Q_UI_U_0875,ui_ux,ui_ux_designer,advanced,no_portfolio,Pertanyaan untuk ui_ux_designer level advanced mengenai blocker no_portfolio pada skill figma?,single_choice,belum_paham|paham_dasar|cukup_paham,val_ui_ux_875,high
Q_AI_M_0876,ai_ml,machine_learning_engineer,intermediate,no_portfolio,Pertanyaan untuk machine_learning_engineer level intermediate mengenai blocker no_portfolio pada skill model_training?,single_choice,belum_paham|paham_dasar|cukup_paham,val_ai_ml_876,high
Q_WEB__0877,web_development,frontend_developer,intermediate,no_foundation,Pertanyaan untuk frontend_developer level intermediate mengenai blocker no_foundation pada skill html_basic?,single_choice,belum_paham|paham_dasar|cukup_paham,val_web_development_877,high
Q_CYBE_0878,cyber_security,soc_analyst,beginner,no_portfolio,Pertanyaan untuk soc_analyst level beginner mengenai blocker no_portfolio pada skill linux_basic?,single_choice,belum_paham|paham_dasar|cukup_paham,val_cyber_security_878,high
Q_WEB__0879,web_development,frontend_developer,basic,skill_gap_confusion,Pertanyaan untuk frontend_developer level basic mengenai blocker skill_gap_confusion pada skill javascript_basic?,single_choice,belum_paham|paham_dasar|cukup_paham,val_web_development_879,high
Q_CYBE_0880,cyber_security,soc_analyst,advanced,no_starting_point,Pertanyaan untuk soc_analyst level advanced mengenai blocker no_starting_point pada skill linux_basic?,single_choice,belum_paham|paham_dasar|cukup_paham,val_cyber_security_880,high
Q_CYBE_0881,cyber_security,soc_analyst,beginner,no_foundation,Pertanyaan untuk soc_analyst level beginner mengenai blocker no_foundation pada skill linux_basic?,single_choice,belum_paham|paham_dasar|cukup_paham,val_cyber_security_881,high
Q_AI_M_0882,ai_ml,machine_learning_engineer,intermediate,no_portfolio,Pertanyaan untuk machine_learning_engineer level intermediate mengenai blocker no_portfolio pada skill mlops?,single_choice,belum_paham|paham_dasar|cukup_paham,val_ai_ml_882,high
Q_WEB__0883,web_development,frontend_developer,basic,no_starting_point,Pertanyaan untuk frontend_developer level basic mengenai blocker no_starting_point pada skill css_basic?,single_choice,belum_paham|paham_dasar|cukup_paham,val_web_development_883,high
Q_UI_U_0884,ui_ux,ui_ux_designer,intermediate,skill_gap_confusion,Pertanyaan untuk ui_ux_designer level intermediate mengenai blocker skill_gap_confusion pada skill wireframing?,single_choice,belum_paham|paham_dasar|cukup_paham,val_ui_ux_884,high
Q_CYBE_0885,cyber_security,soc_analyst,intermediate,skill_gap_confusion,Pertanyaan untuk soc_analyst level intermediate mengenai blocker skill_gap_confusion pada skill networking_fundamental?,single_choice,belum_paham|paham_dasar|cukup_paham,val_cyber_security_885,high
Q_AI_M_0886,ai_ml,machine_learning_engineer,beginner,no_starting_point,Pertanyaan untuk machine_learning_engineer level beginner mengenai blocker no_starting_point pada skill mlops?,single_choice,belum_paham|paham_dasar|cukup_paham,val_ai_ml_886,high
Q_WEB__0887,web_development,frontend_developer,beginner,no_foundation,Pertanyaan untuk frontend_developer level beginner mengenai blocker no_foundation pada skill html_basic?,single_choice,belum_paham|paham_dasar|cukup_paham,val_web_development_887,high
Q_AI_M_0888,ai_ml,machine_learning_engineer,intermediate,no_portfolio,Pertanyaan untuk machine_learning_engineer level intermediate mengenai blocker no_portfolio pada skill model_training?,single_choice,belum_paham|paham_dasar|cukup_paham,val_ai_ml_888,high
Q_AI_M_0889,ai_ml,machine_learning_engineer,intermediate,no_starting_point,Pertanyaan untuk machine_learning_engineer level intermediate mengenai blocker no_starting_point pada skill model_training?,single_choice,belum_paham|paham_dasar|cukup_paham,val_ai_ml_889,high
Q_WEB__0890,web_development,frontend_developer,beginner,no_foundation,Pertanyaan untuk frontend_developer level beginner mengenai blocker no_foundation pada skill javascript_basic?,single_choice,belum_paham|paham_dasar|cukup_paham,val_web_development_890,high
Q_CYBE_0891,cyber_security,soc_analyst,intermediate,no_starting_point,Pertanyaan untuk soc_analyst level intermediate mengenai blocker no_starting_point pada skill networking_fundamental?,single_choice,belum_paham|paham_dasar|cukup_paham,val_cyber_security_891,high
Q_AI_M_0892,ai_ml,machine_learning_engineer,basic,no_portfolio,Pertanyaan untuk machine_learning_engineer level basic mengenai blocker no_portfolio pada skill python_basic?,single_choice,belum_paham|paham_dasar|cukup_paham,val_ai_ml_892,high
Q_AI_M_0893,ai_ml,machine_learning_engineer,advanced,no_portfolio,Pertanyaan untuk machine_learning_engineer level advanced mengenai blocker no_portfolio pada skill model_training?,single_choice,belum_paham|paham_dasar|cukup_paham,val_ai_ml_893,high
Q_UI_U_0894,ui_ux,ui_ux_designer,intermediate,skill_gap_confusion,Pertanyaan untuk ui_ux_designer level intermediate mengenai blocker skill_gap_confusion pada skill ui_principles?,single_choice,belum_paham|paham_dasar|cukup_paham,val_ui_ux_894,high
Q_AI_M_0895,ai_ml,machine_learning_engineer,basic,no_portfolio,Pertanyaan untuk machine_learning_engineer level basic mengenai blocker no_portfolio pada skill model_training?,single_choice,belum_paham|paham_dasar|cukup_paham,val_ai_ml_895,high
Q_DATA_0896,data_science,data_analyst,beginner,no_portfolio,Pertanyaan untuk data_analyst level beginner mengenai blocker no_portfolio pada skill python_basic?,single_choice,belum_paham|paham_dasar|cukup_paham,val_data_science_896,high
Q_WEB__0897,web_development,frontend_developer,intermediate,no_starting_point,Pertanyaan untuk frontend_developer level intermediate mengenai blocker no_starting_point pada skill css_basic?,single_choice,belum_paham|paham_dasar|cukup_paham,val_web_development_897,high
Q_AI_M_0898,ai_ml,machine_learning_engineer,advanced,no_starting_point,Pertanyaan untuk machine_learning_engineer level advanced mengenai blocker no_starting_point pada skill mlops?,single_choice,belum_paham|paham_dasar|cukup_paham,val_ai_ml_898,high
Q_UI_U_0899,ui_ux,ui_ux_designer,basic,no_portfolio,Pertanyaan untuk ui_ux_designer level basic mengenai blocker no_portfolio pada skill figma?,single_choice,belum_paham|paham_dasar|cukup_paham,val_ui_ux_899,high
Q_WEB__0900,web_development,frontend_developer,intermediate,no_portfolio,Pertanyaan untuk frontend_developer level intermediate mengenai blocker no_portfolio pada skill html_basic?,single_choice,belum_paham|paham_dasar|cukup_paham,val_web_development_900,high
Q_CYBE_0901,cyber_security,soc_analyst,beginner,no_starting_point,Pertanyaan untuk soc_analyst level beginner mengenai blocker no_starting_point pada skill networking_fundamental?,single_choice,belum_paham|paham_dasar|cukup_paham,val_cyber_security_901,high
Q_WEB__0902,web_development,frontend_developer,intermediate,no_foundation,Pertanyaan untuk frontend_developer level intermediate mengenai blocker no_foundation pada skill css_basic?,single_choice,belum_paham|paham_dasar|cukup_paham,val_web_development_902,high
Q_UI_U_0903,ui_ux,ui_ux_designer,beginner,skill_gap_confusion,Pertanyaan untuk ui_ux_designer level beginner mengenai blocker skill_gap_confusion pada skill ui_principles?,single_choice,belum_paham|paham_dasar|cukup_paham,val_ui_ux_903,high
Q_DATA_0904,data_science,data_analyst,beginner,skill_gap_confusion,Pertanyaan untuk data_analyst level beginner mengenai blocker skill_gap_confusion pada skill python_basic?,single_choice,belum_paham|paham_dasar|cukup_paham,val_data_science_904,high
Q_CYBE_0905,cyber_security,soc_analyst,basic,no_starting_point,Pertanyaan untuk soc_analyst level basic mengenai blocker no_starting_point pada skill linux_basic?,single_choice,belum_paham|paham_dasar|cukup_paham,val_cyber_security_905,high
Q_WEB__0906,web_development,frontend_developer,basic,no_foundation,Pertanyaan untuk frontend_developer level basic mengenai blocker no_foundation pada skill javascript_basic?,single_choice,belum_paham|paham_dasar|cukup_paham,val_web_development_906,high
Q_DATA_0907,data_science,data_analyst,intermediate,no_portfolio,Pertanyaan untuk data_analyst level intermediate mengenai blocker no_portfolio pada skill sql_basic?,single_choice,belum_paham|paham_dasar|cukup_paham,val_data_science_907,high
Q_UI_U_0908,ui_ux,ui_ux_designer,basic,no_portfolio,Pertanyaan untuk ui_ux_designer level basic mengenai blocker no_portfolio pada skill wireframing?,single_choice,belum_paham|paham_dasar|cukup_paham,val_ui_ux_908,high
Q_DATA_0909,data_science,data_analyst,basic,no_starting_point,Pertanyaan untuk data_analyst level basic mengenai blocker no_starting_point pada skill python_basic?,single_choice,belum_paham|paham_dasar|cukup_paham,val_data_science_909,high
Q_DATA_0910,data_science,data_analyst,advanced,no_foundation,Pertanyaan untuk data_analyst level advanced mengenai blocker no_foundation pada skill python_basic?,single_choice,belum_paham|paham_dasar|cukup_paham,val_data_science_910,high
Q_DATA_0911,data_science,data_analyst,intermediate,skill_gap_confusion,Pertanyaan untuk data_analyst level intermediate mengenai blocker skill_gap_confusion pada skill python_basic?,single_choice,belum_paham|paham_dasar|cukup_paham,val_data_science_911,high
Q_CYBE_0912,cyber_security,soc_analyst,beginner,skill_gap_confusion,Pertanyaan untuk soc_analyst level beginner mengenai blocker skill_gap_confusion pada skill log_analysis?,single_choice,belum_paham|paham_dasar|cukup_paham,val_cyber_security_912,high
Q_AI_M_0913,ai_ml,machine_learning_engineer,intermediate,no_foundation,Pertanyaan untuk machine_learning_engineer level intermediate mengenai blocker no_foundation pada skill python_basic?,single_choice,belum_paham|paham_dasar|cukup_paham,val_ai_ml_913,high
Q_WEB__0914,web_development,frontend_developer,beginner,no_starting_point,Pertanyaan untuk frontend_developer level beginner mengenai blocker no_starting_point pada skill html_basic?,single_choice,belum_paham|paham_dasar|cukup_paham,val_web_development_914,high
Q_DATA_0915,data_science,data_analyst,basic,no_starting_point,Pertanyaan untuk data_analyst level basic mengenai blocker no_starting_point pada skill python_basic?,single_choice,belum_paham|paham_dasar|cukup_paham,val_data_science_915,high
Q_WEB__0916,web_development,frontend_developer,basic,no_starting_point,Pertanyaan untuk frontend_developer level basic mengenai blocker no_starting_point pada skill css_basic?,single_choice,belum_paham|paham_dasar|cukup_paham,val_web_development_916,high
Q_DATA_0917,data_science,data_analyst,intermediate,skill_gap_confusion,Pertanyaan untuk data_analyst level intermediate mengenai blocker skill_gap_confusion pada skill python_basic?,single_choice,belum_paham|paham_dasar|cukup_paham,val_data_science_917,high
Q_WEB__0918,web_development,frontend_developer,basic,no_foundation,Pertanyaan untuk frontend_developer level basic mengenai blocker no_foundation pada skill html_basic?,single_choice,belum_paham|paham_dasar|cukup_paham,val_web_development_918,high
Q_DATA_0919,data_science,data_analyst,beginner,no_foundation,Pertanyaan untuk data_analyst level beginner mengenai blocker no_foundation pada skill sql_basic?,single_choice,belum_paham|paham_dasar|cukup_paham,val_data_science_919,high
Q_DATA_0920,data_science,data_analyst,intermediate,no_foundation,Pertanyaan untuk data_analyst level intermediate mengenai blocker no_foundation pada skill sql_basic?,single_choice,belum_paham|paham_dasar|cukup_paham,val_data_science_920,high
Q_CYBE_0921,cyber_security,soc_analyst,advanced,no_starting_point,Pertanyaan untuk soc_analyst level advanced mengenai blocker no_starting_point pada skill networking_fundamental?,single_choice,belum_paham|paham_dasar|cukup_paham,val_cyber_security_921,high
Q_UI_U_0922,ui_ux,ui_ux_designer,basic,skill_gap_confusion,Pertanyaan untuk ui_ux_designer level basic mengenai blocker skill_gap_confusion pada skill ui_principles?,single_choice,belum_paham|paham_dasar|cukup_paham,val_ui_ux_922,high
Q_UI_U_0923,ui_ux,ui_ux_designer,beginner,no_starting_point,Pertanyaan untuk ui_ux_designer level beginner mengenai blocker no_starting_point pada skill wireframing?,single_choice,belum_paham|paham_dasar|cukup_paham,val_ui_ux_923,high
Q_AI_M_0924,ai_ml,machine_learning_engineer,intermediate,no_starting_point,Pertanyaan untuk machine_learning_engineer level intermediate mengenai blocker no_starting_point pada skill mlops?,single_choice,belum_paham|paham_dasar|cukup_paham,val_ai_ml_924,high
Q_UI_U_0925,ui_ux,ui_ux_designer,advanced,skill_gap_confusion,Pertanyaan untuk ui_ux_designer level advanced mengenai blocker skill_gap_confusion pada skill wireframing?,single_choice,belum_paham|paham_dasar|cukup_paham,val_ui_ux_925,high
Q_CYBE_0926,cyber_security,soc_analyst,basic,skill_gap_confusion,Pertanyaan untuk soc_analyst level basic mengenai blocker skill_gap_confusion pada skill log_analysis?,single_choice,belum_paham|paham_dasar|cukup_paham,val_cyber_security_926,high
Q_CYBE_0927,cyber_security,soc_analyst,beginner,no_foundation,Pertanyaan untuk soc_analyst level beginner mengenai blocker no_foundation pada skill linux_basic?,single_choice,belum_paham|paham_dasar|cukup_paham,val_cyber_security_927,high
Q_AI_M_0928,ai_ml,machine_learning_engineer,intermediate,skill_gap_confusion,Pertanyaan untuk machine_learning_engineer level intermediate mengenai blocker skill_gap_confusion pada skill python_basic?,single_choice,belum_paham|paham_dasar|cukup_paham,val_ai_ml_928,high
Q_UI_U_0929,ui_ux,ui_ux_designer,intermediate,no_portfolio,Pertanyaan untuk ui_ux_designer level intermediate mengenai blocker no_portfolio pada skill wireframing?,single_choice,belum_paham|paham_dasar|cukup_paham,val_ui_ux_929,high
Q_UI_U_0930,ui_ux,ui_ux_designer,intermediate,no_starting_point,Pertanyaan untuk ui_ux_designer level intermediate mengenai blocker no_starting_point pada skill wireframing?,single_choice,belum_paham|paham_dasar|cukup_paham,val_ui_ux_930,high
Q_CYBE_0931,cyber_security,soc_analyst,advanced,no_foundation,Pertanyaan untuk soc_analyst level advanced mengenai blocker no_foundation pada skill linux_basic?,single_choice,belum_paham|paham_dasar|cukup_paham,val_cyber_security_931,high
Q_DATA_0932,data_science,data_analyst,intermediate,no_starting_point,Pertanyaan untuk data_analyst level intermediate mengenai blocker no_starting_point pada skill sql_basic?,single_choice,belum_paham|paham_dasar|cukup_paham,val_data_science_932,high
Q_DATA_0933,data_science,data_analyst,intermediate,no_foundation,Pertanyaan untuk data_analyst level intermediate mengenai blocker no_foundation pada skill python_basic?,single_choice,belum_paham|paham_dasar|cukup_paham,val_data_science_933,high
Q_WEB__0934,web_development,frontend_developer,basic,no_starting_point,Pertanyaan untuk frontend_developer level basic mengenai blocker no_starting_point pada skill css_basic?,single_choice,belum_paham|paham_dasar|cukup_paham,val_web_development_934,high
Q_UI_U_0935,ui_ux,ui_ux_designer,intermediate,no_starting_point,Pertanyaan untuk ui_ux_designer level intermediate mengenai blocker no_starting_point pada skill wireframing?,single_choice,belum_paham|paham_dasar|cukup_paham,val_ui_ux_935,high
Q_UI_U_0936,ui_ux,ui_ux_designer,basic,no_foundation,Pertanyaan untuk ui_ux_designer level basic mengenai blocker no_foundation pada skill figma?,single_choice,belum_paham|paham_dasar|cukup_paham,val_ui_ux_936,high
Q_DATA_0937,data_science,data_analyst,beginner,skill_gap_confusion,Pertanyaan untuk data_analyst level beginner mengenai blocker skill_gap_confusion pada skill spreadsheet_basic?,single_choice,belum_paham|paham_dasar|cukup_paham,val_data_science_937,high
Q_CYBE_0938,cyber_security,soc_analyst,beginner,no_portfolio,Pertanyaan untuk soc_analyst level beginner mengenai blocker no_portfolio pada skill log_analysis?,single_choice,belum_paham|paham_dasar|cukup_paham,val_cyber_security_938,high
Q_UI_U_0939,ui_ux,ui_ux_designer,advanced,skill_gap_confusion,Pertanyaan untuk ui_ux_designer level advanced mengenai blocker skill_gap_confusion pada skill ui_principles?,single_choice,belum_paham|paham_dasar|cukup_paham,val_ui_ux_939,high
Q_WEB__0940,web_development,frontend_developer,beginner,no_portfolio,Pertanyaan untuk frontend_developer level beginner mengenai blocker no_portfolio pada skill html_basic?,single_choice,belum_paham|paham_dasar|cukup_paham,val_web_development_940,high
Q_CYBE_0941,cyber_security,soc_analyst,advanced,no_starting_point,Pertanyaan untuk soc_analyst level advanced mengenai blocker no_starting_point pada skill log_analysis?,single_choice,belum_paham|paham_dasar|cukup_paham,val_cyber_security_941,high
Q_DATA_0942,data_science,data_analyst,beginner,skill_gap_confusion,Pertanyaan untuk data_analyst level beginner mengenai blocker skill_gap_confusion pada skill spreadsheet_basic?,single_choice,belum_paham|paham_dasar|cukup_paham,val_data_science_942,high
Q_WEB__0943,web_development,frontend_developer,intermediate,skill_gap_confusion,Pertanyaan untuk frontend_developer level intermediate mengenai blocker skill_gap_confusion pada skill html_basic?,single_choice,belum_paham|paham_dasar|cukup_paham,val_web_development_943,high
Q_CYBE_0944,cyber_security,soc_analyst,advanced,skill_gap_confusion,Pertanyaan untuk soc_analyst level advanced mengenai blocker skill_gap_confusion pada skill networking_fundamental?,single_choice,belum_paham|paham_dasar|cukup_paham,val_cyber_security_944,high
Q_UI_U_0945,ui_ux,ui_ux_designer,beginner,no_starting_point,Pertanyaan untuk ui_ux_designer level beginner mengenai blocker no_starting_point pada skill wireframing?,single_choice,belum_paham|paham_dasar|cukup_paham,val_ui_ux_945,high
Q_WEB__0946,web_development,frontend_developer,basic,no_starting_point,Pertanyaan untuk frontend_developer level basic mengenai blocker no_starting_point pada skill javascript_basic?,single_choice,belum_paham|paham_dasar|cukup_paham,val_web_development_946,high
Q_CYBE_0947,cyber_security,soc_analyst,basic,no_starting_point,Pertanyaan untuk soc_analyst level basic mengenai blocker no_starting_point pada skill networking_fundamental?,single_choice,belum_paham|paham_dasar|cukup_paham,val_cyber_security_947,high
Q_AI_M_0948,ai_ml,machine_learning_engineer,beginner,no_foundation,Pertanyaan untuk machine_learning_engineer level beginner mengenai blocker no_foundation pada skill mlops?,single_choice,belum_paham|paham_dasar|cukup_paham,val_ai_ml_948,high
Q_AI_M_0949,ai_ml,machine_learning_engineer,basic,no_portfolio,Pertanyaan untuk machine_learning_engineer level basic mengenai blocker no_portfolio pada skill model_training?,single_choice,belum_paham|paham_dasar|cukup_paham,val_ai_ml_949,high
Q_CYBE_0950,cyber_security,soc_analyst,basic,skill_gap_confusion,Pertanyaan untuk soc_analyst level basic mengenai blocker skill_gap_confusion pada skill linux_basic?,single_choice,belum_paham|paham_dasar|cukup_paham,val_cyber_security_950,high
Q_WEB__0951,web_development,frontend_developer,basic,no_starting_point,Pertanyaan untuk frontend_developer level basic mengenai blocker no_starting_point pada skill css_basic?,single_choice,belum_paham|paham_dasar|cukup_paham,val_web_development_951,high
Q_CYBE_0952,cyber_security,soc_analyst,beginner,no_portfolio,Pertanyaan untuk soc_analyst level beginner mengenai blocker no_portfolio pada skill log_analysis?,single_choice,belum_paham|paham_dasar|cukup_paham,val_cyber_security_952,high
Q_AI_M_0953,ai_ml,machine_learning_engineer,basic,no_foundation,Pertanyaan untuk machine_learning_engineer level basic mengenai blocker no_foundation pada skill model_training?,single_choice,belum_paham|paham_dasar|cukup_paham,val_ai_ml_953,high
Q_WEB__0954,web_development,frontend_developer,beginner,no_foundation,Pertanyaan untuk frontend_developer level beginner mengenai blocker no_foundation pada skill html_basic?,single_choice,belum_paham|paham_dasar|cukup_paham,val_web_development_954,high
Q_WEB__0955,web_development,frontend_developer,intermediate,no_foundation,Pertanyaan untuk frontend_developer level intermediate mengenai blocker no_foundation pada skill javascript_basic?,single_choice,belum_paham|paham_dasar|cukup_paham,val_web_development_955,high
Q_WEB__0956,web_development,frontend_developer,advanced,no_starting_point,Pertanyaan untuk frontend_developer level advanced mengenai blocker no_starting_point pada skill css_basic?,single_choice,belum_paham|paham_dasar|cukup_paham,val_web_development_956,high
Q_AI_M_0957,ai_ml,machine_learning_engineer,beginner,no_foundation,Pertanyaan untuk machine_learning_engineer level beginner mengenai blocker no_foundation pada skill mlops?,single_choice,belum_paham|paham_dasar|cukup_paham,val_ai_ml_957,high
Q_AI_M_0958,ai_ml,machine_learning_engineer,advanced,skill_gap_confusion,Pertanyaan untuk machine_learning_engineer level advanced mengenai blocker skill_gap_confusion pada skill mlops?,single_choice,belum_paham|paham_dasar|cukup_paham,val_ai_ml_958,high
Q_UI_U_0959,ui_ux,ui_ux_designer,basic,no_foundation,Pertanyaan untuk ui_ux_designer level basic mengenai blocker no_foundation pada skill figma?,single_choice,belum_paham|paham_dasar|cukup_paham,val_ui_ux_959,high
Q_UI_U_0960,ui_ux,ui_ux_designer,beginner,no_foundation,Pertanyaan untuk ui_ux_designer level beginner mengenai blocker no_foundation pada skill figma?,single_choice,belum_paham|paham_dasar|cukup_paham,val_ui_ux_960,high
Q_UI_U_0961,ui_ux,ui_ux_designer,advanced,no_foundation,Pertanyaan untuk ui_ux_designer level advanced mengenai blocker no_foundation pada skill ui_principles?,single_choice,belum_paham|paham_dasar|cukup_paham,val_ui_ux_961,high
Q_DATA_0962,data_science,data_analyst,intermediate,no_starting_point,Pertanyaan untuk data_analyst level intermediate mengenai blocker no_starting_point pada skill spreadsheet_basic?,single_choice,belum_paham|paham_dasar|cukup_paham,val_data_science_962,high
Q_CYBE_0963,cyber_security,soc_analyst,advanced,no_portfolio,Pertanyaan untuk soc_analyst level advanced mengenai blocker no_portfolio pada skill log_analysis?,single_choice,belum_paham|paham_dasar|cukup_paham,val_cyber_security_963,high
Q_UI_U_0964,ui_ux,ui_ux_designer,basic,no_foundation,Pertanyaan untuk ui_ux_designer level basic mengenai blocker no_foundation pada skill figma?,single_choice,belum_paham|paham_dasar|cukup_paham,val_ui_ux_964,high
Q_UI_U_0965,ui_ux,ui_ux_designer,intermediate,skill_gap_confusion,Pertanyaan untuk ui_ux_designer level intermediate mengenai blocker skill_gap_confusion pada skill wireframing?,single_choice,belum_paham|paham_dasar|cukup_paham,val_ui_ux_965,high
Q_WEB__0966,web_development,frontend_developer,intermediate,no_starting_point,Pertanyaan untuk frontend_developer level intermediate mengenai blocker no_starting_point pada skill css_basic?,single_choice,belum_paham|paham_dasar|cukup_paham,val_web_development_966,high
Q_WEB__0967,web_development,frontend_developer,advanced,no_portfolio,Pertanyaan untuk frontend_developer level advanced mengenai blocker no_portfolio pada skill html_basic?,single_choice,belum_paham|paham_dasar|cukup_paham,val_web_development_967,high
Q_CYBE_0968,cyber_security,soc_analyst,intermediate,no_starting_point,Pertanyaan untuk soc_analyst level intermediate mengenai blocker no_starting_point pada skill linux_basic?,single_choice,belum_paham|paham_dasar|cukup_paham,val_cyber_security_968,high
Q_DATA_0969,data_science,data_analyst,beginner,skill_gap_confusion,Pertanyaan untuk data_analyst level beginner mengenai blocker skill_gap_confusion pada skill spreadsheet_basic?,single_choice,belum_paham|paham_dasar|cukup_paham,val_data_science_969,high
Q_DATA_0970,data_science,data_analyst,intermediate,no_foundation,Pertanyaan untuk data_analyst level intermediate mengenai blocker no_foundation pada skill sql_basic?,single_choice,belum_paham|paham_dasar|cukup_paham,val_data_science_970,high
Q_DATA_0971,data_science,data_analyst,advanced,no_foundation,Pertanyaan untuk data_analyst level advanced mengenai blocker no_foundation pada skill python_basic?,single_choice,belum_paham|paham_dasar|cukup_paham,val_data_science_971,high
Q_CYBE_0972,cyber_security,soc_analyst,advanced,no_portfolio,Pertanyaan untuk soc_analyst level advanced mengenai blocker no_portfolio pada skill log_analysis?,single_choice,belum_paham|paham_dasar|cukup_paham,val_cyber_security_972,high
Q_UI_U_0973,ui_ux,ui_ux_designer,beginner,no_portfolio,Pertanyaan untuk ui_ux_designer level beginner mengenai blocker no_portfolio pada skill figma?,single_choice,belum_paham|paham_dasar|cukup_paham,val_ui_ux_973,high
Q_WEB__0974,web_development,frontend_developer,intermediate,no_starting_point,Pertanyaan untuk frontend_developer level intermediate mengenai blocker no_starting_point pada skill html_basic?,single_choice,belum_paham|paham_dasar|cukup_paham,val_web_development_974,high
Q_AI_M_0975,ai_ml,machine_learning_engineer,intermediate,no_portfolio,Pertanyaan untuk machine_learning_engineer level intermediate mengenai blocker no_portfolio pada skill model_training?,single_choice,belum_paham|paham_dasar|cukup_paham,val_ai_ml_975,high
Q_CYBE_0976,cyber_security,soc_analyst,intermediate,no_portfolio,Pertanyaan untuk soc_analyst level intermediate mengenai blocker no_portfolio pada skill log_analysis?,single_choice,belum_paham|paham_dasar|cukup_paham,val_cyber_security_976,high
Q_UI_U_0977,ui_ux,ui_ux_designer,intermediate,no_foundation,Pertanyaan untuk ui_ux_designer level intermediate mengenai blocker no_foundation pada skill ui_principles?,single_choice,belum_paham|paham_dasar|cukup_paham,val_ui_ux_977,high
Q_DATA_0978,data_science,data_analyst,intermediate,no_starting_point,Pertanyaan untuk data_analyst level intermediate mengenai blocker no_starting_point pada skill python_basic?,single_choice,belum_paham|paham_dasar|cukup_paham,val_data_science_978,high
Q_UI_U_0979,ui_ux,ui_ux_designer,basic,no_foundation,Pertanyaan untuk ui_ux_designer level basic mengenai blocker no_foundation pada skill wireframing?,single_choice,belum_paham|paham_dasar|cukup_paham,val_ui_ux_979,high
Q_DATA_0980,data_science,data_analyst,intermediate,no_foundation,Pertanyaan untuk data_analyst level intermediate mengenai blocker no_foundation pada skill python_basic?,single_choice,belum_paham|paham_dasar|cukup_paham,val_data_science_980,high
Q_CYBE_0981,cyber_security,soc_analyst,intermediate,skill_gap_confusion,Pertanyaan untuk soc_analyst level intermediate mengenai blocker skill_gap_confusion pada skill linux_basic?,single_choice,belum_paham|paham_dasar|cukup_paham,val_cyber_security_981,high
Q_CYBE_0982,cyber_security,soc_analyst,basic,no_foundation,Pertanyaan untuk soc_analyst level basic mengenai blocker no_foundation pada skill log_analysis?,single_choice,belum_paham|paham_dasar|cukup_paham,val_cyber_security_982,high
Q_AI_M_0983,ai_ml,machine_learning_engineer,intermediate,no_foundation,Pertanyaan untuk machine_learning_engineer level intermediate mengenai blocker no_foundation pada skill model_training?,single_choice,belum_paham|paham_dasar|cukup_paham,val_ai_ml_983,high
Q_CYBE_0984,cyber_security,soc_analyst,beginner,no_foundation,Pertanyaan untuk soc_analyst level beginner mengenai blocker no_foundation pada skill log_analysis?,single_choice,belum_paham|paham_dasar|cukup_paham,val_cyber_security_984,high
Q_CYBE_0985,cyber_security,soc_analyst,beginner,no_foundation,Pertanyaan untuk soc_analyst level beginner mengenai blocker no_foundation pada skill networking_fundamental?,single_choice,belum_paham|paham_dasar|cukup_paham,val_cyber_security_985,high
Q_UI_U_0986,ui_ux,ui_ux_designer,beginner,skill_gap_confusion,Pertanyaan untuk ui_ux_designer level beginner mengenai blocker skill_gap_confusion pada skill wireframing?,single_choice,belum_paham|paham_dasar|cukup_paham,val_ui_ux_986,high
Q_UI_U_0987,ui_ux,ui_ux_designer,advanced,skill_gap_confusion,Pertanyaan untuk ui_ux_designer level advanced mengenai blocker skill_gap_confusion pada skill figma?,single_choice,belum_paham|paham_dasar|cukup_paham,val_ui_ux_987,high
Q_AI_M_0988,ai_ml,machine_learning_engineer,intermediate,no_starting_point,Pertanyaan untuk machine_learning_engineer level intermediate mengenai blocker no_starting_point pada skill model_training?,single_choice,belum_paham|paham_dasar|cukup_paham,val_ai_ml_988,high
Q_AI_M_0989,ai_ml,machine_learning_engineer,basic,no_foundation,Pertanyaan untuk machine_learning_engineer level basic mengenai blocker no_foundation pada skill python_basic?,single_choice,belum_paham|paham_dasar|cukup_paham,val_ai_ml_989,high
Q_WEB__0990,web_development,frontend_developer,beginner,skill_gap_confusion,Pertanyaan untuk frontend_developer level beginner mengenai blocker skill_gap_confusion pada skill javascript_basic?,single_choice,belum_paham|paham_dasar|cukup_paham,val_web_development_990,high
Q_WEB__0991,web_development,frontend_developer,advanced,no_foundation,Pertanyaan untuk frontend_developer level advanced mengenai blocker no_foundation pada skill html_basic?,single_choice,belum_paham|paham_dasar|cukup_paham,val_web_development_991,high
Q_WEB__0992,web_development,frontend_developer,intermediate,no_foundation,Pertanyaan untuk frontend_developer level intermediate mengenai blocker no_foundation pada skill html_basic?,single_choice,belum_paham|paham_dasar|cukup_paham,val_web_development_992,high
Q_CYBE_0993,cyber_security,soc_analyst,beginner,no_portfolio,Pertanyaan untuk soc_analyst level beginner mengenai blocker no_portfolio pada skill networking_fundamental?,single_choice,belum_paham|paham_dasar|cukup_paham,val_cyber_security_993,high
Q_UI_U_0994,ui_ux,ui_ux_designer,intermediate,no_portfolio,Pertanyaan untuk ui_ux_designer level intermediate mengenai blocker no_portfolio pada skill ui_principles?,single_choice,belum_paham|paham_dasar|cukup_paham,val_ui_ux_994,high
Q_DATA_0995,data_science,data_analyst,advanced,skill_gap_confusion,Pertanyaan untuk data_analyst level advanced mengenai blocker skill_gap_confusion pada skill python_basic?,single_choice,belum_paham|paham_dasar|cukup_paham,val_data_science_995,high
Q_AI_M_0996,ai_ml,machine_learning_engineer,intermediate,skill_gap_confusion,Pertanyaan untuk machine_learning_engineer level intermediate mengenai blocker skill_gap_confusion pada skill mlops?,single_choice,belum_paham|paham_dasar|cukup_paham,val_ai_ml_996,high
Q_CYBE_0997,cyber_security,soc_analyst,beginner,no_foundation,Pertanyaan untuk soc_analyst level beginner mengenai blocker no_foundation pada skill linux_basic?,single_choice,belum_paham|paham_dasar|cukup_paham,val_cyber_security_997,high
Q_WEB__0998,web_development,frontend_developer,intermediate,no_portfolio,Pertanyaan untuk frontend_developer level intermediate mengenai blocker no_portfolio pada skill css_basic?,single_choice,belum_paham|paham_dasar|cukup_paham,val_web_development_998,high
Q_CYBE_0999,cyber_security,soc_analyst,advanced,no_foundation,Pertanyaan untuk soc_analyst level advanced mengenai blocker no_foundation pada skill networking_fundamental?,single_choice,belum_paham|paham_dasar|cukup_paham,val_cyber_security_999,high
Q_WEB__1000,web_development,frontend_developer,beginner,no_portfolio,Pertanyaan untuk frontend_developer level beginner mengenai blocker no_portfolio pada skill css_basic?,single_choice,belum_paham|paham_dasar|cukup_paham,val_web_development_1000,high
