role_id,role_name,domain_interest,required_skill_id,required_skill_name,skill_category,priority,minimum_level,step_order,prerequisite_skill_id
_net_developer__full_stack_,.Net Developer (Full Stack),web_development,html,HTML,fundamental,high,basic,1,
_net_developer__full_stack_,.Net Developer (Full Stack),web_development,javascript,JavaScript,fundamental,high,basic,2,html
_net_developer__full_stack_,.Net Developer (Full Stack),web_development,agile_scrum,Agile/Scrum,fundamental,high,basic,3,javascript
_net_developer__full_stack_,.Net Developer (Full Stack),web_development,sql,SQL,fundamental,medium,basic,4,agile_scrum
_net_developer__full_stack_,.Net Developer (Full Stack),web_development,css,CSS,fundamental,medium,basic,5,sql
_net_developer__full_stack_,.Net Developer (Full Stack),web_development,mongodb,MongoDB,core,medium,intermediate,6,css
_net_developer__full_stack_,.Net Developer (Full Stack),web_development,typescript,TypeScript,core,medium,intermediate,7,mongodb
_net_developer__full_stack_,.Net Developer (Full Stack),web_development,rest_api,REST API,core,medium,intermediate,8,typescript
_net_developer__full_stack_,.Net Developer (Full Stack),web_development,mysql,MySQL,core,medium,intermediate,9,rest_api
_net_developer__full_stack_,.Net Developer (Full Stack),web_development,machine_learning,Machine Learning,core,medium,intermediate,10,mysql
_net_developer__full_stack_,.Net Developer (Full Stack),web_development,azure,Azure,advanced,medium,advanced,11,machine_learning
2d_designer_project_based,2D Designer Project Based,ui_ux,typescript,TypeScript,core,high,intermediate,1,
2d_designer_project_based,2D Designer Project Based,ui_ux,golang,Golang,core,high,intermediate,2,typescript
3rd_level_engineer__network_,3rd Level Engineer (Network),devops,excel,Excel,fundamental,high,basic,1,
3rd_level_engineer__network_,3rd Level Engineer (Network),devops,typescript,TypeScript,core,high,intermediate,2,excel
ai___automation_specialist___corporate_pollux_group,AI & Automation Specialist - Corporate Pollux Group,ai_ml,sql,SQL,fundamental,high,basic,1,
ai___automation_specialist___corporate_pollux_group,AI & Automation Specialist - Corporate Pollux Group,ai_ml,python,Python,fundamental,high,basic,2,sql
ai___automation_specialist___corporate_pollux_group,AI & Automation Specialist - Corporate Pollux Group,ai_ml,typescript,TypeScript,core,high,intermediate,3,python
ai___automation_specialist___corporate_pollux_group,AI & Automation Specialist - Corporate Pollux Group,ai_ml,power_bi,Power BI,core,medium,intermediate,4,typescript
ai___automation_specialist___corporate_pollux_group,AI & Automation Specialist - Corporate Pollux Group,data_science,sql,SQL,fundamental,high,basic,1,
ai___automation_specialist___corporate_pollux_group,AI & Automation Specialist - Corporate Pollux Group,data_science,python,Python,fundamental,high,basic,2,sql
ai___automation_specialist___corporate_pollux_group,AI & Automation Specialist - Corporate Pollux Group,data_science,typescript,TypeScript,core,high,intermediate,3,python
ai___automation_specialist___corporate_pollux_group,AI & Automation Specialist - Corporate Pollux Group,data_science,power_bi,Power BI,core,medium,intermediate,4,typescript
ai___data_optimization,AI & Data Optimization,ai_ml,python,Python,fundamental,high,basic,1,
ai___data_optimization,AI & Data Optimization,ai_ml,excel,Excel,fundamental,high,basic,2,python
ai___data_optimization,AI & Data Optimization,ai_ml,machine_learning,Machine Learning,core,high,intermediate,3,excel
ai___data_optimization,AI & Data Optimization,ai_ml,typescript,TypeScript,core,medium,intermediate,4,machine_learning
ai___databricks_engineer___databricks_experience_required,AI & Databricks Engineer – Databricks Experience Required,ai_ml,python,Python,fundamental,high,basic,1,
ai___databricks_engineer___databricks_experience_required,AI & Databricks Engineer – Databricks Experience Required,ai_ml,sql,SQL,fundamental,high,basic,2,python
ai___databricks_engineer___databricks_experience_required,AI & Databricks Engineer – Databricks Experience Required,ai_ml,typescript,TypeScript,core,high,intermediate,3,sql
ai___databricks_engineer___databricks_experience_required,AI & Databricks Engineer – Databricks Experience Required,ai_ml,machine_learning,Machine Learning,core,medium,intermediate,4,typescript
ai___databricks_engineer___databricks_experience_required,AI & Databricks Engineer – Databricks Experience Required,ai_ml,azure,Azure,advanced,medium,advanced,5,machine_learning
ai___databricks_engineer___databricks_experience_required,AI & Databricks Engineer – Databricks Experience Required,ai_ml,etl,ETL,advanced,medium,advanced,6,azure
ai___databricks_engineer___databricks_experience_required,AI & Databricks Engineer – Databricks Experience Required,ai_ml,gcp,GCP,advanced,medium,advanced,7,etl
ai___databricks_engineer___databricks_experience_required,AI & Databricks Engineer – Databricks Experience Required,ai_ml,spark,Spark,advanced,medium,advanced,8,gcp
ai___databricks_engineer___databricks_experience_required,AI & Databricks Engineer – Databricks Experience Required,ai_ml,aws,AWS,advanced,medium,advanced,9,spark
ai_agent_developer___ai_automation_engineer,AI Agent Developer / AI Automation Engineer,ai_ml,javascript,JavaScript,fundamental,high,basic,1,
ai_agent_developer___ai_automation_engineer,AI Agent Developer / AI Automation Engineer,ai_ml,python,Python,fundamental,high,basic,2,javascript
ai_agent_developer___ai_automation_engineer,AI Agent Developer / AI Automation Engineer,ai_ml,excel,Excel,fundamental,high,basic,3,python
ai_agent_developer___ai_automation_engineer,AI Agent Developer / AI Automation Engineer,ai_ml,sql,SQL,fundamental,medium,basic,4,excel
ai_agent_developer___ai_automation_engineer,AI Agent Developer / AI Automation Engineer,ai_ml,typescript,TypeScript,core,medium,intermediate,5,sql
ai_agent_developer___ai_automation_engineer,AI Agent Developer / AI Automation Engineer,ai_ml,node_js,Node.js,core,medium,intermediate,6,typescript
ai_agent_developer___ai_automation_engineer,AI Agent Developer / AI Automation Engineer,ai_ml,postgresql,PostgreSQL,core,medium,intermediate,7,node_js
ai_agent_developer___ai_automation_engineer,AI Agent Developer / AI Automation Engineer,ai_ml,rest_api,REST API,core,medium,intermediate,8,postgresql
ai_agent_developer___ai_automation_engineer,AI Agent Developer / AI Automation Engineer,ai_ml,mysql,MySQL,core,medium,intermediate,9,rest_api
ai_automation___system_integration_specialist,AI Automation & System Integration Specialist,data_science,javascript,JavaScript,fundamental,high,basic,1,
ai_automation___system_integration_specialist,AI Automation & System Integration Specialist,data_science,python,Python,fundamental,high,basic,2,javascript
ai_automation___system_integration_specialist,AI Automation & System Integration Specialist,data_science,rest_api,REST API,core,high,intermediate,3,python
ai_automation___system_integration_specialist,AI Automation & System Integration Specialist,data_science,typescript,TypeScript,core,medium,intermediate,4,rest_api
ai_engineer,AI ENGINEER,ai_ml,python,Python,fundamental,high,basic,1,
ai_engineer,AI ENGINEER,ai_ml,problem_solving,Problem Solving,fundamental,high,basic,2,python
ai_engineer,AI ENGINEER,ai_ml,sql,SQL,fundamental,high,basic,3,problem_solving
ai_engineer,AI ENGINEER,ai_ml,scikit_learn,Scikit-Learn,core,medium,intermediate,4,sql
ai_engineer,AI ENGINEER,ai_ml,machine_learning,Machine Learning,core,medium,intermediate,5,scikit_learn
ai_engineer,AI ENGINEER,ai_ml,gcp,GCP,advanced,medium,advanced,6,machine_learning
ai_engineer,AI ENGINEER,ai_ml,tensorflow,TensorFlow,advanced,medium,advanced,7,gcp
ai_engineer,AI ENGINEER,ai_ml,aws,AWS,advanced,medium,advanced,8,tensorflow
ai_engineer,AI ENGINEER,ai_ml,pytorch,PyTorch,advanced,medium,advanced,9,aws
ai_engineer,AI Engineer,ai_ml,javascript,JavaScript,fundamental,high,basic,1,
ai_engineer,AI Engineer,ai_ml,sql,SQL,fundamental,high,basic,2,javascript
ai_engineer,AI Engineer,ai_ml,java,Java,fundamental,high,basic,3,sql
ai_engineer,AI Engineer,ai_ml,python,Python,fundamental,medium,basic,4,java
ai_engineer,AI Engineer,ai_ml,php,PHP,fundamental,medium,basic,5,python
ai_engineer,AI Engineer,ai_ml,excel,Excel,fundamental,medium,basic,6,php
ai_engineer,AI Engineer,ai_ml,git,Git,fundamental,medium,basic,7,excel
ai_engineer,AI Engineer,ai_ml,typescript,TypeScript,core,medium,intermediate,8,git
ai_engineer,AI Engineer,ai_ml,machine_learning,Machine Learning,core,medium,intermediate,9,typescript
ai_engineer,AI Engineer,ai_ml,svelte,Svelte,core,medium,intermediate,10,machine_learning
ai_engineer,AI Engineer,ai_ml,fastapi,FastAPI,core,medium,intermediate,11,svelte
ai_engineer,AI Engineer,ai_ml,golang,Golang,core,medium,intermediate,12,fastapi
ai_engineer,AI Engineer,ai_ml,node_js,Node.js,core,medium,intermediate,13,golang
ai_engineer,AI Engineer,ai_ml,vue_js,Vue.js,core,medium,intermediate,14,node_js
ai_engineer,AI Engineer,ai_ml,rest_api,REST API,core,medium,intermediate,15,vue_js
ai_engineer,AI Engineer,ai_ml,react_js,React.js,core,medium,intermediate,16,rest_api
ai_engineer,AI Engineer,ai_ml,next_js,Next.js,core,medium,intermediate,17,react_js
ai_engineer,AI Engineer,ai_ml,docker,Docker,advanced,medium,advanced,18,next_js
ai_engineer,AI Engineer,ai_ml,tensorflow,TensorFlow,advanced,medium,advanced,19,docker
ai_engineer,AI Engineer,ai_ml,aws,AWS,advanced,medium,advanced,20,tensorflow
ai_engineer,AI Engineer,ai_ml,azure,Azure,advanced,medium,advanced,21,aws
ai_engineer,AI Engineer,ai_ml,linux,Linux,advanced,medium,advanced,22,azure
ai_engineer,AI Engineer,ai_ml,kubernetes,Kubernetes,advanced,medium,advanced,23,linux
ai_engineer,AI Engineer,ai_ml,microservices,Microservices,advanced,medium,advanced,24,kubernetes
ai_engineer,AI Engineer,ai_ml,gcp,GCP,advanced,medium,advanced,25,microservices
ai_engineer,AI Engineer,ai_ml,deep_learning,Deep Learning,advanced,medium,advanced,26,gcp
ai_engineer,AI Engineer,ai_ml,pytorch,PyTorch,advanced,medium,advanced,27,deep_learning
ai_engineer,AI Engineer,ai_ml,ci_cd,CI/CD,advanced,medium,advanced,28,pytorch
ai_engineer,AI Engineer,data_science,javascript,JavaScript,fundamental,high,basic,1,
ai_engineer,AI Engineer,data_science,sql,SQL,fundamental,high,basic,2,javascript
ai_engineer,AI Engineer,data_science,java,Java,fundamental,high,basic,3,sql
ai_engineer,AI Engineer,data_science,python,Python,fundamental,medium,basic,4,java
ai_engineer,AI Engineer,data_science,excel,Excel,fundamental,medium,basic,5,python
ai_engineer,AI Engineer,data_science,git,Git,fundamental,medium,basic,6,excel
ai_engineer,AI Engineer,data_science,typescript,TypeScript,core,medium,intermediate,7,git
ai_engineer,AI Engineer,data_science,machine_learning,Machine Learning,core,medium,intermediate,8,typescript
ai_engineer,AI Engineer,data_science,svelte,Svelte,core,medium,intermediate,9,machine_learning
ai_engineer,AI Engineer,data_science,golang,Golang,core,medium,intermediate,10,svelte
ai_engineer,AI Engineer,data_science,mysql,MySQL,core,medium,intermediate,11,golang
ai_engineer,AI Engineer,data_science,graphql,GraphQL,core,medium,intermediate,12,mysql
ai_engineer,AI Engineer,data_science,node_js,Node.js,core,medium,intermediate,13,graphql
ai_engineer,AI Engineer,data_science,postgresql,PostgreSQL,core,medium,intermediate,14,node_js
ai_engineer,AI Engineer,data_science,vue_js,Vue.js,core,medium,intermediate,15,postgresql
ai_engineer,AI Engineer,data_science,rest_api,REST API,core,medium,intermediate,16,vue_js
ai_engineer,AI Engineer,data_science,react_js,React.js,core,medium,intermediate,17,rest_api
ai_engineer,AI Engineer,data_science,next_js,Next.js,core,medium,intermediate,18,react_js
ai_engineer,AI Engineer,data_science,docker,Docker,advanced,medium,advanced,19,next_js
ai_engineer,AI Engineer,data_science,tensorflow,TensorFlow,advanced,medium,advanced,20,docker
ai_engineer,AI Engineer,data_science,aws,AWS,advanced,medium,advanced,21,tensorflow
ai_engineer,AI Engineer,data_science,azure,Azure,advanced,medium,advanced,22,aws
ai_engineer,AI Engineer,data_science,linux,Linux,advanced,medium,advanced,23,azure
ai_engineer,AI Engineer,data_science,data_modeling,Data Modeling,advanced,medium,advanced,24,linux
ai_engineer,AI Engineer,data_science,kubernetes,Kubernetes,advanced,medium,advanced,25,data_modeling
ai_engineer,AI Engineer,data_science,microservices,Microservices,advanced,medium,advanced,26,kubernetes
ai_engineer,AI Engineer,data_science,gcp,GCP,advanced,medium,advanced,27,microservices
ai_engineer,AI Engineer,data_science,deep_learning,Deep Learning,advanced,medium,advanced,28,gcp
ai_engineer,AI Engineer,data_science,pytorch,PyTorch,advanced,medium,advanced,29,deep_learning
ai_engineer,AI Engineer,data_science,ci_cd,CI/CD,advanced,medium,advanced,30,pytorch
ai_engineer,AI Engineer,devops,javascript,JavaScript,fundamental,high,basic,1,
ai_engineer,AI Engineer,devops,sql,SQL,fundamental,high,basic,2,javascript
ai_engineer,AI Engineer,devops,git,Git,fundamental,high,basic,3,sql
ai_engineer,AI Engineer,devops,typescript,TypeScript,core,medium,intermediate,4,git
ai_engineer,AI Engineer,devops,vue_js,Vue.js,core,medium,intermediate,5,typescript
ai_engineer,AI Engineer,devops,graphql,GraphQL,core,medium,intermediate,6,vue_js
ai_engineer,AI Engineer,devops,postgresql,PostgreSQL,core,medium,intermediate,7,graphql
ai_engineer,AI Engineer,devops,rest_api,REST API,core,medium,intermediate,8,postgresql
ai_engineer,AI Engineer,devops,react_js,React.js,core,medium,intermediate,9,rest_api
ai_engineer,AI Engineer,devops,svelte,Svelte,core,medium,intermediate,10,react_js
ai_engineer,AI Engineer,devops,golang,Golang,core,medium,intermediate,11,svelte
ai_engineer,AI Engineer,devops,mysql,MySQL,core,medium,intermediate,12,golang
ai_engineer,AI Engineer,devops,next_js,Next.js,core,medium,intermediate,13,mysql
ai_engineer,AI Engineer,devops,docker,Docker,advanced,medium,advanced,14,next_js
ai_engineer,AI Engineer,devops,microservices,Microservices,advanced,medium,advanced,15,docker
ai_engineer,AI Engineer,devops,ci_cd,CI/CD,advanced,medium,advanced,16,microservices
ai_engineer,AI Engineer,devops,data_modeling,Data Modeling,advanced,medium,advanced,17,ci_cd
ai_engineer,AI Engineer,web_development,javascript,JavaScript,fundamental,high,basic,1,
ai_engineer,AI Engineer,web_development,sql,SQL,fundamental,high,basic,2,javascript
ai_engineer,AI Engineer,web_development,git,Git,fundamental,high,basic,3,sql
ai_engineer,AI Engineer,web_development,typescript,TypeScript,core,medium,intermediate,4,git
ai_engineer,AI Engineer,web_development,vue_js,Vue.js,core,medium,intermediate,5,typescript
ai_engineer,AI Engineer,web_development,graphql,GraphQL,core,medium,intermediate,6,vue_js
ai_engineer,AI Engineer,web_development,postgresql,PostgreSQL,core,medium,intermediate,7,graphql
ai_engineer,AI Engineer,web_development,rest_api,REST API,core,medium,intermediate,8,postgresql
ai_engineer,AI Engineer,web_development,react_js,React.js,core,medium,intermediate,9,rest_api
ai_engineer,AI Engineer,web_development,svelte,Svelte,core,medium,intermediate,10,react_js
ai_engineer,AI Engineer,web_development,golang,Golang,core,medium,intermediate,11,svelte
ai_engineer,AI Engineer,web_development,mysql,MySQL,core,medium,intermediate,12,golang
ai_engineer,AI Engineer,web_development,next_js,Next.js,core,medium,intermediate,13,mysql
ai_engineer,AI Engineer,web_development,docker,Docker,advanced,medium,advanced,14,next_js
ai_engineer,AI Engineer,web_development,microservices,Microservices,advanced,medium,advanced,15,docker
ai_engineer,AI Engineer,web_development,ci_cd,CI/CD,advanced,medium,advanced,16,microservices
ai_engineer,AI Engineer,web_development,data_modeling,Data Modeling,advanced,medium,advanced,17,ci_cd
ai_engineering,AI Engineering,ai_ml,python,Python,fundamental,high,basic,1,
ai_engineering,AI Engineering,ai_ml,scikit_learn,Scikit-Learn,core,high,intermediate,2,python
ai_engineering,AI Engineering,ai_ml,machine_learning,Machine Learning,core,high,intermediate,3,scikit_learn
ai_engineering,AI Engineering,ai_ml,tensorflow,TensorFlow,advanced,medium,advanced,4,machine_learning
ai_engineering,AI Engineering,ai_ml,pytorch,PyTorch,advanced,medium,advanced,5,tensorflow
ai_expert,AI Expert,ai_ml,python,Python,fundamental,high,basic,1,
ai_expert,AI Expert,ai_ml,sql,SQL,fundamental,high,basic,2,python
ai_expert,AI Expert,ai_ml,typescript,TypeScript,core,high,intermediate,3,sql
ai_expert,AI Expert,ai_ml,rest_api,REST API,core,medium,intermediate,4,typescript
ai_expert,AI Expert,ai_ml,machine_learning,Machine Learning,core,medium,intermediate,5,rest_api
ai_expert,AI Expert,ai_ml,azure,Azure,advanced,medium,advanced,6,machine_learning
ai_expert,AI Expert,ai_ml,gcp,GCP,advanced,medium,advanced,7,azure
ai_expert,AI Expert,ai_ml,aws,AWS,advanced,medium,advanced,8,gcp
ai_expert,AI Expert,data_science,python,Python,fundamental,high,basic,1,
ai_expert,AI Expert,data_science,sql,SQL,fundamental,high,basic,2,python
ai_expert,AI Expert,data_science,typescript,TypeScript,core,high,intermediate,3,sql
ai_expert,AI Expert,data_science,rest_api,REST API,core,medium,intermediate,4,typescript
ai_expert,AI Expert,data_science,machine_learning,Machine Learning,core,medium,intermediate,5,rest_api
ai_expert,AI Expert,data_science,azure,Azure,advanced,medium,advanced,6,machine_learning
ai_expert,AI Expert,data_science,gcp,GCP,advanced,medium,advanced,7,azure
ai_expert,AI Expert,data_science,aws,AWS,advanced,medium,advanced,8,gcp
ai_ml_data_operation_manager,AI ML Data Operation Manager,ai_ml,machine_learning,Machine Learning,core,high,intermediate,1,
ai_ml_data_operation_manager,AI ML Data Operation Manager,ai_ml,typescript,TypeScript,core,high,intermediate,2,machine_learning
ai_ml_data_operation_manager,AI ML Data Operation Manager,ai_ml,next_js,Next.js,core,high,intermediate,3,typescript
ai_officer,AI Officer,ai_ml,machine_learning,Machine Learning,core,high,intermediate,1,
ai_officer,AI Officer,ai_ml,typescript,TypeScript,core,high,intermediate,2,machine_learning
ai_operator,AI Operator,ai_ml,javascript,JavaScript,fundamental,high,basic,1,
ai_operator,AI Operator,ai_ml,python,Python,fundamental,high,basic,2,javascript
ai_operator,AI Operator,ai_ml,git,Git,fundamental,high,basic,3,python
ai_operator,AI Operator,ai_ml,typescript,TypeScript,core,medium,intermediate,4,git
ai_operator,AI Operator,ai_ml,rest_api,REST API,core,medium,intermediate,5,typescript
ai_operator,AI Operator,ai_ml,docker,Docker,advanced,medium,advanced,6,rest_api
ai_r_d_department_head,AI R&D Department Head,ai_ml,machine_learning,Machine Learning,core,high,intermediate,1,
ai_r_d_department_head,AI R&D Department Head,ai_ml,typescript,TypeScript,core,high,intermediate,2,machine_learning
ai_r_d_senior_engineer__team_leader_,AI R&D Senior Engineer (Team Leader),ai_ml,python,Python,fundamental,high,basic,1,
ai_r_d_senior_engineer__team_leader_,AI R&D Senior Engineer (Team Leader),ai_ml,excel,Excel,fundamental,high,basic,2,python
ai_r_d_senior_engineer__team_leader_,AI R&D Senior Engineer (Team Leader),ai_ml,sql,SQL,fundamental,high,basic,3,excel
ai_r_d_senior_engineer__team_leader_,AI R&D Senior Engineer (Team Leader),ai_ml,typescript,TypeScript,core,medium,intermediate,4,sql
ai_r_d_senior_engineer__team_leader_,AI R&D Senior Engineer (Team Leader),ai_ml,machine_learning,Machine Learning,core,medium,intermediate,5,typescript
ai_r_d_senior_engineer__team_leader_,AI R&D Senior Engineer (Team Leader),ai_ml,azure,Azure,advanced,medium,advanced,6,machine_learning
ai_r_d_senior_engineer__team_leader_,AI R&D Senior Engineer (Team Leader),ai_ml,gcp,GCP,advanced,medium,advanced,7,azure
ai_r_d_senior_engineer__team_leader_,AI R&D Senior Engineer (Team Leader),ai_ml,aws,AWS,advanced,medium,advanced,8,gcp
ai_solutions_architect,AI Solutions Architect,ai_ml,python,Python,fundamental,high,basic,1,
ai_solutions_architect,AI Solutions Architect,ai_ml,sql,SQL,fundamental,high,basic,2,python
ai_solutions_architect,AI Solutions Architect,ai_ml,r,R,fundamental,high,basic,3,sql
ai_solutions_architect,AI Solutions Architect,ai_ml,typescript,TypeScript,core,medium,intermediate,4,r
ai_solutions_architect,AI Solutions Architect,ai_ml,machine_learning,Machine Learning,core,medium,intermediate,5,typescript
ai_solutions_architect,AI Solutions Architect,ai_ml,tensorflow,TensorFlow,advanced,medium,advanced,6,machine_learning
ai_solutions_architect,AI Solutions Architect,ai_ml,deep_learning,Deep Learning,advanced,medium,advanced,7,tensorflow
ai_solutions_architect,AI Solutions Architect,ai_ml,pytorch,PyTorch,advanced,medium,advanced,8,deep_learning
ai_workflow_engineer__developer_,AI Workflow Engineer (Developer),ai_ml,java,Java,fundamental,high,basic,1,
ai_workflow_engineer__developer_,AI Workflow Engineer (Developer),ai_ml,agile_scrum,Agile/Scrum,fundamental,high,basic,2,java
ai_workflow_engineer__developer_,AI Workflow Engineer (Developer),ai_ml,python,Python,fundamental,high,basic,3,agile_scrum
ai_workflow_engineer__developer_,AI Workflow Engineer (Developer),ai_ml,sql,SQL,fundamental,medium,basic,4,python
ai_workflow_engineer__developer_,AI Workflow Engineer (Developer),ai_ml,rest_api,REST API,core,medium,intermediate,5,sql
ai_workflow_engineer__developer_,AI Workflow Engineer (Developer),ai_ml,mysql,MySQL,core,medium,intermediate,6,rest_api
ai_workflow_engineer__developer_,AI Workflow Engineer (Developer),ai_ml,machine_learning,Machine Learning,core,medium,intermediate,7,mysql
ai_workflow_engineer__developer_,AI Workflow Engineer (Developer),data_science,java,Java,fundamental,high,basic,1,
ai_workflow_engineer__developer_,AI Workflow Engineer (Developer),data_science,agile_scrum,Agile/Scrum,fundamental,high,basic,2,java
ai_workflow_engineer__developer_,AI Workflow Engineer (Developer),data_science,python,Python,fundamental,high,basic,3,agile_scrum
ai_workflow_engineer__developer_,AI Workflow Engineer (Developer),data_science,sql,SQL,fundamental,medium,basic,4,python
ai_workflow_engineer__developer_,AI Workflow Engineer (Developer),data_science,rest_api,REST API,core,medium,intermediate,5,sql
ai_workflow_engineer__developer_,AI Workflow Engineer (Developer),data_science,mysql,MySQL,core,medium,intermediate,6,rest_api
ai_workflow_engineer__developer_,AI Workflow Engineer (Developer),data_science,machine_learning,Machine Learning,core,medium,intermediate,7,mysql
ai___augmented_fullstack_developer,AI – AUGMENTED FULLSTACK DEVELOPER,web_development,git,Git,fundamental,high,basic,1,
ai___augmented_fullstack_developer,AI – AUGMENTED FULLSTACK DEVELOPER,web_development,php,PHP,fundamental,high,basic,2,git
ai___augmented_fullstack_developer,AI – AUGMENTED FULLSTACK DEVELOPER,web_development,postgresql,PostgreSQL,core,high,intermediate,3,php
ai___augmented_fullstack_developer,AI – AUGMENTED FULLSTACK DEVELOPER,web_development,rest_api,REST API,core,medium,intermediate,4,postgresql
ai___augmented_fullstack_developer,AI – AUGMENTED FULLSTACK DEVELOPER,web_development,mysql,MySQL,core,medium,intermediate,5,rest_api
ai_native_fullstack_developer,AI-Native Fullstack Developer,ui_ux,javascript,JavaScript,fundamental,high,basic,1,
ai_native_fullstack_developer,AI-Native Fullstack Developer,ui_ux,sql,SQL,fundamental,high,basic,2,javascript
ai_native_fullstack_developer,AI-Native Fullstack Developer,ui_ux,git,Git,fundamental,high,basic,3,sql
ai_native_fullstack_developer,AI-Native Fullstack Developer,ui_ux,typescript,TypeScript,core,medium,intermediate,4,git
ai_native_fullstack_developer,AI-Native Fullstack Developer,ui_ux,rest_api,REST API,core,medium,intermediate,5,typescript
ai_native_fullstack_developer,AI-Native Fullstack Developer,ui_ux,react_js,React.js,core,medium,intermediate,6,rest_api
ai_native_fullstack_developer,AI-Native Fullstack Developer,ui_ux,next_js,Next.js,core,medium,intermediate,7,react_js
ai_native_fullstack_developer,AI-Native Fullstack Developer,ui_ux,docker,Docker,advanced,medium,advanced,8,next_js
ai_native_fullstack_developer,AI-Native Fullstack Developer,ui_ux,ci_cd,CI/CD,advanced,medium,advanced,9,docker
ai_native_fullstack_developer,AI-Native Fullstack Developer,web_development,javascript,JavaScript,fundamental,high,basic,1,
ai_native_fullstack_developer,AI-Native Fullstack Developer,web_development,sql,SQL,fundamental,high,basic,2,javascript
ai_native_fullstack_developer,AI-Native Fullstack Developer,web_development,git,Git,fundamental,high,basic,3,sql
ai_native_fullstack_developer,AI-Native Fullstack Developer,web_development,typescript,TypeScript,core,medium,intermediate,4,git
ai_native_fullstack_developer,AI-Native Fullstack Developer,web_development,rest_api,REST API,core,medium,intermediate,5,typescript
ai_native_fullstack_developer,AI-Native Fullstack Developer,web_development,react_js,React.js,core,medium,intermediate,6,rest_api
ai_native_fullstack_developer,AI-Native Fullstack Developer,web_development,next_js,Next.js,core,medium,intermediate,7,react_js
ai_native_fullstack_developer,AI-Native Fullstack Developer,web_development,docker,Docker,advanced,medium,advanced,8,next_js
ai_native_fullstack_developer,AI-Native Fullstack Developer,web_development,ci_cd,CI/CD,advanced,medium,advanced,9,docker
ai_ml_engineer,AI/ML Engineer,ai_ml,python,Python,fundamental,high,basic,1,
ai_ml_engineer,AI/ML Engineer,ai_ml,git,Git,fundamental,high,basic,2,python
ai_ml_engineer,AI/ML Engineer,ai_ml,typescript,TypeScript,core,high,intermediate,3,git
ai_ml_engineer,AI/ML Engineer,ai_ml,scikit_learn,Scikit-Learn,core,medium,intermediate,4,typescript
ai_ml_engineer,AI/ML Engineer,ai_ml,machine_learning,Machine Learning,core,medium,intermediate,5,scikit_learn
ai_ml_engineer,AI/ML Engineer,ai_ml,docker,Docker,advanced,medium,advanced,6,machine_learning
ai_ml_engineer,AI/ML Engineer,ai_ml,tensorflow,TensorFlow,advanced,medium,advanced,7,docker
ai_ml_engineer,AI/ML Engineer,ai_ml,deep_learning,Deep Learning,advanced,medium,advanced,8,tensorflow
ai_ml_engineer,AI/ML Engineer,ai_ml,pytorch,PyTorch,advanced,medium,advanced,9,deep_learning
ai_ml_engineer___jakarta___wfo,AI/ML Engineer - Jakarta - WFO,ai_ml,typescript,TypeScript,core,high,intermediate,1,
ai_ml_engineer___jakarta___wfo,AI/ML Engineer - Jakarta - WFO,ai_ml,rest_api,REST API,core,high,intermediate,2,typescript
ai_ml_engineer___jakarta___wfo,AI/ML Engineer - Jakarta - WFO,ai_ml,fastapi,FastAPI,core,high,intermediate,3,rest_api
ai_ml_engineer___jakarta___wfo,AI/ML Engineer - Jakarta - WFO,ai_ml,machine_learning,Machine Learning,core,medium,intermediate,4,fastapi
ai_ml_engineer___jakarta___wfo,AI/ML Engineer - Jakarta - WFO,ai_ml,next_js,Next.js,core,medium,intermediate,5,machine_learning
ai_ml_engineer___jakarta___wfo,AI/ML Engineer - Jakarta - WFO,ai_ml,azure,Azure,advanced,medium,advanced,6,next_js
ai_ml_engineer___jakarta___wfo,AI/ML Engineer - Jakarta - WFO,ai_ml,gcp,GCP,advanced,medium,advanced,7,azure
ai_ml_engineer___jakarta___wfo,AI/ML Engineer - Jakarta - WFO,ai_ml,aws,AWS,advanced,medium,advanced,8,gcp
ai_ml_engineer___jakarta___wfo,AI/ML Engineer - Jakarta - WFO,data_science,typescript,TypeScript,core,high,intermediate,1,
ai_ml_engineer___jakarta___wfo,AI/ML Engineer - Jakarta - WFO,data_science,rest_api,REST API,core,high,intermediate,2,typescript
ai_ml_engineer___jakarta___wfo,AI/ML Engineer - Jakarta - WFO,data_science,fastapi,FastAPI,core,high,intermediate,3,rest_api
ai_ml_engineer___jakarta___wfo,AI/ML Engineer - Jakarta - WFO,data_science,machine_learning,Machine Learning,core,medium,intermediate,4,fastapi
ai_ml_engineer___jakarta___wfo,AI/ML Engineer - Jakarta - WFO,data_science,next_js,Next.js,core,medium,intermediate,5,machine_learning
ai_ml_engineer___jakarta___wfo,AI/ML Engineer - Jakarta - WFO,data_science,azure,Azure,advanced,medium,advanced,6,next_js
ai_ml_engineer___jakarta___wfo,AI/ML Engineer - Jakarta - WFO,data_science,gcp,GCP,advanced,medium,advanced,7,azure
ai_ml_engineer___jakarta___wfo,AI/ML Engineer - Jakarta - WFO,data_science,aws,AWS,advanced,medium,advanced,8,gcp
aml_cft_manager,AML-CFT Manager,cyber_security,machine_learning,Machine Learning,core,high,intermediate,1,
aml_cft_manager,AML-CFT Manager,cyber_security,typescript,TypeScript,core,high,intermediate,2,machine_learning
avp__it_compliance___regulatory__technology,"AVP, IT Compliance & Regulatory, Technology",cyber_security,excel,Excel,fundamental,high,basic,1,
avp__it_compliance___regulatory__technology,"AVP, IT Compliance & Regulatory, Technology",cyber_security,typescript,TypeScript,core,high,intermediate,2,excel
aws_cloud_engineer,AWS Cloud Engineer,devops,typescript,TypeScript,core,high,intermediate,1,
aws_cloud_engineer,AWS Cloud Engineer,devops,linux,Linux,advanced,high,advanced,2,typescript
aws_cloud_engineer,AWS Cloud Engineer,devops,aws,AWS,advanced,high,advanced,3,linux
account_manager__cyber_security_,Account Manager (Cyber Security),cyber_security,javascript,JavaScript,fundamental,high,basic,1,
account_manager__cyber_security_,Account Manager (Cyber Security),cyber_security,excel,Excel,fundamental,high,basic,2,javascript
account_manager__cyber_security_,Account Manager (Cyber Security),cyber_security,typescript,TypeScript,core,high,intermediate,3,excel
account_manager__cyber_security_,Account Manager (Cyber Security),cyber_security,cybersecurity,Cybersecurity,advanced,medium,advanced,4,typescript
account_manager_enterprise,Account Manager Enterprise,cyber_security,typescript,TypeScript,core,high,intermediate,1,
account_manager_enterprise,Account Manager Enterprise,cyber_security,cybersecurity,Cybersecurity,advanced,high,advanced,2,typescript
admin_operasional___sistem,Admin Operasional & Sistem,data_science,excel,Excel,fundamental,high,basic,1,
admin_operasional___sistem,Admin Operasional & Sistem,data_science,typescript,TypeScript,core,high,intermediate,2,excel
agentic_ai_engineer,Agentic AI Engineer,ai_ml,python,Python,fundamental,high,basic,1,
agentic_ai_engineer,Agentic AI Engineer,ai_ml,sql,SQL,fundamental,high,basic,2,python
agentic_ai_engineer,Agentic AI Engineer,ai_ml,git,Git,fundamental,high,basic,3,sql
agentic_ai_engineer,Agentic AI Engineer,ai_ml,typescript,TypeScript,core,medium,intermediate,4,git
agentic_ai_engineer,Agentic AI Engineer,ai_ml,rest_api,REST API,core,medium,intermediate,5,typescript
agentic_ai_engineer,Agentic AI Engineer,ai_ml,fastapi,FastAPI,core,medium,intermediate,6,rest_api
agentic_ai_engineer,Agentic AI Engineer,ai_ml,machine_learning,Machine Learning,core,medium,intermediate,7,fastapi
agentic_ai_engineer,Agentic AI Engineer,ai_ml,docker,Docker,advanced,medium,advanced,8,machine_learning
agentic_ai_engineer,Agentic AI Engineer,ai_ml,linux,Linux,advanced,medium,advanced,9,docker
agentic_ai_engineer,Agentic AI Engineer,ai_ml,cybersecurity,Cybersecurity,advanced,medium,advanced,10,linux
android_developer__kotlin_,Android Developer (Kotlin),ui_ux,git,Git,fundamental,high,basic,1,
android_developer__kotlin_,Android Developer (Kotlin),ui_ux,typescript,TypeScript,core,high,intermediate,2,git
android_developer__kotlin_,Android Developer (Kotlin),ui_ux,postgresql,PostgreSQL,core,high,intermediate,3,typescript
android_developer__kotlin_,Android Developer (Kotlin),ui_ux,rest_api,REST API,core,medium,intermediate,4,postgresql
android_developer__kotlin_,Android Developer (Kotlin),ui_ux,machine_learning,Machine Learning,core,medium,intermediate,5,rest_api
application_designer,Application Designer,ui_ux,wireframing,Wireframing,fundamental,high,basic,1,
application_designer,Application Designer,ui_ux,excel,Excel,fundamental,high,basic,2,wireframing
application_designer,Application Designer,ui_ux,prototyping,Prototyping,core,high,intermediate,3,excel
application_designer,Application Designer,ui_ux,typescript,TypeScript,core,medium,intermediate,4,prototyping
application_designer,Application Designer,ui_ux,ui_ux,UI/UX,core,medium,intermediate,5,typescript
application_support___programmer_c__edi,Application Support / Programmer C# EDI,web_development,html,HTML,fundamental,high,basic,1,
application_support___programmer_c__edi,Application Support / Programmer C# EDI,web_development,javascript,JavaScript,fundamental,high,basic,2,html
application_support___programmer_c__edi,Application Support / Programmer C# EDI,web_development,excel,Excel,fundamental,high,basic,3,javascript
application_support___programmer_c__edi,Application Support / Programmer C# EDI,web_development,css,CSS,fundamental,medium,basic,4,excel
application_support___programmer_c__edi,Application Support / Programmer C# EDI,web_development,typescript,TypeScript,core,medium,intermediate,5,css
application_support___programmer_c__edi,Application Support / Programmer C# EDI,web_development,rest_api,REST API,core,medium,intermediate,6,typescript
application_support___programmer_c__edi,Application Support / Programmer C# EDI,web_development,microservices,Microservices,advanced,medium,advanced,7,rest_api
application_support___programmer_c__edi,Application Support / Programmer C# EDI,web_development,docker,Docker,advanced,medium,advanced,8,microservices
application_support___programmer_c__edi,Application Support / Programmer C# EDI,web_development,ci_cd,CI/CD,advanced,medium,advanced,9,docker
application_support___programmer_c__edi,Application Support / Programmer C# EDI,web_development,aws,AWS,advanced,medium,advanced,10,ci_cd
applied_ai,Applied AI,ai_ml,problem_solving,Problem Solving,fundamental,high,basic,1,
applied_ai,Applied AI,ai_ml,machine_learning,Machine Learning,core,high,intermediate,2,problem_solving
applied_ai,Applied AI,ai_ml,typescript,TypeScript,core,high,intermediate,3,machine_learning
applied_ai,Applied AI,data_science,problem_solving,Problem Solving,fundamental,high,basic,1,
applied_ai,Applied AI,data_science,machine_learning,Machine Learning,core,high,intermediate,2,problem_solving
applied_ai,Applied AI,data_science,typescript,TypeScript,core,high,intermediate,3,machine_learning
applied_ai_engineer,Applied AI Engineer,ai_ml,java,Java,fundamental,high,basic,1,
applied_ai_engineer,Applied AI Engineer,ai_ml,javascript,JavaScript,fundamental,high,basic,2,java
applied_ai_engineer,Applied AI Engineer,ai_ml,python,Python,fundamental,high,basic,3,javascript
applied_ai_engineer,Applied AI Engineer,ai_ml,agile_scrum,Agile/Scrum,fundamental,medium,basic,4,python
applied_ai_engineer,Applied AI Engineer,ai_ml,git,Git,fundamental,medium,basic,5,agile_scrum
applied_ai_engineer,Applied AI Engineer,ai_ml,typescript,TypeScript,core,medium,intermediate,6,git
applied_ai_engineer,Applied AI Engineer,ai_ml,golang,Golang,core,medium,intermediate,7,typescript
applied_ai_engineer,Applied AI Engineer,ai_ml,ci_cd,CI/CD,advanced,medium,advanced,8,golang
artificial_intellegence__ai__specialist,Artificial Intellegence (AI) Specialist,ai_ml,excel,Excel,fundamental,high,basic,1,
artificial_intellegence__ai__specialist,Artificial Intellegence (AI) Specialist,ai_ml,typescript,TypeScript,core,high,intermediate,2,excel
artificial_intellegence__ai__specialist,Artificial Intellegence (AI) Specialist,data_science,excel,Excel,fundamental,high,basic,1,
artificial_intellegence__ai__specialist,Artificial Intellegence (AI) Specialist,data_science,typescript,TypeScript,core,high,intermediate,2,excel
artificial_intelligence_engineer,Artificial Intelligence Engineer,ai_ml,javascript,JavaScript,fundamental,high,basic,1,
artificial_intelligence_engineer,Artificial Intelligence Engineer,ai_ml,python,Python,fundamental,high,basic,2,javascript
artificial_intelligence_engineer,Artificial Intelligence Engineer,ai_ml,excel,Excel,fundamental,high,basic,3,python
artificial_intelligence_engineer,Artificial Intelligence Engineer,ai_ml,typescript,TypeScript,core,medium,intermediate,4,excel
artificial_intelligence_engineer,Artificial Intelligence Engineer,ai_ml,node_js,Node.js,core,medium,intermediate,5,typescript
artificial_intelligence_engineer,Artificial Intelligence Engineer,ai_ml,rest_api,REST API,core,medium,intermediate,6,node_js
artificial_intelligence_engineer,Artificial Intelligence Engineer,ai_ml,react_js,React.js,core,medium,intermediate,7,rest_api
artificial_intelligence_engineer,Artificial Intelligence Engineer,ai_ml,machine_learning,Machine Learning,core,medium,intermediate,8,react_js
artificial_intelligence_engineer,Artificial Intelligence Engineer,ai_ml,azure,Azure,advanced,medium,advanced,9,machine_learning
artificial_intelligence_engineer,Artificial Intelligence Engineer,ai_ml,docker,Docker,advanced,medium,advanced,10,azure
artificial_intelligence_engineer,Artificial Intelligence Engineer,ai_ml,kubernetes,Kubernetes,advanced,medium,advanced,11,docker
artificial_intelligence_engineer,Artificial Intelligence Engineer,ai_ml,ci_cd,CI/CD,advanced,medium,advanced,12,kubernetes
artificial_intelligence_engineer,Artificial Intelligence Engineer,ai_ml,aws,AWS,advanced,medium,advanced,13,ci_cd
artificial_intelligence_engineer,Artificial Intelligence Engineer,data_science,javascript,JavaScript,fundamental,high,basic,1,
artificial_intelligence_engineer,Artificial Intelligence Engineer,data_science,python,Python,fundamental,high,basic,2,javascript
artificial_intelligence_engineer,Artificial Intelligence Engineer,data_science,excel,Excel,fundamental,high,basic,3,python
artificial_intelligence_engineer,Artificial Intelligence Engineer,data_science,typescript,TypeScript,core,medium,intermediate,4,excel
artificial_intelligence_engineer,Artificial Intelligence Engineer,data_science,node_js,Node.js,core,medium,intermediate,5,typescript
artificial_intelligence_engineer,Artificial Intelligence Engineer,data_science,rest_api,REST API,core,medium,intermediate,6,node_js
artificial_intelligence_engineer,Artificial Intelligence Engineer,data_science,react_js,React.js,core,medium,intermediate,7,rest_api
artificial_intelligence_engineer,Artificial Intelligence Engineer,data_science,machine_learning,Machine Learning,core,medium,intermediate,8,react_js
artificial_intelligence_engineer,Artificial Intelligence Engineer,data_science,azure,Azure,advanced,medium,advanced,9,machine_learning
artificial_intelligence_engineer,Artificial Intelligence Engineer,data_science,docker,Docker,advanced,medium,advanced,10,azure
artificial_intelligence_engineer,Artificial Intelligence Engineer,data_science,kubernetes,Kubernetes,advanced,medium,advanced,11,docker
artificial_intelligence_engineer,Artificial Intelligence Engineer,data_science,ci_cd,CI/CD,advanced,medium,advanced,12,kubernetes
artificial_intelligence_engineer,Artificial Intelligence Engineer,data_science,aws,AWS,advanced,medium,advanced,13,ci_cd
artificial_intelligence_engineer___ai_platform,Artificial Intelligence Engineer - AI Platform,ai_ml,python,Python,fundamental,high,basic,1,
artificial_intelligence_engineer___ai_platform,Artificial Intelligence Engineer - AI Platform,ai_ml,excel,Excel,fundamental,high,basic,2,python
artificial_intelligence_engineer___ai_platform,Artificial Intelligence Engineer - AI Platform,ai_ml,typescript,TypeScript,core,high,intermediate,3,excel
artificial_intelligence_engineer___ai_platform,Artificial Intelligence Engineer - AI Platform,ai_ml,ui_ux,UI/UX,core,medium,intermediate,4,typescript
artificial_intelligence_engineer___ai_platform,Artificial Intelligence Engineer - AI Platform,ai_ml,prototyping,Prototyping,core,medium,intermediate,5,ui_ux
artificial_intelligence_engineer___ai_platform,Artificial Intelligence Engineer - AI Platform,ai_ml,rest_api,REST API,core,medium,intermediate,6,prototyping
artificial_intelligence_engineer___ai_platform,Artificial Intelligence Engineer - AI Platform,ai_ml,golang,Golang,core,medium,intermediate,7,rest_api
associate_data_quality_officer,Associate Data Quality Officer,data_science,sql,SQL,fundamental,high,basic,1,
associate_data_quality_officer,Associate Data Quality Officer,data_science,typescript,TypeScript,core,high,intermediate,2,sql
associate_devops_engineer___ra,Associate Devops Engineer - RA,devops,python,Python,fundamental,high,basic,1,
associate_devops_engineer___ra,Associate Devops Engineer - RA,devops,agile_scrum,Agile/Scrum,fundamental,high,basic,2,python
associate_devops_engineer___ra,Associate Devops Engineer - RA,devops,typescript,TypeScript,core,high,intermediate,3,agile_scrum
associate_devops_engineer___ra,Associate Devops Engineer - RA,devops,azure,Azure,advanced,medium,advanced,4,typescript
associate_devops_engineer___ra,Associate Devops Engineer - RA,devops,kubernetes,Kubernetes,advanced,medium,advanced,5,azure
associate_devops_engineer___ra,Associate Devops Engineer - RA,devops,docker,Docker,advanced,medium,advanced,6,kubernetes
associate_devops_engineer___ra,Associate Devops Engineer - RA,devops,gcp,GCP,advanced,medium,advanced,7,docker
associate_devops_engineer___ra,Associate Devops Engineer - RA,devops,ci_cd,CI/CD,advanced,medium,advanced,8,gcp
associate_devops_engineer___ra,Associate Devops Engineer - RA,devops,linux,Linux,advanced,medium,advanced,9,ci_cd
associate_devops_engineer___ra,Associate Devops Engineer - RA,devops,aws,AWS,advanced,medium,advanced,10,linux
avaloq_developer___defect_resolution___application_support,Avaloq Developer – Defect Resolution / Application Support,web_development,sql,SQL,fundamental,high,basic,1,
avaloq_developer___defect_resolution___application_support,Avaloq Developer – Defect Resolution / Application Support,web_development,typescript,TypeScript,core,high,intermediate,2,sql
avaloq_developer___defect_resolution___application_support,Avaloq Developer – Defect Resolution / Application Support,web_development,golang,Golang,core,high,intermediate,3,typescript
back_end_developer,Back End Developer,web_development,java,Java,fundamental,high,basic,1,
back_end_developer,Back End Developer,web_development,sql,SQL,fundamental,high,basic,2,java
back_end_developer,Back End Developer,web_development,git,Git,fundamental,high,basic,3,sql
back_end_developer,Back End Developer,web_development,typescript,TypeScript,core,medium,intermediate,4,git
back_end_developer,Back End Developer,web_development,postgresql,PostgreSQL,core,medium,intermediate,5,typescript
back_end_developer,Back End Developer,web_development,rest_api,REST API,core,medium,intermediate,6,postgresql
back_end_developer,Back End Developer,web_development,mysql,MySQL,core,medium,intermediate,7,rest_api
back_end_developer,Back End Developer,web_development,spring_boot,Spring Boot,core,medium,intermediate,8,mysql
back_end_developer,Back End Developer,web_development,graphql,GraphQL,core,medium,intermediate,9,spring_boot
back_end_engineer,Back End Engineer,devops,agile_scrum,Agile/Scrum,fundamental,high,basic,1,
back_end_engineer,Back End Engineer,devops,sql,SQL,fundamental,high,basic,2,agile_scrum
back_end_engineer,Back End Engineer,devops,git,Git,fundamental,high,basic,3,sql
back_end_engineer,Back End Engineer,devops,typescript,TypeScript,core,medium,intermediate,4,git
back_end_engineer,Back End Engineer,devops,rest_api,REST API,core,medium,intermediate,5,typescript
back_end_engineer,Back End Engineer,devops,graphql,GraphQL,core,medium,intermediate,6,rest_api
back_end_engineer,Back End Engineer,devops,kubernetes,Kubernetes,advanced,medium,advanced,7,graphql
back_end_engineer,Back End Engineer,devops,microservices,Microservices,advanced,medium,advanced,8,kubernetes
back_end_engineer,Back End Engineer,devops,docker,Docker,advanced,medium,advanced,9,microservices
back_end_engineer,Back End Engineer,web_development,agile_scrum,Agile/Scrum,fundamental,high,basic,1,
back_end_engineer,Back End Engineer,web_development,sql,SQL,fundamental,high,basic,2,agile_scrum
back_end_engineer,Back End Engineer,web_development,git,Git,fundamental,high,basic,3,sql
back_end_engineer,Back End Engineer,web_development,typescript,TypeScript,core,medium,intermediate,4,git
back_end_engineer,Back End Engineer,web_development,rest_api,REST API,core,medium,intermediate,5,typescript
back_end_engineer,Back End Engineer,web_development,graphql,GraphQL,core,medium,intermediate,6,rest_api
back_end_engineer,Back End Engineer,web_development,kubernetes,Kubernetes,advanced,medium,advanced,7,graphql
back_end_engineer,Back End Engineer,web_development,microservices,Microservices,advanced,medium,advanced,8,kubernetes
back_end_engineer,Back End Engineer,web_development,docker,Docker,advanced,medium,advanced,9,microservices
back_end_engineer__node_js____outsource,Back End Engineer (Node JS) - Outsource,web_development,sql,SQL,fundamental,high,basic,1,
back_end_engineer__node_js____outsource,Back End Engineer (Node JS) - Outsource,web_development,git,Git,fundamental,high,basic,2,sql
back_end_engineer__node_js____outsource,Back End Engineer (Node JS) - Outsource,web_development,php,PHP,fundamental,high,basic,3,git
back_end_engineer__node_js____outsource,Back End Engineer (Node JS) - Outsource,web_development,typescript,TypeScript,core,medium,intermediate,4,php
back_end_engineer__node_js____outsource,Back End Engineer (Node JS) - Outsource,web_development,laravel,Laravel,core,medium,intermediate,5,typescript
back_end_engineer__node_js____outsource,Back End Engineer (Node JS) - Outsource,web_development,rest_api,REST API,core,medium,intermediate,6,laravel
back_end_engineer__node_js____outsource,Back End Engineer (Node JS) - Outsource,web_development,golang,Golang,core,medium,intermediate,7,rest_api
back_end_engineer__node_js____outsource,Back End Engineer (Node JS) - Outsource,web_development,azure,Azure,advanced,medium,advanced,8,golang
back_end_engineer__node_js____outsource,Back End Engineer (Node JS) - Outsource,web_development,kubernetes,Kubernetes,advanced,medium,advanced,9,azure
back_end_engineer__node_js____outsource,Back End Engineer (Node JS) - Outsource,web_development,microservices,Microservices,advanced,medium,advanced,10,kubernetes
back_end_engineer__node_js____outsource,Back End Engineer (Node JS) - Outsource,web_development,linux,Linux,advanced,medium,advanced,11,microservices
back_end_java_developer,Back End Java Developer,web_development,java,Java,fundamental,high,basic,1,
back_end_java_developer,Back End Java Developer,web_development,agile_scrum,Agile/Scrum,fundamental,high,basic,2,java
back_end_java_developer,Back End Java Developer,web_development,sql,SQL,fundamental,high,basic,3,agile_scrum
back_end_java_developer,Back End Java Developer,web_development,git,Git,fundamental,medium,basic,4,sql
back_end_java_developer,Back End Java Developer,web_development,typescript,TypeScript,core,medium,intermediate,5,git
back_end_java_developer,Back End Java Developer,web_development,postgresql,PostgreSQL,core,medium,intermediate,6,typescript
back_end_java_developer,Back End Java Developer,web_development,rest_api,REST API,core,medium,intermediate,7,postgresql
back_end_java_developer,Back End Java Developer,web_development,mysql,MySQL,core,medium,intermediate,8,rest_api
back_end_java_developer,Back End Java Developer,web_development,spring_boot,Spring Boot,core,medium,intermediate,9,mysql
back_end_java_developer,Back End Java Developer,web_development,azure,Azure,advanced,medium,advanced,10,spring_boot
back_end_java_developer,Back End Java Developer,web_development,kubernetes,Kubernetes,advanced,medium,advanced,11,azure
back_end_java_developer,Back End Java Developer,web_development,microservices,Microservices,advanced,medium,advanced,12,kubernetes
back_end_java_developer,Back End Java Developer,web_development,docker,Docker,advanced,medium,advanced,13,microservices
back_end_java_developer,Back End Java Developer,web_development,gcp,GCP,advanced,medium,advanced,14,docker
back_end_java_developer,Back End Java Developer,web_development,ci_cd,CI/CD,advanced,medium,advanced,15,gcp
back_end_java_developer,Back End Java Developer,web_development,aws,AWS,advanced,medium,advanced,16,ci_cd
backend__golang__developer,Backend (Golang) Developer,web_development,agile_scrum,Agile/Scrum,fundamental,high,basic,1,
backend__golang__developer,Backend (Golang) Developer,web_development,sql,SQL,fundamental,high,basic,2,agile_scrum
backend__golang__developer,Backend (Golang) Developer,web_development,git,Git,fundamental,high,basic,3,sql
backend__golang__developer,Backend (Golang) Developer,web_development,typescript,TypeScript,core,medium,intermediate,4,git
backend__golang__developer,Backend (Golang) Developer,web_development,golang,Golang,core,medium,intermediate,5,typescript
backend__golang__developer,Backend (Golang) Developer,web_development,docker,Docker,advanced,medium,advanced,6,golang
backend_developer,Backend Developer,web_development,javascript,JavaScript,fundamental,high,basic,1,
backend_developer,Backend Developer,web_development,sql,SQL,fundamental,high,basic,2,javascript
backend_developer,Backend Developer,web_development,java,Java,fundamental,high,basic,3,sql
backend_developer,Backend Developer,web_development,python,Python,fundamental,medium,basic,4,java
backend_developer,Backend Developer,web_development,agile_scrum,Agile/Scrum,fundamental,medium,basic,5,python
backend_developer,Backend Developer,web_development,php,PHP,fundamental,medium,basic,6,agile_scrum
backend_developer,Backend Developer,web_development,ruby,Ruby,fundamental,medium,basic,7,php
backend_developer,Backend Developer,web_development,git,Git,fundamental,medium,basic,8,ruby
backend_developer,Backend Developer,web_development,css,CSS,fundamental,medium,basic,9,git
backend_developer,Backend Developer,web_development,typescript,TypeScript,core,medium,intermediate,10,css
backend_developer,Backend Developer,web_development,ui_ux,UI/UX,core,medium,intermediate,11,typescript
backend_developer,Backend Developer,web_development,tailwind_css,Tailwind CSS,core,medium,intermediate,12,ui_ux
backend_developer,Backend Developer,web_development,angular,Angular,core,medium,intermediate,13,tailwind_css
backend_developer,Backend Developer,web_development,golang,Golang,core,medium,intermediate,14,angular
backend_developer,Backend Developer,web_development,mysql,MySQL,core,medium,intermediate,15,golang
backend_developer,Backend Developer,web_development,spring_boot,Spring Boot,core,medium,intermediate,16,mysql
backend_developer,Backend Developer,web_development,laravel,Laravel,core,medium,intermediate,17,spring_boot
backend_developer,Backend Developer,web_development,postgresql,PostgreSQL,core,medium,intermediate,18,laravel
backend_developer,Backend Developer,web_development,rest_api,REST API,core,medium,intermediate,19,postgresql
backend_developer,Backend Developer,web_development,react_js,React.js,core,medium,intermediate,20,rest_api
backend_developer,Backend Developer,web_development,mongodb,MongoDB,core,medium,intermediate,21,react_js
backend_developer,Backend Developer,web_development,docker,Docker,advanced,medium,advanced,22,mongodb
backend_developer,Backend Developer,web_development,aws,AWS,advanced,medium,advanced,23,docker
backend_developer,Backend Developer,web_development,azure,Azure,advanced,medium,advanced,24,aws
backend_developer,Backend Developer,web_development,kubernetes,Kubernetes,advanced,medium,advanced,25,azure
backend_developer,Backend Developer,web_development,microservices,Microservices,advanced,medium,advanced,26,kubernetes
backend_developer,Backend Developer,web_development,gcp,GCP,advanced,medium,advanced,27,microservices
backend_developer,Backend Developer,web_development,ci_cd,CI/CD,advanced,medium,advanced,28,gcp
backend_developer__golang_,Backend Developer (Golang),web_development,java,Java,fundamental,high,basic,1,
backend_developer__golang_,Backend Developer (Golang),web_development,sql,SQL,fundamental,high,basic,2,java
backend_developer__golang_,Backend Developer (Golang),web_development,git,Git,fundamental,high,basic,3,sql
backend_developer__golang_,Backend Developer (Golang),web_development,typescript,TypeScript,core,medium,intermediate,4,git
backend_developer__golang_,Backend Developer (Golang),web_development,rest_api,REST API,core,medium,intermediate,5,typescript
backend_developer__golang_,Backend Developer (Golang),web_development,golang,Golang,core,medium,intermediate,6,rest_api
backend_developer__golang_,Backend Developer (Golang),web_development,mysql,MySQL,core,medium,intermediate,7,golang
backend_developer__golang_,Backend Developer (Golang),web_development,spring_boot,Spring Boot,core,medium,intermediate,8,mysql
backend_developer__golang_,Backend Developer (Golang),web_development,azure,Azure,advanced,medium,advanced,9,spring_boot
backend_developer__golang_,Backend Developer (Golang),web_development,microservices,Microservices,advanced,medium,advanced,10,azure
backend_developer__golang_,Backend Developer (Golang),web_development,docker,Docker,advanced,medium,advanced,11,microservices
backend_developer__golang_,Backend Developer (Golang),web_development,aws,AWS,advanced,medium,advanced,12,docker
backend_engineer,Backend Engineer,web_development,java,Java,fundamental,high,basic,1,
backend_engineer,Backend Engineer,web_development,javascript,JavaScript,fundamental,high,basic,2,java
backend_engineer,Backend Engineer,web_development,python,Python,fundamental,high,basic,3,javascript
backend_engineer,Backend Engineer,web_development,agile_scrum,Agile/Scrum,fundamental,medium,basic,4,python
backend_engineer,Backend Engineer,web_development,typescript,TypeScript,core,medium,intermediate,5,agile_scrum
backend_engineer,Backend Engineer,web_development,node_js,Node.js,core,medium,intermediate,6,typescript
backend_engineer,Backend Engineer,web_development,postgresql,PostgreSQL,core,medium,intermediate,7,node_js
backend_engineer,Backend Engineer,web_development,rest_api,REST API,core,medium,intermediate,8,postgresql
backend_engineer,Backend Engineer,web_development,golang,Golang,core,medium,intermediate,9,rest_api
backend_engineer,Backend Engineer,web_development,mysql,MySQL,core,medium,intermediate,10,golang
backend_engineer___go,Backend Engineer - Go,devops,agile_scrum,Agile/Scrum,fundamental,high,basic,1,
backend_engineer___go,Backend Engineer - Go,devops,git,Git,fundamental,high,basic,2,agile_scrum
backend_engineer___go,Backend Engineer - Go,devops,rest_api,REST API,core,high,intermediate,3,git
backend_engineer___go,Backend Engineer - Go,devops,golang,Golang,core,medium,intermediate,4,rest_api
backend_engineer___go,Backend Engineer - Go,devops,microservices,Microservices,advanced,medium,advanced,5,golang
backend_engineer___go,Backend Engineer - Go,web_development,agile_scrum,Agile/Scrum,fundamental,high,basic,1,
backend_engineer___go,Backend Engineer - Go,web_development,git,Git,fundamental,high,basic,2,agile_scrum
backend_engineer___go,Backend Engineer - Go,web_development,rest_api,REST API,core,high,intermediate,3,git
backend_engineer___go,Backend Engineer - Go,web_development,golang,Golang,core,medium,intermediate,4,rest_api
backend_engineer___go,Backend Engineer - Go,web_development,microservices,Microservices,advanced,medium,advanced,5,golang
backend_programmer,Backend Programmer,web_development,html,HTML,fundamental,high,basic,1,
backend_programmer,Backend Programmer,web_development,javascript,JavaScript,fundamental,high,basic,2,html
backend_programmer,Backend Programmer,web_development,python,Python,fundamental,high,basic,3,javascript
backend_programmer,Backend Programmer,web_development,java,Java,fundamental,medium,basic,4,python
backend_programmer,Backend Programmer,web_development,php,PHP,fundamental,medium,basic,5,java
backend_programmer,Backend Programmer,web_development,git,Git,fundamental,medium,basic,6,php
backend_programmer,Backend Programmer,web_development,css,CSS,fundamental,medium,basic,7,git
backend_programmer,Backend Programmer,web_development,typescript,TypeScript,core,medium,intermediate,8,css
backend_programmer,Backend Programmer,web_development,node_js,Node.js,core,medium,intermediate,9,typescript
backend_programmer,Backend Programmer,web_development,postgresql,PostgreSQL,core,medium,intermediate,10,node_js
backend_programmer,Backend Programmer,web_development,rest_api,REST API,core,medium,intermediate,11,postgresql
backend_programmer,Backend Programmer,web_development,golang,Golang,core,medium,intermediate,12,rest_api
backend_programmer,Backend Programmer,web_development,mongodb,MongoDB,core,medium,intermediate,13,golang
backend_programmer,Backend Programmer,web_development,next_js,Next.js,core,medium,intermediate,14,mongodb
brand_marketing_analyst,Brand Marketing Analyst,data_science,excel,Excel,fundamental,high,basic,1,
brand_marketing_analyst,Brand Marketing Analyst,data_science,typescript,TypeScript,core,high,intermediate,2,excel
brand_marketing_analyst,Brand Marketing Analyst,data_science,golang,Golang,core,high,intermediate,3,typescript
business___system_analysis_consultant,Business & System Analysis consultant,data_science,excel,Excel,fundamental,high,basic,1,
business___system_analysis_consultant,Business & System Analysis consultant,data_science,typescript,TypeScript,core,high,intermediate,2,excel
business_analyst,Business Analyst,ai_ml,python,Python,fundamental,high,basic,1,
business_analyst,Business Analyst,ai_ml,problem_solving,Problem Solving,fundamental,high,basic,2,python
business_analyst,Business Analyst,ai_ml,sql,SQL,fundamental,high,basic,3,problem_solving
business_analyst,Business Analyst,ai_ml,r,R,fundamental,medium,basic,4,sql
business_analyst,Business Analyst,ai_ml,machine_learning,Machine Learning,core,medium,intermediate,5,r
business_analyst,Business Analyst,ai_ml,etl,ETL,advanced,medium,advanced,6,machine_learning
business_analyst,Business Analyst,data_science,agile_scrum,Agile/Scrum,fundamental,high,basic,1,
business_analyst,Business Analyst,data_science,excel,Excel,fundamental,high,basic,2,agile_scrum
business_analyst,Business Analyst,data_science,sql,SQL,fundamental,high,basic,3,excel
business_analyst,Business Analyst,data_science,typescript,TypeScript,core,medium,intermediate,4,sql
business_analyst,Business Analyst,data_science,tableau,Tableau,core,medium,intermediate,5,typescript
business_analyst,Business Analyst,data_science,power_bi,Power BI,core,medium,intermediate,6,tableau
business_analyst,Business Analyst,ui_ux,sql,SQL,fundamental,high,basic,1,
business_analyst,Business Analyst,ui_ux,excel,Excel,fundamental,high,basic,2,sql
business_analyst,Business Analyst,ui_ux,typescript,TypeScript,core,high,intermediate,3,excel
business_analyst,Business Analyst,ui_ux,ui_ux,UI/UX,core,medium,intermediate,4,typescript
business_analyst__6_months_contract_,Business Analyst (6 Months Contract),data_science,sql,SQL,fundamental,high,basic,1,
business_analyst__6_months_contract_,Business Analyst (6 Months Contract),data_science,excel,Excel,fundamental,high,basic,2,sql
business_analyst__6_months_contract_,Business Analyst (6 Months Contract),data_science,tableau,Tableau,core,high,intermediate,3,excel
business_analyst__6_months_contract_,Business Analyst (6 Months Contract),data_science,typescript,TypeScript,core,medium,intermediate,4,tableau
business_analyst__mandarin_speaker_,Business Analyst (Mandarin Speaker),data_science,excel,Excel,fundamental,high,basic,1,
business_analyst__mandarin_speaker_,Business Analyst (Mandarin Speaker),data_science,typescript,TypeScript,core,high,intermediate,2,excel
business_analyst___distribution_management_system,Business Analyst - Distribution Management System,data_science,excel,Excel,fundamental,high,basic,1,
business_analyst___distribution_management_system,Business Analyst - Distribution Management System,data_science,typescript,TypeScript,core,high,intermediate,2,excel
business_analyst_intern,Business Analyst Intern,data_science,python,Python,fundamental,high,basic,1,
business_analyst_intern,Business Analyst Intern,data_science,excel,Excel,fundamental,high,basic,2,python
business_analyst_intern,Business Analyst Intern,data_science,sql,SQL,fundamental,high,basic,3,excel
business_analyst_intern,Business Analyst Intern,data_science,typescript,TypeScript,core,medium,intermediate,4,sql
business_analyst_intern,Business Analyst Intern,data_science,tableau,Tableau,core,medium,intermediate,5,typescript
business_analyst_intern,Business Analyst Intern,data_science,power_bi,Power BI,core,medium,intermediate,6,tableau
business_analyst_staff,Business Analyst Staff,data_science,excel,Excel,fundamental,high,basic,1,
business_analyst_staff,Business Analyst Staff,data_science,typescript,TypeScript,core,high,intermediate,2,excel
business_development___acquisition_analyst,Business Development & Acquisition Analyst,data_science,problem_solving,Problem Solving,fundamental,high,basic,1,
business_development___acquisition_analyst,Business Development & Acquisition Analyst,data_science,excel,Excel,fundamental,high,basic,2,problem_solving
business_development_it_security,Business Development IT Security,cyber_security,typescript,TypeScript,core,high,intermediate,1,
business_development_it_security,Business Development IT Security,cyber_security,cybersecurity,Cybersecurity,advanced,high,advanced,2,typescript
business_improvement_officer,Business Improvement Officer,data_science,excel,Excel,fundamental,high,basic,1,
business_improvement_officer,Business Improvement Officer,data_science,typescript,TypeScript,core,high,intermediate,2,excel
business_intelligence_engineer,Business Intelligence Engineer,data_science,agile_scrum,Agile/Scrum,fundamental,high,basic,1,
business_intelligence_engineer,Business Intelligence Engineer,data_science,sql,SQL,fundamental,high,basic,2,agile_scrum
business_intelligence_engineer,Business Intelligence Engineer,data_science,typescript,TypeScript,core,high,intermediate,3,sql
business_intelligence_engineer,Business Intelligence Engineer,data_science,tableau,Tableau,core,medium,intermediate,4,typescript
business_intelligence_engineer,Business Intelligence Engineer,data_science,power_bi,Power BI,core,medium,intermediate,5,tableau
business_intelligence_engineer,Business Intelligence Engineer,data_science,data_modeling,Data Modeling,advanced,medium,advanced,6,power_bi
business_performance_analyst__manager_,Business Performance Analyst (Manager),data_science,excel,Excel,fundamental,high,basic,1,
business_performance_analyst__manager_,Business Performance Analyst (Manager),data_science,typescript,TypeScript,core,high,intermediate,2,excel
business_performance_analyst__manager_,Business Performance Analyst (Manager),data_science,power_bi,Power BI,core,high,intermediate,3,typescript
business_solution_partner,Business Solution Partner,data_science,wireframing,Wireframing,fundamental,high,basic,1,
business_solution_partner,Business Solution Partner,data_science,excel,Excel,fundamental,high,basic,2,wireframing
business_solution_partner,Business Solution Partner,data_science,agile_scrum,Agile/Scrum,fundamental,high,basic,3,excel
business_solution_partner,Business Solution Partner,data_science,prototyping,Prototyping,core,medium,intermediate,4,agile_scrum
business_solution_partner,Business Solution Partner,data_science,typescript,TypeScript,core,medium,intermediate,5,prototyping
business_solution_partner,Business Solution Partner,data_science,ui_ux,UI/UX,core,medium,intermediate,6,typescript
business_support_analyst,Business Support Analyst,data_science,excel,Excel,fundamental,high,basic,1,
business_support_analyst,Business Support Analyst,data_science,r,R,fundamental,high,basic,2,excel
c__developer,C# Developer,web_development,html,HTML,fundamental,high,basic,1,
c__developer,C# Developer,web_development,javascript,JavaScript,fundamental,high,basic,2,html
c__developer,C# Developer,web_development,agile_scrum,Agile/Scrum,fundamental,high,basic,3,javascript
c__developer,C# Developer,web_development,sql,SQL,fundamental,medium,basic,4,agile_scrum
c__developer,C# Developer,web_development,typescript,TypeScript,core,medium,intermediate,5,sql
c__developer,C# Developer,web_development,angular,Angular,core,medium,intermediate,6,typescript
c__developer,C# Developer,web_development,_net,.NET,core,medium,intermediate,7,angular
c__developer,C# Developer,web_development,node_js,Node.js,core,medium,intermediate,8,_net
c__developer,C# Developer,web_development,postgresql,PostgreSQL,core,medium,intermediate,9,node_js
c__developer,C# Developer,web_development,rest_api,REST API,core,medium,intermediate,10,postgresql
c__developer,C# Developer,web_development,next_js,Next.js,core,medium,intermediate,11,rest_api
c__developer,C# Developer,web_development,ci_cd,CI/CD,advanced,medium,advanced,12,next_js
c__developer,C# Developer,web_development,spark,Spark,advanced,medium,advanced,13,ci_cd
crm_and_supply_chain_data_scientist,CRM and Supply Chain Data Scientist,data_science,python,Python,fundamental,high,basic,1,
crm_and_supply_chain_data_scientist,CRM and Supply Chain Data Scientist,data_science,excel,Excel,fundamental,high,basic,2,python
crm_and_supply_chain_data_scientist,CRM and Supply Chain Data Scientist,data_science,sql,SQL,fundamental,high,basic,3,excel
crm_and_supply_chain_data_scientist,CRM and Supply Chain Data Scientist,data_science,r,R,fundamental,medium,basic,4,sql
crm_and_supply_chain_data_scientist,CRM and Supply Chain Data Scientist,data_science,rest_api,REST API,core,medium,intermediate,5,r
crm_and_supply_chain_data_scientist,CRM and Supply Chain Data Scientist,data_science,tableau,Tableau,core,medium,intermediate,6,rest_api
crm_and_supply_chain_data_scientist,CRM and Supply Chain Data Scientist,data_science,power_bi,Power BI,core,medium,intermediate,7,tableau
chief_engineer___data_center__cdcp_certified_,Chief Engineer - Data Center (CDCP Certified),devops,excel,Excel,fundamental,high,basic,1,
chief_engineer___data_center__cdcp_certified_,Chief Engineer - Data Center (CDCP Certified),devops,typescript,TypeScript,core,high,intermediate,2,excel
chief_technology_officer,Chief Technology Officer,ai_ml,excel,Excel,fundamental,high,basic,1,
chief_technology_officer,Chief Technology Officer,ai_ml,machine_learning,Machine Learning,core,high,intermediate,2,excel
chief_technology_officer,Chief Technology Officer,ai_ml,typescript,TypeScript,core,high,intermediate,3,machine_learning
chief_technology_officer,Chief Technology Officer,ai_ml,cybersecurity,Cybersecurity,advanced,medium,advanced,4,typescript
chief_technology_officer___chief_ai_officer__cto___caio_position_,Chief Technology Officer & Chief AI Officer (CTO + CAIO position),ai_ml,excel,Excel,fundamental,high,basic,1,
chief_technology_officer___chief_ai_officer__cto___caio_position_,Chief Technology Officer & Chief AI Officer (CTO + CAIO position),ai_ml,agile_scrum,Agile/Scrum,fundamental,high,basic,2,excel
chief_technology_officer___chief_ai_officer__cto___caio_position_,Chief Technology Officer & Chief AI Officer (CTO + CAIO position),ai_ml,typescript,TypeScript,core,high,intermediate,3,agile_scrum
chief_technology_officer___chief_ai_officer__cto___caio_position_,Chief Technology Officer & Chief AI Officer (CTO + CAIO position),ai_ml,prototyping,Prototyping,core,medium,intermediate,4,typescript
chief_technology_officer___chief_ai_officer__cto___caio_position_,Chief Technology Officer & Chief AI Officer (CTO + CAIO position),ai_ml,machine_learning,Machine Learning,core,medium,intermediate,5,prototyping
chief_technology_officer___chief_ai_officer__cto___caio_position_,Chief Technology Officer & Chief AI Officer (CTO + CAIO position),ai_ml,azure,Azure,advanced,medium,advanced,6,machine_learning
chief_technology_officer___chief_ai_officer__cto___caio_position_,Chief Technology Officer & Chief AI Officer (CTO + CAIO position),ai_ml,microservices,Microservices,advanced,medium,advanced,7,azure
chief_technology_officer___chief_ai_officer__cto___caio_position_,Chief Technology Officer & Chief AI Officer (CTO + CAIO position),ai_ml,gcp,GCP,advanced,medium,advanced,8,microservices
chief_technology_officer___chief_ai_officer__cto___caio_position_,Chief Technology Officer & Chief AI Officer (CTO + CAIO position),ai_ml,aws,AWS,advanced,medium,advanced,9,gcp
chief_technology_officer___chief_ai_officer__cto___caio_position_,Chief Technology Officer & Chief AI Officer (CTO + CAIO position),ai_ml,deep_learning,Deep Learning,advanced,medium,advanced,10,aws
chief_technology_officer___chief_ai_officer__cto___caio_position_,Chief Technology Officer & Chief AI Officer (CTO + CAIO position),ai_ml,cybersecurity,Cybersecurity,advanced,medium,advanced,11,deep_learning
chief_technology_officer__cto_,Chief Technology Officer (CTO),cyber_security,agile_scrum,Agile/Scrum,fundamental,high,basic,1,
chief_technology_officer__cto_,Chief Technology Officer (CTO),cyber_security,excel,Excel,fundamental,high,basic,2,agile_scrum
chief_technology_officer__cto_,Chief Technology Officer (CTO),cyber_security,typescript,TypeScript,core,high,intermediate,3,excel
chief_technology_officer__cto_,Chief Technology Officer (CTO),cyber_security,golang,Golang,core,medium,intermediate,4,typescript
chief_technology_officer__cto_,Chief Technology Officer (CTO),cyber_security,machine_learning,Machine Learning,core,medium,intermediate,5,golang
chief_technology_officer__cto_,Chief Technology Officer (CTO),cyber_security,azure,Azure,advanced,medium,advanced,6,machine_learning
chief_technology_officer__cto_,Chief Technology Officer (CTO),cyber_security,gcp,GCP,advanced,medium,advanced,7,azure
chief_technology_officer__cto_,Chief Technology Officer (CTO),cyber_security,aws,AWS,advanced,medium,advanced,8,gcp
chief_technology_officer__cto_,Chief Technology Officer (CTO),cyber_security,cybersecurity,Cybersecurity,advanced,medium,advanced,9,aws
cloud___devops_engineer,Cloud & DevOps Engineer,devops,problem_solving,Problem Solving,fundamental,high,basic,1,
cloud___devops_engineer,Cloud & DevOps Engineer,devops,r,R,fundamental,high,basic,2,problem_solving
cloud___devops_engineer,Cloud & DevOps Engineer,devops,git,Git,fundamental,high,basic,3,r
cloud___devops_engineer,Cloud & DevOps Engineer,devops,typescript,TypeScript,core,medium,intermediate,4,git
cloud___devops_engineer,Cloud & DevOps Engineer,devops,azure,Azure,advanced,medium,advanced,5,typescript
cloud___devops_engineer,Cloud & DevOps Engineer,devops,kubernetes,Kubernetes,advanced,medium,advanced,6,azure
cloud___devops_engineer,Cloud & DevOps Engineer,devops,docker,Docker,advanced,medium,advanced,7,kubernetes
cloud___devops_engineer,Cloud & DevOps Engineer,devops,gcp,GCP,advanced,medium,advanced,8,docker
cloud___devops_engineer,Cloud & DevOps Engineer,devops,ci_cd,CI/CD,advanced,medium,advanced,9,gcp
cloud___devops_engineer,Cloud & DevOps Engineer,devops,linux,Linux,advanced,medium,advanced,10,ci_cd
cloud___devops_engineer,Cloud & DevOps Engineer,devops,aws,AWS,advanced,medium,advanced,11,linux
cloud_consultant__data_analytics__google_cloud__bahasa_,"Cloud Consultant, Data Analytics, Google Cloud (Bahasa)",ai_ml,java,Java,fundamental,high,basic,1,
cloud_consultant__data_analytics__google_cloud__bahasa_,"Cloud Consultant, Data Analytics, Google Cloud (Bahasa)",ai_ml,javascript,JavaScript,fundamental,high,basic,2,java
cloud_consultant__data_analytics__google_cloud__bahasa_,"Cloud Consultant, Data Analytics, Google Cloud (Bahasa)",ai_ml,python,Python,fundamental,high,basic,3,javascript
cloud_consultant__data_analytics__google_cloud__bahasa_,"Cloud Consultant, Data Analytics, Google Cloud (Bahasa)",ai_ml,excel,Excel,fundamental,medium,basic,4,python
cloud_consultant__data_analytics__google_cloud__bahasa_,"Cloud Consultant, Data Analytics, Google Cloud (Bahasa)",ai_ml,sql,SQL,fundamental,medium,basic,5,excel
cloud_consultant__data_analytics__google_cloud__bahasa_,"Cloud Consultant, Data Analytics, Google Cloud (Bahasa)",ai_ml,typescript,TypeScript,core,medium,intermediate,6,sql
cloud_consultant__data_analytics__google_cloud__bahasa_,"Cloud Consultant, Data Analytics, Google Cloud (Bahasa)",ai_ml,postgresql,PostgreSQL,core,medium,intermediate,7,typescript
cloud_consultant__data_analytics__google_cloud__bahasa_,"Cloud Consultant, Data Analytics, Google Cloud (Bahasa)",ai_ml,golang,Golang,core,medium,intermediate,8,postgresql
cloud_consultant__data_analytics__google_cloud__bahasa_,"Cloud Consultant, Data Analytics, Google Cloud (Bahasa)",ai_ml,mysql,MySQL,core,medium,intermediate,9,golang
cloud_consultant__data_analytics__google_cloud__bahasa_,"Cloud Consultant, Data Analytics, Google Cloud (Bahasa)",ai_ml,mongodb,MongoDB,core,medium,intermediate,10,mysql
cloud_consultant__data_analytics__google_cloud__bahasa_,"Cloud Consultant, Data Analytics, Google Cloud (Bahasa)",ai_ml,gcp,GCP,advanced,medium,advanced,11,mongodb
cloud_consultant__data_analytics__google_cloud__bahasa_,"Cloud Consultant, Data Analytics, Google Cloud (Bahasa)",ai_ml,hadoop,Hadoop,advanced,medium,advanced,12,gcp
cloud_consultant__data_analytics__google_cloud__bahasa_,"Cloud Consultant, Data Analytics, Google Cloud (Bahasa)",ai_ml,spark,Spark,advanced,medium,advanced,13,hadoop
cloud_consultant__data_analytics__google_cloud__bahasa_,"Cloud Consultant, Data Analytics, Google Cloud (Bahasa)",ai_ml,data_modeling,Data Modeling,advanced,medium,advanced,14,spark
cloud_consultant__data_analytics__google_cloud__bahasa_,"Cloud Consultant, Data Analytics, Google Cloud (Bahasa)",data_science,java,Java,fundamental,high,basic,1,
cloud_consultant__data_analytics__google_cloud__bahasa_,"Cloud Consultant, Data Analytics, Google Cloud (Bahasa)",data_science,javascript,JavaScript,fundamental,high,basic,2,java
cloud_consultant__data_analytics__google_cloud__bahasa_,"Cloud Consultant, Data Analytics, Google Cloud (Bahasa)",data_science,python,Python,fundamental,high,basic,3,javascript
cloud_consultant__data_analytics__google_cloud__bahasa_,"Cloud Consultant, Data Analytics, Google Cloud (Bahasa)",data_science,excel,Excel,fundamental,medium,basic,4,python
cloud_consultant__data_analytics__google_cloud__bahasa_,"Cloud Consultant, Data Analytics, Google Cloud (Bahasa)",data_science,sql,SQL,fundamental,medium,basic,5,excel
cloud_consultant__data_analytics__google_cloud__bahasa_,"Cloud Consultant, Data Analytics, Google Cloud (Bahasa)",data_science,typescript,TypeScript,core,medium,intermediate,6,sql
cloud_consultant__data_analytics__google_cloud__bahasa_,"Cloud Consultant, Data Analytics, Google Cloud (Bahasa)",data_science,postgresql,PostgreSQL,core,medium,intermediate,7,typescript
cloud_consultant__data_analytics__google_cloud__bahasa_,"Cloud Consultant, Data Analytics, Google Cloud (Bahasa)",data_science,golang,Golang,core,medium,intermediate,8,postgresql
cloud_consultant__data_analytics__google_cloud__bahasa_,"Cloud Consultant, Data Analytics, Google Cloud (Bahasa)",data_science,mysql,MySQL,core,medium,intermediate,9,golang
cloud_consultant__data_analytics__google_cloud__bahasa_,"Cloud Consultant, Data Analytics, Google Cloud (Bahasa)",data_science,mongodb,MongoDB,core,medium,intermediate,10,mysql
cloud_consultant__data_analytics__google_cloud__bahasa_,"Cloud Consultant, Data Analytics, Google Cloud (Bahasa)",data_science,gcp,GCP,advanced,medium,advanced,11,mongodb
cloud_consultant__data_analytics__google_cloud__bahasa_,"Cloud Consultant, Data Analytics, Google Cloud (Bahasa)",data_science,hadoop,Hadoop,advanced,medium,advanced,12,gcp
cloud_consultant__data_analytics__google_cloud__bahasa_,"Cloud Consultant, Data Analytics, Google Cloud (Bahasa)",data_science,spark,Spark,advanced,medium,advanced,13,hadoop
cloud_consultant__data_analytics__google_cloud__bahasa_,"Cloud Consultant, Data Analytics, Google Cloud (Bahasa)",data_science,data_modeling,Data Modeling,advanced,medium,advanced,14,spark
cloud_consultant__data_analytics__google_cloud__bahasa_,"Cloud Consultant, Data Analytics, Google Cloud (Bahasa)",devops,java,Java,fundamental,high,basic,1,
cloud_consultant__data_analytics__google_cloud__bahasa_,"Cloud Consultant, Data Analytics, Google Cloud (Bahasa)",devops,javascript,JavaScript,fundamental,high,basic,2,java
cloud_consultant__data_analytics__google_cloud__bahasa_,"Cloud Consultant, Data Analytics, Google Cloud (Bahasa)",devops,python,Python,fundamental,high,basic,3,javascript
cloud_consultant__data_analytics__google_cloud__bahasa_,"Cloud Consultant, Data Analytics, Google Cloud (Bahasa)",devops,excel,Excel,fundamental,medium,basic,4,python
cloud_consultant__data_analytics__google_cloud__bahasa_,"Cloud Consultant, Data Analytics, Google Cloud (Bahasa)",devops,sql,SQL,fundamental,medium,basic,5,excel
cloud_consultant__data_analytics__google_cloud__bahasa_,"Cloud Consultant, Data Analytics, Google Cloud (Bahasa)",devops,typescript,TypeScript,core,medium,intermediate,6,sql
cloud_consultant__data_analytics__google_cloud__bahasa_,"Cloud Consultant, Data Analytics, Google Cloud (Bahasa)",devops,postgresql,PostgreSQL,core,medium,intermediate,7,typescript
cloud_consultant__data_analytics__google_cloud__bahasa_,"Cloud Consultant, Data Analytics, Google Cloud (Bahasa)",devops,golang,Golang,core,medium,intermediate,8,postgresql
cloud_consultant__data_analytics__google_cloud__bahasa_,"Cloud Consultant, Data Analytics, Google Cloud (Bahasa)",devops,mysql,MySQL,core,medium,intermediate,9,golang
cloud_consultant__data_analytics__google_cloud__bahasa_,"Cloud Consultant, Data Analytics, Google Cloud (Bahasa)",devops,mongodb,MongoDB,core,medium,intermediate,10,mysql
cloud_consultant__data_analytics__google_cloud__bahasa_,"Cloud Consultant, Data Analytics, Google Cloud (Bahasa)",devops,gcp,GCP,advanced,medium,advanced,11,mongodb
cloud_consultant__data_analytics__google_cloud__bahasa_,"Cloud Consultant, Data Analytics, Google Cloud (Bahasa)",devops,hadoop,Hadoop,advanced,medium,advanced,12,gcp
cloud_consultant__data_analytics__google_cloud__bahasa_,"Cloud Consultant, Data Analytics, Google Cloud (Bahasa)",devops,spark,Spark,advanced,medium,advanced,13,hadoop
cloud_consultant__data_analytics__google_cloud__bahasa_,"Cloud Consultant, Data Analytics, Google Cloud (Bahasa)",devops,data_modeling,Data Modeling,advanced,medium,advanced,14,spark
cloud_engineer,Cloud Engineer,cyber_security,sql,SQL,fundamental,high,basic,1,
cloud_engineer,Cloud Engineer,cyber_security,git,Git,fundamental,high,basic,2,sql
cloud_engineer,Cloud Engineer,cyber_security,typescript,TypeScript,core,high,intermediate,3,git
cloud_engineer,Cloud Engineer,cyber_security,docker,Docker,advanced,medium,advanced,4,typescript
cloud_engineer,Cloud Engineer,cyber_security,gcp,GCP,advanced,medium,advanced,5,docker
cloud_engineer,Cloud Engineer,cyber_security,ci_cd,CI/CD,advanced,medium,advanced,6,gcp
cloud_engineer,Cloud Engineer,cyber_security,linux,Linux,advanced,medium,advanced,7,ci_cd
cloud_engineer,Cloud Engineer,devops,python,Python,fundamental,high,basic,1,
cloud_engineer,Cloud Engineer,devops,excel,Excel,fundamental,high,basic,2,python
cloud_engineer,Cloud Engineer,devops,sql,SQL,fundamental,high,basic,3,excel
cloud_engineer,Cloud Engineer,devops,git,Git,fundamental,medium,basic,4,sql
cloud_engineer,Cloud Engineer,devops,typescript,TypeScript,core,medium,intermediate,5,git
cloud_engineer,Cloud Engineer,devops,azure,Azure,advanced,medium,advanced,6,typescript
cloud_engineer,Cloud Engineer,devops,kubernetes,Kubernetes,advanced,medium,advanced,7,azure
cloud_engineer,Cloud Engineer,devops,docker,Docker,advanced,medium,advanced,8,kubernetes
cloud_engineer,Cloud Engineer,devops,gcp,GCP,advanced,medium,advanced,9,docker
cloud_engineer,Cloud Engineer,devops,ci_cd,CI/CD,advanced,medium,advanced,10,gcp
cloud_engineer,Cloud Engineer,devops,linux,Linux,advanced,medium,advanced,11,ci_cd
cloud_engineer___devops_engineer,Cloud Engineer / DevOps Engineer,cyber_security,azure,Azure,advanced,high,advanced,1,
cloud_engineer___devops_engineer,Cloud Engineer / DevOps Engineer,cyber_security,kubernetes,Kubernetes,advanced,high,advanced,2,azure
cloud_engineer___devops_engineer,Cloud Engineer / DevOps Engineer,cyber_security,docker,Docker,advanced,high,advanced,3,kubernetes
cloud_engineer___devops_engineer,Cloud Engineer / DevOps Engineer,cyber_security,gcp,GCP,advanced,medium,advanced,4,docker
cloud_engineer___devops_engineer,Cloud Engineer / DevOps Engineer,cyber_security,ci_cd,CI/CD,advanced,medium,advanced,5,gcp
cloud_engineer___devops_engineer,Cloud Engineer / DevOps Engineer,cyber_security,aws,AWS,advanced,medium,advanced,6,ci_cd
cloud_engineer___devops_engineer,Cloud Engineer / DevOps Engineer,devops,azure,Azure,advanced,high,advanced,1,
cloud_engineer___devops_engineer,Cloud Engineer / DevOps Engineer,devops,kubernetes,Kubernetes,advanced,high,advanced,2,azure
cloud_engineer___devops_engineer,Cloud Engineer / DevOps Engineer,devops,docker,Docker,advanced,high,advanced,3,kubernetes
cloud_engineer___devops_engineer,Cloud Engineer / DevOps Engineer,devops,gcp,GCP,advanced,medium,advanced,4,docker
cloud_engineer___devops_engineer,Cloud Engineer / DevOps Engineer,devops,ci_cd,CI/CD,advanced,medium,advanced,5,gcp
cloud_engineer___devops_engineer,Cloud Engineer / DevOps Engineer,devops,aws,AWS,advanced,medium,advanced,6,ci_cd
cloud_infrastructure__junior_,Cloud Infrastructure (Junior),devops,excel,Excel,fundamental,high,basic,1,
cloud_infrastructure__junior_,Cloud Infrastructure (Junior),devops,typescript,TypeScript,core,high,intermediate,2,excel
cloud_infrastructure__junior_,Cloud Infrastructure (Junior),devops,azure,Azure,advanced,high,advanced,3,typescript
cloud_infrastructure__junior_,Cloud Infrastructure (Junior),devops,kubernetes,Kubernetes,advanced,medium,advanced,4,azure
cloud_infrastructure__junior_,Cloud Infrastructure (Junior),devops,docker,Docker,advanced,medium,advanced,5,kubernetes
cloud_infrastructure__junior_,Cloud Infrastructure (Junior),devops,gcp,GCP,advanced,medium,advanced,6,docker
cloud_infrastructure__junior_,Cloud Infrastructure (Junior),devops,ci_cd,CI/CD,advanced,medium,advanced,7,gcp
cloud_infrastructure__junior_,Cloud Infrastructure (Junior),devops,aws,AWS,advanced,medium,advanced,8,ci_cd
cloud_infrastructure_engineer,Cloud Infrastructure Engineer,cyber_security,python,Python,fundamental,high,basic,1,
cloud_infrastructure_engineer,Cloud Infrastructure Engineer,cyber_security,rest_api,REST API,core,high,intermediate,2,python
cloud_infrastructure_engineer,Cloud Infrastructure Engineer,cyber_security,azure,Azure,advanced,high,advanced,3,rest_api
cloud_infrastructure_engineer,Cloud Infrastructure Engineer,cyber_security,gcp,GCP,advanced,medium,advanced,4,azure
cloud_infrastructure_engineer,Cloud Infrastructure Engineer,cyber_security,ci_cd,CI/CD,advanced,medium,advanced,5,gcp
cloud_infrastructure_engineer,Cloud Infrastructure Engineer,cyber_security,aws,AWS,advanced,medium,advanced,6,ci_cd
cloud_infrastructure_engineer,Cloud Infrastructure Engineer,devops,python,Python,fundamental,high,basic,1,
cloud_infrastructure_engineer,Cloud Infrastructure Engineer,devops,rest_api,REST API,core,high,intermediate,2,python
cloud_infrastructure_engineer,Cloud Infrastructure Engineer,devops,azure,Azure,advanced,high,advanced,3,rest_api
cloud_infrastructure_engineer,Cloud Infrastructure Engineer,devops,gcp,GCP,advanced,medium,advanced,4,azure
cloud_infrastructure_engineer,Cloud Infrastructure Engineer,devops,ci_cd,CI/CD,advanced,medium,advanced,5,gcp
cloud_infrastructure_engineer,Cloud Infrastructure Engineer,devops,aws,AWS,advanced,medium,advanced,6,ci_cd
cloud_infrastructure_engineer__azure_aws_,Cloud Infrastructure Engineer (Azure/AWS),devops,java,Java,fundamental,high,basic,1,
cloud_infrastructure_engineer__azure_aws_,Cloud Infrastructure Engineer (Azure/AWS),devops,typescript,TypeScript,core,high,intermediate,2,java
cloud_infrastructure_engineer__azure_aws_,Cloud Infrastructure Engineer (Azure/AWS),devops,azure,Azure,advanced,high,advanced,3,typescript
cloud_infrastructure_engineer__azure_aws_,Cloud Infrastructure Engineer (Azure/AWS),devops,aws,AWS,advanced,medium,advanced,4,azure
cloud_security__middle_level_,Cloud Security (Middle Level),cyber_security,excel,Excel,fundamental,high,basic,1,
cloud_security__middle_level_,Cloud Security (Middle Level),cyber_security,typescript,TypeScript,core,high,intermediate,2,excel
cloud_security__middle_level_,Cloud Security (Middle Level),cyber_security,azure,Azure,advanced,high,advanced,3,typescript
cloud_security__middle_level_,Cloud Security (Middle Level),cyber_security,gcp,GCP,advanced,medium,advanced,4,azure
cloud_security__middle_level_,Cloud Security (Middle Level),cyber_security,aws,AWS,advanced,medium,advanced,5,gcp
cloud_security__middle_level_,Cloud Security (Middle Level),devops,excel,Excel,fundamental,high,basic,1,
cloud_security__middle_level_,Cloud Security (Middle Level),devops,typescript,TypeScript,core,high,intermediate,2,excel
cloud_security__middle_level_,Cloud Security (Middle Level),devops,azure,Azure,advanced,high,advanced,3,typescript
cloud_security__middle_level_,Cloud Security (Middle Level),devops,gcp,GCP,advanced,medium,advanced,4,azure
cloud_security__middle_level_,Cloud Security (Middle Level),devops,aws,AWS,advanced,medium,advanced,5,gcp
cloud_solution_architect___cloud___ai_infrastructure,Cloud Solution Architect - Cloud & AI Infrastructure,devops,excel,Excel,fundamental,high,basic,1,
cloud_solution_architect___cloud___ai_infrastructure,Cloud Solution Architect - Cloud & AI Infrastructure,devops,sql,SQL,fundamental,high,basic,2,excel
cloud_solution_architect___cloud___ai_infrastructure,Cloud Solution Architect - Cloud & AI Infrastructure,devops,typescript,TypeScript,core,high,intermediate,3,sql
cloud_solution_architect___cloud___ai_infrastructure,Cloud Solution Architect - Cloud & AI Infrastructure,devops,postgresql,PostgreSQL,core,medium,intermediate,4,typescript
cloud_solution_architect___cloud___ai_infrastructure,Cloud Solution Architect - Cloud & AI Infrastructure,devops,golang,Golang,core,medium,intermediate,5,postgresql
cloud_solution_architect___cloud___ai_infrastructure,Cloud Solution Architect - Cloud & AI Infrastructure,devops,next_js,Next.js,core,medium,intermediate,6,golang
cloud_solution_architect___cloud___ai_infrastructure,Cloud Solution Architect - Cloud & AI Infrastructure,devops,azure,Azure,advanced,medium,advanced,7,next_js
cloud_solution_architect___cloud___ai_infrastructure,Cloud Solution Architect - Cloud & AI Infrastructure,devops,aws,AWS,advanced,medium,advanced,8,azure
cloud_solution_architect___cloud___ai_infrastructure,Cloud Solution Architect - Cloud & AI Infrastructure,devops,linux,Linux,advanced,medium,advanced,9,aws
commercial_excellent_and_data_management_specialist_contractual_based,Commercial Excellent and Data Management Specialist-Contractual Based,data_science,sql,SQL,fundamental,high,basic,1,
commercial_excellent_and_data_management_specialist_contractual_based,Commercial Excellent and Data Management Specialist-Contractual Based,data_science,excel,Excel,fundamental,high,basic,2,sql
commercial_excellent_and_data_management_specialist_contractual_based,Commercial Excellent and Data Management Specialist-Contractual Based,data_science,typescript,TypeScript,core,high,intermediate,3,excel
communication_designer__brand__ux_ui___visual_s___,"Communication Designer (Brand, UX/UI & Visual S...",ui_ux,excel,Excel,fundamental,high,basic,1,
communication_designer__brand__ux_ui___visual_s___,"Communication Designer (Brand, UX/UI & Visual S...",ui_ux,prototyping,Prototyping,core,high,intermediate,2,excel
communication_designer__brand__ux_ui___visual_s___,"Communication Designer (Brand, UX/UI & Visual S...",ui_ux,typescript,TypeScript,core,high,intermediate,3,prototyping
communication_designer__brand__ux_ui___visual_s___,"Communication Designer (Brand, UX/UI & Visual S...",ui_ux,ui_ux,UI/UX,core,medium,intermediate,4,typescript
communication_designer__brand__ux_ui___visual_s___,"Communication Designer (Brand, UX/UI & Visual S...",ui_ux,figma,Figma,core,medium,intermediate,5,ui_ux
compliance___aml_specialist,Compliance & AML Specialist,cyber_security,excel,Excel,fundamental,high,basic,1,
compliance___aml_specialist,Compliance & AML Specialist,cyber_security,machine_learning,Machine Learning,core,high,intermediate,2,excel
compliance___aml_specialist,Compliance & AML Specialist,cyber_security,typescript,TypeScript,core,high,intermediate,3,machine_learning
corporate_hris_programmer,Corporate HRIS Programmer,web_development,javascript,JavaScript,fundamental,high,basic,1,
corporate_hris_programmer,Corporate HRIS Programmer,web_development,python,Python,fundamental,high,basic,2,javascript
corporate_hris_programmer,Corporate HRIS Programmer,web_development,excel,Excel,fundamental,high,basic,3,python
corporate_hris_programmer,Corporate HRIS Programmer,web_development,sql,SQL,fundamental,medium,basic,4,excel
corporate_hris_programmer,Corporate HRIS Programmer,web_development,php,PHP,fundamental,medium,basic,5,sql
corporate_hris_programmer,Corporate HRIS Programmer,web_development,typescript,TypeScript,core,medium,intermediate,6,php
corporate_hris_programmer,Corporate HRIS Programmer,web_development,vue_js,Vue.js,core,medium,intermediate,7,typescript
corporate_hris_programmer,Corporate HRIS Programmer,web_development,node_js,Node.js,core,medium,intermediate,8,vue_js
corporate_hris_programmer,Corporate HRIS Programmer,web_development,rest_api,REST API,core,medium,intermediate,9,node_js
corporate_hris_programmer,Corporate HRIS Programmer,web_development,react_js,React.js,core,medium,intermediate,10,rest_api
corporate_hris_programmer,Corporate HRIS Programmer,web_development,mysql,MySQL,core,medium,intermediate,11,react_js
corporate_planning_staff,Corporate Planning Staff,data_science,excel,Excel,fundamental,high,basic,1,
corporate_planning_staff,Corporate Planning Staff,data_science,typescript,TypeScript,core,high,intermediate,2,excel
corporate_planning_supervisor,Corporate Planning Supervisor,data_science,excel,Excel,fundamental,high,basic,1,
corporate_planning_supervisor,Corporate Planning Supervisor,data_science,typescript,TypeScript,core,high,intermediate,2,excel
creative_designer,Creative Designer,ui_ux,javascript,JavaScript,fundamental,high,basic,1,
creative_designer,Creative Designer,ui_ux,typescript,TypeScript,core,high,intermediate,2,javascript
creative_designer,Creative Designer,ui_ux,figma,Figma,core,high,intermediate,3,typescript
creative_manager,Creative Manager,ui_ux,excel,Excel,fundamental,high,basic,1,
creative_manager,Creative Manager,ui_ux,typescript,TypeScript,core,high,intermediate,2,excel
creative_manager,Creative Manager,ui_ux,next_js,Next.js,core,high,intermediate,3,typescript
credit_scoring_officer,Credit Scoring Officer,ai_ml,python,Python,fundamental,high,basic,1,
credit_scoring_officer,Credit Scoring Officer,ai_ml,sql,SQL,fundamental,high,basic,2,python
credit_scoring_officer,Credit Scoring Officer,ai_ml,r,R,fundamental,high,basic,3,sql
credit_scoring_officer,Credit Scoring Officer,ai_ml,css,CSS,fundamental,medium,basic,4,r
credit_scoring_officer,Credit Scoring Officer,ai_ml,machine_learning,Machine Learning,core,medium,intermediate,5,css
credit_scoring_officer,Credit Scoring Officer,data_science,python,Python,fundamental,high,basic,1,
credit_scoring_officer,Credit Scoring Officer,data_science,sql,SQL,fundamental,high,basic,2,python
credit_scoring_officer,Credit Scoring Officer,data_science,r,R,fundamental,high,basic,3,sql
credit_scoring_officer,Credit Scoring Officer,data_science,css,CSS,fundamental,medium,basic,4,r
credit_scoring_officer,Credit Scoring Officer,data_science,machine_learning,Machine Learning,core,medium,intermediate,5,css
critical_environment_technician,Critical Environment Technician,devops,typescript,TypeScript,core,high,intermediate,1,
critical_environment_technician,Critical Environment Technician,devops,azure,Azure,advanced,high,advanced,2,typescript
cyber_business_information_security_officer___business_aligned,Cyber Business Information Security Officer | Business-Aligned,cyber_security,excel,Excel,fundamental,high,basic,1,
cyber_business_information_security_officer___business_aligned,Cyber Business Information Security Officer | Business-Aligned,cyber_security,typescript,TypeScript,core,high,intermediate,2,excel
cyber_business_information_security_officer___business_aligned,Cyber Business Information Security Officer | Business-Aligned,cyber_security,cybersecurity,Cybersecurity,advanced,high,advanced,3,typescript
cyber_security_assistant_manager,Cyber Security Assistant Manager,cyber_security,problem_solving,Problem Solving,fundamental,high,basic,1,
cyber_security_assistant_manager,Cyber Security Assistant Manager,cyber_security,penetration_testing,Penetration Testing,advanced,high,advanced,2,problem_solving
cyber_security_assistant_manager,Cyber Security Assistant Manager,cyber_security,cybersecurity,Cybersecurity,advanced,high,advanced,3,penetration_testing
cyber_security_assistant_manager,Cyber Security Assistant Manager,cyber_security,linux,Linux,advanced,medium,advanced,4,cybersecurity
cyber_security_consultant,Cyber Security Consultant,cyber_security,typescript,TypeScript,core,high,intermediate,1,
cyber_security_consultant,Cyber Security Consultant,cyber_security,penetration_testing,Penetration Testing,advanced,high,advanced,2,typescript
cyber_security_consultant,Cyber Security Consultant,cyber_security,cybersecurity,Cybersecurity,advanced,high,advanced,3,penetration_testing
cyber_security_consultant,Cyber Security Consultant,cyber_security,linux,Linux,advanced,medium,advanced,4,cybersecurity
cyber_security_engineer___governance__specialist_,Cyber Security Engineer & Governance (Specialist),cyber_security,typescript,TypeScript,core,high,intermediate,1,
cyber_security_engineer___governance__specialist_,Cyber Security Engineer & Governance (Specialist),cyber_security,penetration_testing,Penetration Testing,advanced,high,advanced,2,typescript
cyber_security_engineer___governance__specialist_,Cyber Security Engineer & Governance (Specialist),cyber_security,cybersecurity,Cybersecurity,advanced,high,advanced,3,penetration_testing
cyber_security_engineer___governance__specialist_,Cyber Security Engineer & Governance (Specialist),devops,typescript,TypeScript,core,high,intermediate,1,
cyber_security_engineer___governance__specialist_,Cyber Security Engineer & Governance (Specialist),devops,penetration_testing,Penetration Testing,advanced,high,advanced,2,typescript
cyber_security_engineer___governance__specialist_,Cyber Security Engineer & Governance (Specialist),devops,cybersecurity,Cybersecurity,advanced,high,advanced,3,penetration_testing
cyber_security_officer,Cyber Security Officer,cyber_security,problem_solving,Problem Solving,fundamental,high,basic,1,
cyber_security_officer,Cyber Security Officer,cyber_security,cybersecurity,Cybersecurity,advanced,high,advanced,2,problem_solving
cyber_security_officer,Cyber Security Officer,cyber_security,linux,Linux,advanced,high,advanced,3,cybersecurity
cyber_security_operation_advance___layer_3,Cyber Security Operation Advance - Layer 3,cyber_security,typescript,TypeScript,core,high,intermediate,1,
cyber_security_operation_advance___layer_3,Cyber Security Operation Advance - Layer 3,cyber_security,penetration_testing,Penetration Testing,advanced,high,advanced,2,typescript
cyber_security_operation_advance___layer_3,Cyber Security Operation Advance - Layer 3,cyber_security,cybersecurity,Cybersecurity,advanced,high,advanced,3,penetration_testing
cybersecurity__microsoft_,Cybersecurity (Microsoft),cyber_security,excel,Excel,fundamental,high,basic,1,
cybersecurity__microsoft_,Cybersecurity (Microsoft),cyber_security,typescript,TypeScript,core,high,intermediate,2,excel
cybersecurity__microsoft_,Cybersecurity (Microsoft),cyber_security,azure,Azure,advanced,high,advanced,3,typescript
cybersecurity__microsoft_,Cybersecurity (Microsoft),cyber_security,cybersecurity,Cybersecurity,advanced,medium,advanced,4,azure
data_analis,DATA ANALIS,ai_ml,sql,SQL,fundamental,high,basic,1,
data_analis,DATA ANALIS,ai_ml,excel,Excel,fundamental,high,basic,2,sql
data_analis,DATA ANALIS,ai_ml,tableau,Tableau,core,high,intermediate,3,excel
data_analis,DATA ANALIS,ai_ml,power_bi,Power BI,core,medium,intermediate,4,tableau
data_analyst,DATA ANALYST,ai_ml,java,Java,fundamental,high,basic,1,
data_analyst,DATA ANALYST,ai_ml,python,Python,fundamental,high,basic,2,java
data_analyst,DATA ANALYST,ai_ml,excel,Excel,fundamental,high,basic,3,python
data_analyst,DATA ANALYST,ai_ml,problem_solving,Problem Solving,fundamental,medium,basic,4,excel
data_analyst,DATA ANALYST,ai_ml,sql,SQL,fundamental,medium,basic,5,problem_solving
data_analyst,DATA ANALYST,ai_ml,r,R,fundamental,medium,basic,6,sql
data_analyst,DATA ANALYST,ai_ml,typescript,TypeScript,core,medium,intermediate,7,r
data_analyst,DATA ANALYST,ai_ml,tableau,Tableau,core,medium,intermediate,8,typescript
data_analyst,DATA ANALYST,ai_ml,machine_learning,Machine Learning,core,medium,intermediate,9,tableau
data_analyst,DATA ANALYST,ai_ml,power_bi,Power BI,core,medium,intermediate,10,machine_learning
data_analyst,DATA ANALYST,data_science,java,Java,fundamental,high,basic,1,
data_analyst,DATA ANALYST,data_science,python,Python,fundamental,high,basic,2,java
data_analyst,DATA ANALYST,data_science,excel,Excel,fundamental,high,basic,3,python
data_analyst,DATA ANALYST,data_science,problem_solving,Problem Solving,fundamental,medium,basic,4,excel
data_analyst,DATA ANALYST,data_science,sql,SQL,fundamental,medium,basic,5,problem_solving
data_analyst,DATA ANALYST,data_science,r,R,fundamental,medium,basic,6,sql
data_analyst,DATA ANALYST,data_science,typescript,TypeScript,core,medium,intermediate,7,r
data_analyst,DATA ANALYST,data_science,tableau,Tableau,core,medium,intermediate,8,typescript
data_analyst,DATA ANALYST,data_science,machine_learning,Machine Learning,core,medium,intermediate,9,tableau
data_analyst,DATA ANALYST,data_science,power_bi,Power BI,core,medium,intermediate,10,machine_learning
data_analyst_officer,DATA ANALYST OFFICER,data_science,javascript,JavaScript,fundamental,high,basic,1,
data_analyst_officer,DATA ANALYST OFFICER,data_science,excel,Excel,fundamental,high,basic,2,javascript
data_analyst_officer,DATA ANALYST OFFICER,data_science,r,R,fundamental,high,basic,3,excel
data_analyst_officer,DATA ANALYST OFFICER,data_science,power_bi,Power BI,core,medium,intermediate,4,r
data_center_engineer,DATA CENTER ENGINEER,data_science,javascript,JavaScript,fundamental,high,basic,1,
data_center_engineer,DATA CENTER ENGINEER,data_science,problem_solving,Problem Solving,fundamental,high,basic,2,javascript
data_center_engineer,DATA CENTER ENGINEER,devops,javascript,JavaScript,fundamental,high,basic,1,
data_center_engineer,DATA CENTER ENGINEER,devops,problem_solving,Problem Solving,fundamental,high,basic,2,javascript
data_engineer_staff,DATA ENGINEER STAFF,ai_ml,python,Python,fundamental,high,basic,1,
data_engineer_staff,DATA ENGINEER STAFF,ai_ml,excel,Excel,fundamental,high,basic,2,python
data_engineer_staff,DATA ENGINEER STAFF,ai_ml,sql,SQL,fundamental,high,basic,3,excel
data_engineer_staff,DATA ENGINEER STAFF,ai_ml,postgresql,PostgreSQL,core,medium,intermediate,4,sql
data_engineer_staff,DATA ENGINEER STAFF,ai_ml,mysql,MySQL,core,medium,intermediate,5,postgresql
data_engineer_staff,DATA ENGINEER STAFF,ai_ml,power_bi,Power BI,core,medium,intermediate,6,mysql
data_engineer_staff,DATA ENGINEER STAFF,ai_ml,etl,ETL,advanced,medium,advanced,7,power_bi
data_engineer_staff,DATA ENGINEER STAFF,data_science,python,Python,fundamental,high,basic,1,
data_engineer_staff,DATA ENGINEER STAFF,data_science,excel,Excel,fundamental,high,basic,2,python
data_engineer_staff,DATA ENGINEER STAFF,data_science,sql,SQL,fundamental,high,basic,3,excel
data_engineer_staff,DATA ENGINEER STAFF,data_science,postgresql,PostgreSQL,core,medium,intermediate,4,sql
data_engineer_staff,DATA ENGINEER STAFF,data_science,mysql,MySQL,core,medium,intermediate,5,postgresql
data_engineer_staff,DATA ENGINEER STAFF,data_science,power_bi,Power BI,core,medium,intermediate,6,mysql
data_engineer_staff,DATA ENGINEER STAFF,data_science,etl,ETL,advanced,medium,advanced,7,power_bi
data_analyst,Data Analyst,ai_ml,python,Python,fundamental,high,basic,1,
data_analyst,Data Analyst,ai_ml,excel,Excel,fundamental,high,basic,2,python
data_analyst,Data Analyst,ai_ml,sql,SQL,fundamental,high,basic,3,excel
data_analyst,Data Analyst,ai_ml,r,R,fundamental,medium,basic,4,sql
data_analyst,Data Analyst,ai_ml,typescript,TypeScript,core,medium,intermediate,5,r
data_analyst,Data Analyst,ai_ml,machine_learning,Machine Learning,core,medium,intermediate,6,typescript
data_analyst,Data Analyst,ai_ml,power_bi,Power BI,core,medium,intermediate,7,machine_learning
data_analyst,Data Analyst,data_science,python,Python,fundamental,high,basic,1,
data_analyst,Data Analyst,data_science,excel,Excel,fundamental,high,basic,2,python
data_analyst,Data Analyst,data_science,problem_solving,Problem Solving,fundamental,high,basic,3,excel
data_analyst,Data Analyst,data_science,sql,SQL,fundamental,medium,basic,4,problem_solving
data_analyst,Data Analyst,data_science,r,R,fundamental,medium,basic,5,sql
data_analyst,Data Analyst,data_science,typescript,TypeScript,core,medium,intermediate,6,r
data_analyst,Data Analyst,data_science,postgresql,PostgreSQL,core,medium,intermediate,7,typescript
data_analyst,Data Analyst,data_science,rest_api,REST API,core,medium,intermediate,8,postgresql
data_analyst,Data Analyst,data_science,golang,Golang,core,medium,intermediate,9,rest_api
data_analyst,Data Analyst,data_science,mysql,MySQL,core,medium,intermediate,10,golang
data_analyst,Data Analyst,data_science,tableau,Tableau,core,medium,intermediate,11,mysql
data_analyst,Data Analyst,data_science,machine_learning,Machine Learning,core,medium,intermediate,12,tableau
data_analyst,Data Analyst,data_science,power_bi,Power BI,core,medium,intermediate,13,machine_learning
data_analyst,Data Analyst,data_science,etl,ETL,advanced,medium,advanced,14,power_bi
data_analyst,Data Analyst,data_science,gcp,GCP,advanced,medium,advanced,15,etl
data_analyst,Data Analyst,data_science,data_modeling,Data Modeling,advanced,medium,advanced,16,gcp
data_analyst,Data Analyst,data_science,bigquery,BigQuery,advanced,medium,advanced,17,data_modeling
data_analyst___head_level_,Data Analyst ( Head Level),data_science,python,Python,fundamental,high,basic,1,
data_analyst___head_level_,Data Analyst ( Head Level),data_science,excel,Excel,fundamental,high,basic,2,python
data_analyst___head_level_,Data Analyst ( Head Level),data_science,problem_solving,Problem Solving,fundamental,high,basic,3,excel
data_analyst___head_level_,Data Analyst ( Head Level),data_science,r,R,fundamental,medium,basic,4,problem_solving
data_analyst___head_level_,Data Analyst ( Head Level),data_science,typescript,TypeScript,core,medium,intermediate,5,r
data_analyst___head_level_,Data Analyst ( Head Level),data_science,rest_api,REST API,core,medium,intermediate,6,typescript
data_analyst___mandarin_speaker_,Data Analyst ( Mandarin Speaker),data_science,problem_solving,Problem Solving,fundamental,high,basic,1,
data_analyst___mandarin_speaker_,Data Analyst ( Mandarin Speaker),data_science,excel,Excel,fundamental,high,basic,2,problem_solving
data_analyst___mandarin_speaker_,Data Analyst ( Mandarin Speaker),data_science,typescript,TypeScript,core,high,intermediate,3,excel
data_analyst__retail_groceries_,Data Analyst (Retail Groceries),data_science,python,Python,fundamental,high,basic,1,
data_analyst__retail_groceries_,Data Analyst (Retail Groceries),data_science,typescript,TypeScript,core,high,intermediate,2,python
data_analyst__retail_groceries_,Data Analyst (Retail Groceries),data_science,power_bi,Power BI,core,high,intermediate,3,typescript
data_analyst___cost_management_logistik,Data Analyst - Cost Management Logistik,data_science,problem_solving,Problem Solving,fundamental,high,basic,1,
data_analyst___cost_management_logistik,Data Analyst - Cost Management Logistik,data_science,excel,Excel,fundamental,high,basic,2,problem_solving
data_analyst___cost_management_logistik,Data Analyst - Cost Management Logistik,data_science,typescript,TypeScript,core,high,intermediate,3,excel
data_analyst___cost_management_logistik,Data Analyst - Cost Management Logistik,data_science,tableau,Tableau,core,medium,intermediate,4,typescript
data_analyst___cost_management_logistik,Data Analyst - Cost Management Logistik,data_science,power_bi,Power BI,core,medium,intermediate,5,tableau
data_analyst___medical_equipment___jakarta__b_129750_,Data Analyst - Medical Equipment - Jakarta (B-129750),data_science,python,Python,fundamental,high,basic,1,
data_analyst___medical_equipment___jakarta__b_129750_,Data Analyst - Medical Equipment - Jakarta (B-129750),data_science,excel,Excel,fundamental,high,basic,2,python
data_analyst___medical_equipment___jakarta__b_129750_,Data Analyst - Medical Equipment - Jakarta (B-129750),data_science,sql,SQL,fundamental,high,basic,3,excel
data_analyst___medical_equipment___jakarta__b_129750_,Data Analyst - Medical Equipment - Jakarta (B-129750),data_science,r,R,fundamental,medium,basic,4,sql
data_analyst___medical_equipment___jakarta__b_129750_,Data Analyst - Medical Equipment - Jakarta (B-129750),data_science,typescript,TypeScript,core,medium,intermediate,5,r
data_analyst___medical_equipment___jakarta__b_129750_,Data Analyst - Medical Equipment - Jakarta (B-129750),data_science,tableau,Tableau,core,medium,intermediate,6,typescript
data_analyst___medical_equipment___jakarta__b_129750_,Data Analyst - Medical Equipment - Jakarta (B-129750),data_science,power_bi,Power BI,core,medium,intermediate,7,tableau
data_analyst_intern,Data Analyst Intern,data_science,sql,SQL,fundamental,high,basic,1,
data_analyst_intern,Data Analyst Intern,data_science,python,Python,fundamental,high,basic,2,sql
data_analyst_intern,Data Analyst Intern,data_science,excel,Excel,fundamental,high,basic,3,python
data_analyst_intern,Data Analyst Intern,data_science,typescript,TypeScript,core,medium,intermediate,4,excel
data_analyst_specialist__marketing_,Data Analyst Specialist (Marketing),data_science,excel,Excel,fundamental,high,basic,1,
data_analyst_specialist__marketing_,Data Analyst Specialist (Marketing),data_science,typescript,TypeScript,core,high,intermediate,2,excel
data_analyst_specialist__marketing_,Data Analyst Specialist (Marketing),data_science,tableau,Tableau,core,high,intermediate,3,typescript
data_analyst_specialist__marketing_,Data Analyst Specialist (Marketing),data_science,power_bi,Power BI,core,medium,intermediate,4,tableau
data_analyst_specialist__marketing_,Data Analyst Specialist (Marketing),data_science,data_modeling,Data Modeling,advanced,medium,advanced,5,power_bi
data_analyst_staff,Data Analyst Staff,data_science,sql,SQL,fundamental,high,basic,1,
data_analyst_staff,Data Analyst Staff,data_science,excel,Excel,fundamental,high,basic,2,sql
data_analyst_staff__bali_jakarta_surabaya_,Data Analyst Staff (Bali Jakarta Surabaya),data_science,excel,Excel,fundamental,high,basic,1,
data_analyst_staff__bali_jakarta_surabaya_,Data Analyst Staff (Bali Jakarta Surabaya),data_science,typescript,TypeScript,core,high,intermediate,2,excel
data_analyst_supervisor,Data Analyst Supervisor,data_science,excel,Excel,fundamental,high,basic,1,
data_analyst_supervisor,Data Analyst Supervisor,data_science,sql,SQL,fundamental,high,basic,2,excel
data_analyst_supervisor,Data Analyst Supervisor,data_science,typescript,TypeScript,core,high,intermediate,3,sql
data_analyst_supervisor,Data Analyst Supervisor,data_science,golang,Golang,core,medium,intermediate,4,typescript
data_analyst_supervisor,Data Analyst Supervisor,data_science,tableau,Tableau,core,medium,intermediate,5,golang
data_analyst_supervisor,Data Analyst Supervisor,data_science,power_bi,Power BI,core,medium,intermediate,6,tableau
data_analyst___e_commerce__marketplace___business_operations,"Data Analyst – E-Commerce, Marketplace & Business Operations",data_science,python,Python,fundamental,high,basic,1,
data_analyst___e_commerce__marketplace___business_operations,"Data Analyst – E-Commerce, Marketplace & Business Operations",data_science,excel,Excel,fundamental,high,basic,2,python
data_analyst___e_commerce__marketplace___business_operations,"Data Analyst – E-Commerce, Marketplace & Business Operations",data_science,sql,SQL,fundamental,high,basic,3,excel
data_analyst___e_commerce__marketplace___business_operations,"Data Analyst – E-Commerce, Marketplace & Business Operations",data_science,typescript,TypeScript,core,medium,intermediate,4,sql
data_analyst___e_commerce__marketplace___business_operations,"Data Analyst – E-Commerce, Marketplace & Business Operations",data_science,postgresql,PostgreSQL,core,medium,intermediate,5,typescript
data_analyst___e_commerce__marketplace___business_operations,"Data Analyst – E-Commerce, Marketplace & Business Operations",data_science,rest_api,REST API,core,medium,intermediate,6,postgresql
data_analyst___e_commerce__marketplace___business_operations,"Data Analyst – E-Commerce, Marketplace & Business Operations",data_science,mysql,MySQL,core,medium,intermediate,7,rest_api
data_analyst___e_commerce__marketplace___business_operations,"Data Analyst – E-Commerce, Marketplace & Business Operations",data_science,tableau,Tableau,core,medium,intermediate,8,mysql
data_analyst___e_commerce__marketplace___business_operations,"Data Analyst – E-Commerce, Marketplace & Business Operations",data_science,power_bi,Power BI,core,medium,intermediate,9,tableau
data_analytics_manager,Data Analytics Manager,ai_ml,machine_learning,Machine Learning,core,high,intermediate,1,
data_analytics_manager,Data Analytics Manager,ai_ml,typescript,TypeScript,core,high,intermediate,2,machine_learning
data_engineer,Data Engineer,ai_ml,sql,SQL,fundamental,high,basic,1,
data_engineer,Data Engineer,ai_ml,html,HTML,fundamental,high,basic,2,sql
data_engineer,Data Engineer,ai_ml,r,R,fundamental,high,basic,3,html
data_engineer,Data Engineer,ai_ml,java,Java,fundamental,medium,basic,4,r
data_engineer,Data Engineer,ai_ml,python,Python,fundamental,medium,basic,5,java
data_engineer,Data Engineer,ai_ml,agile_scrum,Agile/Scrum,fundamental,medium,basic,6,python
data_engineer,Data Engineer,ai_ml,problem_solving,Problem Solving,fundamental,medium,basic,7,agile_scrum
data_engineer,Data Engineer,ai_ml,excel,Excel,fundamental,medium,basic,8,problem_solving
data_engineer,Data Engineer,ai_ml,typescript,TypeScript,core,medium,intermediate,9,excel
data_engineer,Data Engineer,ai_ml,machine_learning,Machine Learning,core,medium,intermediate,10,typescript
data_engineer,Data Engineer,ai_ml,mysql,MySQL,core,medium,intermediate,11,machine_learning
data_engineer,Data Engineer,ai_ml,postgresql,PostgreSQL,core,medium,intermediate,12,mysql
data_engineer,Data Engineer,ai_ml,rest_api,REST API,core,medium,intermediate,13,postgresql
data_engineer,Data Engineer,ai_ml,tableau,Tableau,core,medium,intermediate,14,rest_api
data_engineer,Data Engineer,ai_ml,mongodb,MongoDB,core,medium,intermediate,15,tableau
data_engineer,Data Engineer,ai_ml,power_bi,Power BI,core,medium,intermediate,16,mongodb
data_engineer,Data Engineer,ai_ml,snowflake,Snowflake,advanced,medium,advanced,17,power_bi
data_engineer,Data Engineer,ai_ml,docker,Docker,advanced,medium,advanced,18,snowflake
data_engineer,Data Engineer,ai_ml,aws,AWS,advanced,medium,advanced,19,docker
data_engineer,Data Engineer,ai_ml,bigquery,BigQuery,advanced,medium,advanced,20,aws
data_engineer,Data Engineer,ai_ml,azure,Azure,advanced,medium,advanced,21,bigquery
data_engineer,Data Engineer,ai_ml,etl,ETL,advanced,medium,advanced,22,azure
data_engineer,Data Engineer,ai_ml,linux,Linux,advanced,medium,advanced,23,etl
data_engineer,Data Engineer,ai_ml,data_modeling,Data Modeling,advanced,medium,advanced,24,linux
data_engineer,Data Engineer,ai_ml,kubernetes,Kubernetes,advanced,medium,advanced,25,data_modeling
data_engineer,Data Engineer,ai_ml,gcp,GCP,advanced,medium,advanced,26,kubernetes
data_engineer,Data Engineer,ai_ml,ci_cd,CI/CD,advanced,medium,advanced,27,gcp
data_engineer,Data Engineer,ai_ml,spark,Spark,advanced,medium,advanced,28,ci_cd
data_engineer,Data Engineer,data_science,sql,SQL,fundamental,high,basic,1,
data_engineer,Data Engineer,data_science,html,HTML,fundamental,high,basic,2,sql
data_engineer,Data Engineer,data_science,r,R,fundamental,high,basic,3,html
data_engineer,Data Engineer,data_science,java,Java,fundamental,medium,basic,4,r
data_engineer,Data Engineer,data_science,python,Python,fundamental,medium,basic,5,java
data_engineer,Data Engineer,data_science,agile_scrum,Agile/Scrum,fundamental,medium,basic,6,python
data_engineer,Data Engineer,data_science,excel,Excel,fundamental,medium,basic,7,agile_scrum
data_engineer,Data Engineer,data_science,typescript,TypeScript,core,medium,intermediate,8,excel
data_engineer,Data Engineer,data_science,machine_learning,Machine Learning,core,medium,intermediate,9,typescript
data_engineer,Data Engineer,data_science,mysql,MySQL,core,medium,intermediate,10,machine_learning
data_engineer,Data Engineer,data_science,postgresql,PostgreSQL,core,medium,intermediate,11,mysql
data_engineer,Data Engineer,data_science,rest_api,REST API,core,medium,intermediate,12,postgresql
data_engineer,Data Engineer,data_science,tableau,Tableau,core,medium,intermediate,13,rest_api
data_engineer,Data Engineer,data_science,mongodb,MongoDB,core,medium,intermediate,14,tableau
data_engineer,Data Engineer,data_science,power_bi,Power BI,core,medium,intermediate,15,mongodb
data_engineer,Data Engineer,data_science,snowflake,Snowflake,advanced,medium,advanced,16,power_bi
data_engineer,Data Engineer,data_science,docker,Docker,advanced,medium,advanced,17,snowflake
data_engineer,Data Engineer,data_science,aws,AWS,advanced,medium,advanced,18,docker
data_engineer,Data Engineer,data_science,bigquery,BigQuery,advanced,medium,advanced,19,aws
data_engineer,Data Engineer,data_science,azure,Azure,advanced,medium,advanced,20,bigquery
data_engineer,Data Engineer,data_science,etl,ETL,advanced,medium,advanced,21,azure
data_engineer,Data Engineer,data_science,linux,Linux,advanced,medium,advanced,22,etl
data_engineer,Data Engineer,data_science,data_modeling,Data Modeling,advanced,medium,advanced,23,linux
data_engineer,Data Engineer,data_science,kubernetes,Kubernetes,advanced,medium,advanced,24,data_modeling
data_engineer,Data Engineer,data_science,gcp,GCP,advanced,medium,advanced,25,kubernetes
data_engineer,Data Engineer,data_science,ci_cd,CI/CD,advanced,medium,advanced,26,gcp
data_engineer,Data Engineer,devops,java,Java,fundamental,high,basic,1,
data_engineer,Data Engineer,devops,python,Python,fundamental,high,basic,2,java
data_engineer,Data Engineer,devops,agile_scrum,Agile/Scrum,fundamental,high,basic,3,python
data_engineer,Data Engineer,devops,sql,SQL,fundamental,medium,basic,4,agile_scrum
data_engineer,Data Engineer,devops,typescript,TypeScript,core,medium,intermediate,5,sql
data_engineer,Data Engineer,devops,postgresql,PostgreSQL,core,medium,intermediate,6,typescript
data_engineer,Data Engineer,devops,tableau,Tableau,core,medium,intermediate,7,postgresql
data_engineer,Data Engineer,devops,machine_learning,Machine Learning,core,medium,intermediate,8,tableau
data_engineer,Data Engineer,devops,power_bi,Power BI,core,medium,intermediate,9,machine_learning
data_engineer,Data Engineer,devops,azure,Azure,advanced,medium,advanced,10,power_bi
data_engineer,Data Engineer,devops,etl,ETL,advanced,medium,advanced,11,azure
data_engineer,Data Engineer,devops,gcp,GCP,advanced,medium,advanced,12,etl
data_engineer,Data Engineer,devops,aws,AWS,advanced,medium,advanced,13,gcp
data_engineer,Data Engineer,devops,data_modeling,Data Modeling,advanced,medium,advanced,14,aws
data_engineer,Data Engineer,devops,bigquery,BigQuery,advanced,medium,advanced,15,data_modeling
data_engineer__contract_12_months_,Data Engineer (Contract 12 Months),ai_ml,python,Python,fundamental,high,basic,1,
data_engineer__contract_12_months_,Data Engineer (Contract 12 Months),ai_ml,sql,SQL,fundamental,high,basic,2,python
data_engineer__contract_12_months_,Data Engineer (Contract 12 Months),ai_ml,git,Git,fundamental,high,basic,3,sql
data_engineer__contract_12_months_,Data Engineer (Contract 12 Months),ai_ml,typescript,TypeScript,core,medium,intermediate,4,git
data_engineer__contract_12_months_,Data Engineer (Contract 12 Months),ai_ml,azure,Azure,advanced,medium,advanced,5,typescript
data_engineer__contract_12_months_,Data Engineer (Contract 12 Months),ai_ml,etl,ETL,advanced,medium,advanced,6,azure
data_engineer__contract_12_months_,Data Engineer (Contract 12 Months),ai_ml,gcp,GCP,advanced,medium,advanced,7,etl
data_engineer__contract_12_months_,Data Engineer (Contract 12 Months),ai_ml,ci_cd,CI/CD,advanced,medium,advanced,8,gcp
data_engineer__contract_12_months_,Data Engineer (Contract 12 Months),ai_ml,spark,Spark,advanced,medium,advanced,9,ci_cd
data_engineer__contract_12_months_,Data Engineer (Contract 12 Months),ai_ml,aws,AWS,advanced,medium,advanced,10,spark
data_engineer__contract_12_months_,Data Engineer (Contract 12 Months),data_science,python,Python,fundamental,high,basic,1,
data_engineer__contract_12_months_,Data Engineer (Contract 12 Months),data_science,sql,SQL,fundamental,high,basic,2,python
data_engineer__contract_12_months_,Data Engineer (Contract 12 Months),data_science,git,Git,fundamental,high,basic,3,sql
data_engineer__contract_12_months_,Data Engineer (Contract 12 Months),data_science,typescript,TypeScript,core,medium,intermediate,4,git
data_engineer__contract_12_months_,Data Engineer (Contract 12 Months),data_science,azure,Azure,advanced,medium,advanced,5,typescript
data_engineer__contract_12_months_,Data Engineer (Contract 12 Months),data_science,etl,ETL,advanced,medium,advanced,6,azure
data_engineer__contract_12_months_,Data Engineer (Contract 12 Months),data_science,gcp,GCP,advanced,medium,advanced,7,etl
data_engineer__contract_12_months_,Data Engineer (Contract 12 Months),data_science,ci_cd,CI/CD,advanced,medium,advanced,8,gcp
data_engineer__contract_12_months_,Data Engineer (Contract 12 Months),data_science,spark,Spark,advanced,medium,advanced,9,ci_cd
data_engineer__contract_12_months_,Data Engineer (Contract 12 Months),data_science,aws,AWS,advanced,medium,advanced,10,spark
data_engineer__contract_based_,Data Engineer (Contract Based),ai_ml,python,Python,fundamental,high,basic,1,
data_engineer__contract_based_,Data Engineer (Contract Based),ai_ml,java,Java,fundamental,high,basic,2,python
data_engineer__contract_based_,Data Engineer (Contract Based),ai_ml,sql,SQL,fundamental,high,basic,3,java
data_engineer__contract_based_,Data Engineer (Contract Based),ai_ml,typescript,TypeScript,core,medium,intermediate,4,sql
data_engineer__contract_based_,Data Engineer (Contract Based),ai_ml,azure,Azure,advanced,medium,advanced,5,typescript
data_engineer__contract_based_,Data Engineer (Contract Based),ai_ml,snowflake,Snowflake,advanced,medium,advanced,6,azure
data_engineer__contract_based_,Data Engineer (Contract Based),ai_ml,etl,ETL,advanced,medium,advanced,7,snowflake
data_engineer__contract_based_,Data Engineer (Contract Based),ai_ml,gcp,GCP,advanced,medium,advanced,8,etl
data_engineer__contract_based_,Data Engineer (Contract Based),ai_ml,aws,AWS,advanced,medium,advanced,9,gcp
data_engineer__databricks___azure_data_factory__insurance,Data Engineer (Databricks / Azure Data Factory)-Insurance,ai_ml,java,Java,fundamental,high,basic,1,
data_engineer__databricks___azure_data_factory__insurance,Data Engineer (Databricks / Azure Data Factory)-Insurance,ai_ml,spring_boot,Spring Boot,core,high,intermediate,2,java
data_engineer__databricks___azure_data_factory__insurance,Data Engineer (Databricks / Azure Data Factory)-Insurance,ai_ml,azure,Azure,advanced,high,advanced,3,spring_boot
data_engineer__databricks___azure_data_factory__insurance,Data Engineer (Databricks / Azure Data Factory)-Insurance,ai_ml,etl,ETL,advanced,medium,advanced,4,azure
data_engineer__etl_,Data Engineer (ETL),data_science,sql,SQL,fundamental,high,basic,1,
data_engineer__etl_,Data Engineer (ETL),data_science,typescript,TypeScript,core,high,intermediate,2,sql
data_engineer__etl_,Data Engineer (ETL),data_science,postgresql,PostgreSQL,core,high,intermediate,3,typescript
data_engineer__etl_,Data Engineer (ETL),data_science,etl,ETL,advanced,medium,advanced,4,postgresql
data_engineer__etl_,Data Engineer (ETL),data_science,hadoop,Hadoop,advanced,medium,advanced,5,etl
data_engineer__etl_,Data Engineer (ETL),data_science,data_modeling,Data Modeling,advanced,medium,advanced,6,hadoop
data_engineer__fintech_industry_,Data Engineer (Fintech Industry),ai_ml,python,Python,fundamental,high,basic,1,
data_engineer__fintech_industry_,Data Engineer (Fintech Industry),ai_ml,sql,SQL,fundamental,high,basic,2,python
data_engineer__fintech_industry_,Data Engineer (Fintech Industry),ai_ml,typescript,TypeScript,core,high,intermediate,3,sql
data_engineer__fintech_industry_,Data Engineer (Fintech Industry),ai_ml,azure,Azure,advanced,medium,advanced,4,typescript
data_engineer__fintech_industry_,Data Engineer (Fintech Industry),ai_ml,snowflake,Snowflake,advanced,medium,advanced,5,azure
data_engineer__fintech_industry_,Data Engineer (Fintech Industry),ai_ml,etl,ETL,advanced,medium,advanced,6,snowflake
data_engineer__fintech_industry_,Data Engineer (Fintech Industry),ai_ml,gcp,GCP,advanced,medium,advanced,7,etl
data_engineer__fintech_industry_,Data Engineer (Fintech Industry),ai_ml,aws,AWS,advanced,medium,advanced,8,gcp
data_engineer__fintech_industry_,Data Engineer (Fintech Industry),ai_ml,data_modeling,Data Modeling,advanced,medium,advanced,9,aws
data_engineer__fintech_industry_,Data Engineer (Fintech Industry),ai_ml,bigquery,BigQuery,advanced,medium,advanced,10,data_modeling
data_engineer_lead,Data Engineer Lead,ai_ml,python,Python,fundamental,high,basic,1,
data_engineer_lead,Data Engineer Lead,ai_ml,sql,SQL,fundamental,high,basic,2,python
data_engineer_lead,Data Engineer Lead,ai_ml,typescript,TypeScript,core,high,intermediate,3,sql
data_engineer_lead,Data Engineer Lead,ai_ml,snowflake,Snowflake,advanced,medium,advanced,4,typescript
data_engineer_lead,Data Engineer Lead,ai_ml,etl,ETL,advanced,medium,advanced,5,snowflake
data_engineer_lead,Data Engineer Lead,ai_ml,kubernetes,Kubernetes,advanced,medium,advanced,6,etl
data_engineer_lead,Data Engineer Lead,ai_ml,docker,Docker,advanced,medium,advanced,7,kubernetes
data_engineer_lead,Data Engineer Lead,ai_ml,ci_cd,CI/CD,advanced,medium,advanced,8,docker
data_engineer_lead,Data Engineer Lead,ai_ml,spark,Spark,advanced,medium,advanced,9,ci_cd
data_engineer_lead,Data Engineer Lead,ai_ml,aws,AWS,advanced,medium,advanced,10,spark
data_engineer_lead,Data Engineer Lead,ai_ml,data_modeling,Data Modeling,advanced,medium,advanced,11,aws
data_engineer_lead,Data Engineer Lead,data_science,python,Python,fundamental,high,basic,1,
data_engineer_lead,Data Engineer Lead,data_science,sql,SQL,fundamental,high,basic,2,python
data_engineer_lead,Data Engineer Lead,data_science,typescript,TypeScript,core,high,intermediate,3,sql
data_engineer_lead,Data Engineer Lead,data_science,snowflake,Snowflake,advanced,medium,advanced,4,typescript
data_engineer_lead,Data Engineer Lead,data_science,etl,ETL,advanced,medium,advanced,5,snowflake
data_engineer_lead,Data Engineer Lead,data_science,kubernetes,Kubernetes,advanced,medium,advanced,6,etl
data_engineer_lead,Data Engineer Lead,data_science,docker,Docker,advanced,medium,advanced,7,kubernetes
data_engineer_lead,Data Engineer Lead,data_science,ci_cd,CI/CD,advanced,medium,advanced,8,docker
data_engineer_lead,Data Engineer Lead,data_science,spark,Spark,advanced,medium,advanced,9,ci_cd
data_engineer_lead,Data Engineer Lead,data_science,aws,AWS,advanced,medium,advanced,10,spark
data_engineer_lead,Data Engineer Lead,data_science,data_modeling,Data Modeling,advanced,medium,advanced,11,aws
data_engineer_lead,Data Engineer Lead,devops,python,Python,fundamental,high,basic,1,
data_engineer_lead,Data Engineer Lead,devops,sql,SQL,fundamental,high,basic,2,python
data_engineer_lead,Data Engineer Lead,devops,typescript,TypeScript,core,high,intermediate,3,sql
data_engineer_lead,Data Engineer Lead,devops,snowflake,Snowflake,advanced,medium,advanced,4,typescript
data_engineer_lead,Data Engineer Lead,devops,etl,ETL,advanced,medium,advanced,5,snowflake
data_engineer_lead,Data Engineer Lead,devops,kubernetes,Kubernetes,advanced,medium,advanced,6,etl
data_engineer_lead,Data Engineer Lead,devops,docker,Docker,advanced,medium,advanced,7,kubernetes
data_engineer_lead,Data Engineer Lead,devops,ci_cd,CI/CD,advanced,medium,advanced,8,docker
data_engineer_lead,Data Engineer Lead,devops,spark,Spark,advanced,medium,advanced,9,ci_cd
data_engineer_lead,Data Engineer Lead,devops,aws,AWS,advanced,medium,advanced,10,spark
data_engineer_lead,Data Engineer Lead,devops,data_modeling,Data Modeling,advanced,medium,advanced,11,aws
data_engineer_supervisor,Data Engineer Supervisor,ai_ml,sql,SQL,fundamental,high,basic,1,
data_engineer_supervisor,Data Engineer Supervisor,ai_ml,typescript,TypeScript,core,high,intermediate,2,sql
data_engineer_supervisor,Data Engineer Supervisor,ai_ml,postgresql,PostgreSQL,core,high,intermediate,3,typescript
data_engineer_supervisor,Data Engineer Supervisor,ai_ml,snowflake,Snowflake,advanced,medium,advanced,4,postgresql
data_engineer_supervisor,Data Engineer Supervisor,ai_ml,etl,ETL,advanced,medium,advanced,5,snowflake
data_engineer_supervisor,Data Engineer Supervisor,ai_ml,data_modeling,Data Modeling,advanced,medium,advanced,6,etl
data_engineer_yogyakarta,Data Engineer Yogyakarta,ai_ml,python,Python,fundamental,high,basic,1,
data_engineer_yogyakarta,Data Engineer Yogyakarta,ai_ml,agile_scrum,Agile/Scrum,fundamental,high,basic,2,python
data_engineer_yogyakarta,Data Engineer Yogyakarta,ai_ml,sql,SQL,fundamental,high,basic,3,agile_scrum
data_engineer_yogyakarta,Data Engineer Yogyakarta,ai_ml,r,R,fundamental,medium,basic,4,sql
data_engineer_yogyakarta,Data Engineer Yogyakarta,ai_ml,typescript,TypeScript,core,medium,intermediate,5,r
data_engineer_yogyakarta,Data Engineer Yogyakarta,ai_ml,azure,Azure,advanced,medium,advanced,6,typescript
data_engineer_yogyakarta,Data Engineer Yogyakarta,ai_ml,etl,ETL,advanced,medium,advanced,7,azure
data_engineer_yogyakarta,Data Engineer Yogyakarta,ai_ml,hadoop,Hadoop,advanced,medium,advanced,8,etl
data_engineer_yogyakarta,Data Engineer Yogyakarta,ai_ml,spark,Spark,advanced,medium,advanced,9,hadoop
data_engineer_yogyakarta,Data Engineer Yogyakarta,ai_ml,aws,AWS,advanced,medium,advanced,10,spark
data_engineering,Data Engineering,data_science,agile_scrum,Agile/Scrum,fundamental,high,basic,1,
data_engineering,Data Engineering,data_science,sql,SQL,fundamental,high,basic,2,agile_scrum
data_engineering,Data Engineering,data_science,typescript,TypeScript,core,high,intermediate,3,sql
data_engineering,Data Engineering,data_science,postgresql,PostgreSQL,core,medium,intermediate,4,typescript
data_engineering,Data Engineering,data_science,mysql,MySQL,core,medium,intermediate,5,postgresql
data_engineering,Data Engineering,data_science,azure,Azure,advanced,medium,advanced,6,mysql
data_engineering,Data Engineering,data_science,gcp,GCP,advanced,medium,advanced,7,azure
data_engineering,Data Engineering,data_science,aws,AWS,advanced,medium,advanced,8,gcp
data_engineering,Data Engineering,devops,agile_scrum,Agile/Scrum,fundamental,high,basic,1,
data_engineering,Data Engineering,devops,sql,SQL,fundamental,high,basic,2,agile_scrum
data_engineering,Data Engineering,devops,typescript,TypeScript,core,high,intermediate,3,sql
data_engineering,Data Engineering,devops,postgresql,PostgreSQL,core,medium,intermediate,4,typescript
data_engineering,Data Engineering,devops,mysql,MySQL,core,medium,intermediate,5,postgresql
data_engineering,Data Engineering,devops,azure,Azure,advanced,medium,advanced,6,mysql
data_engineering,Data Engineering,devops,gcp,GCP,advanced,medium,advanced,7,azure
data_engineering,Data Engineering,devops,aws,AWS,advanced,medium,advanced,8,gcp
data_implementor,Data Implementor,data_science,sql,SQL,fundamental,high,basic,1,
data_implementor,Data Implementor,data_science,typescript,TypeScript,core,high,intermediate,2,sql
data_implementor,Data Implementor,data_science,golang,Golang,core,high,intermediate,3,typescript
data_lead,Data Lead,data_science,problem_solving,Problem Solving,fundamental,high,basic,1,
data_lead,Data Lead,data_science,excel,Excel,fundamental,high,basic,2,problem_solving
data_lead,Data Lead,data_science,typescript,TypeScript,core,high,intermediate,3,excel
data_lead,Data Lead,data_science,tableau,Tableau,core,medium,intermediate,4,typescript
data_lead,Data Lead,data_science,power_bi,Power BI,core,medium,intermediate,5,tableau
data_manager,Data Manager,ai_ml,excel,Excel,fundamental,high,basic,1,
data_manager,Data Manager,ai_ml,sql,SQL,fundamental,high,basic,2,excel
data_manager,Data Manager,ai_ml,typescript,TypeScript,core,high,intermediate,3,sql
data_manager,Data Manager,ai_ml,tableau,Tableau,core,medium,intermediate,4,typescript
data_manager,Data Manager,ai_ml,machine_learning,Machine Learning,core,medium,intermediate,5,tableau
data_manager,Data Manager,ai_ml,gcp,GCP,advanced,medium,advanced,6,machine_learning
data_manager,Data Manager,data_science,excel,Excel,fundamental,high,basic,1,
data_manager,Data Manager,data_science,sql,SQL,fundamental,high,basic,2,excel
data_manager,Data Manager,data_science,typescript,TypeScript,core,high,intermediate,3,sql
data_manager,Data Manager,data_science,tableau,Tableau,core,medium,intermediate,4,typescript
data_manager,Data Manager,data_science,machine_learning,Machine Learning,core,medium,intermediate,5,tableau
data_manager,Data Manager,data_science,gcp,GCP,advanced,medium,advanced,6,machine_learning
data_process_lead,Data Process Lead,data_science,excel,Excel,fundamental,high,basic,1,
data_process_lead,Data Process Lead,data_science,typescript,TypeScript,core,high,intermediate,2,excel
data_science___ai_ml,Data Science & AI/ML,ai_ml,python,Python,fundamental,high,basic,1,
data_science___ai_ml,Data Science & AI/ML,ai_ml,sql,SQL,fundamental,high,basic,2,python
data_science___ai_ml,Data Science & AI/ML,ai_ml,typescript,TypeScript,core,high,intermediate,3,sql
data_science___ai_ml,Data Science & AI/ML,ai_ml,scikit_learn,Scikit-Learn,core,medium,intermediate,4,typescript
data_science___ai_ml,Data Science & AI/ML,ai_ml,machine_learning,Machine Learning,core,medium,intermediate,5,scikit_learn
data_science___ai_ml,Data Science & AI/ML,ai_ml,gcp,GCP,advanced,medium,advanced,6,machine_learning
data_science___ai_ml,Data Science & AI/ML,ai_ml,tensorflow,TensorFlow,advanced,medium,advanced,7,gcp
data_science___ai_ml,Data Science & AI/ML,ai_ml,pytorch,PyTorch,advanced,medium,advanced,8,tensorflow
data_science___ai_ml,Data Science & AI/ML,ai_ml,bigquery,BigQuery,advanced,medium,advanced,9,pytorch
data_science___portfolio_manager,Data Science & Portfolio Manager,ai_ml,sql,SQL,fundamental,high,basic,1,
data_science___portfolio_manager,Data Science & Portfolio Manager,ai_ml,python,Python,fundamental,high,basic,2,sql
data_science___portfolio_manager,Data Science & Portfolio Manager,ai_ml,typescript,TypeScript,core,high,intermediate,3,python
data_science___portfolio_manager,Data Science & Portfolio Manager,ai_ml,machine_learning,Machine Learning,core,medium,intermediate,4,typescript
data_science___portfolio_manager,Data Science & Portfolio Manager,data_science,sql,SQL,fundamental,high,basic,1,
data_science___portfolio_manager,Data Science & Portfolio Manager,data_science,python,Python,fundamental,high,basic,2,sql
data_science___portfolio_manager,Data Science & Portfolio Manager,data_science,typescript,TypeScript,core,high,intermediate,3,python
data_science___portfolio_manager,Data Science & Portfolio Manager,data_science,machine_learning,Machine Learning,core,medium,intermediate,4,typescript
data_scientist,Data Scientist,ai_ml,javascript,JavaScript,fundamental,high,basic,1,
data_scientist,Data Scientist,ai_ml,sql,SQL,fundamental,high,basic,2,javascript
data_scientist,Data Scientist,ai_ml,r,R,fundamental,high,basic,3,sql
data_scientist,Data Scientist,ai_ml,java,Java,fundamental,medium,basic,4,r
data_scientist,Data Scientist,ai_ml,python,Python,fundamental,medium,basic,5,java
data_scientist,Data Scientist,ai_ml,problem_solving,Problem Solving,fundamental,medium,basic,6,python
data_scientist,Data Scientist,ai_ml,excel,Excel,fundamental,medium,basic,7,problem_solving
data_scientist,Data Scientist,ai_ml,typescript,TypeScript,core,medium,intermediate,8,excel
data_scientist,Data Scientist,ai_ml,scikit_learn,Scikit-Learn,core,medium,intermediate,9,typescript
data_scientist,Data Scientist,ai_ml,machine_learning,Machine Learning,core,medium,intermediate,10,scikit_learn
data_scientist,Data Scientist,ai_ml,tableau,Tableau,core,medium,intermediate,11,machine_learning
data_scientist,Data Scientist,ai_ml,power_bi,Power BI,core,medium,intermediate,12,tableau
data_scientist,Data Scientist,ai_ml,next_js,Next.js,core,medium,intermediate,13,power_bi
data_scientist,Data Scientist,ai_ml,tensorflow,TensorFlow,advanced,medium,advanced,14,next_js
data_scientist,Data Scientist,ai_ml,aws,AWS,advanced,medium,advanced,15,tensorflow
data_scientist,Data Scientist,ai_ml,azure,Azure,advanced,medium,advanced,16,aws
data_scientist,Data Scientist,ai_ml,etl,ETL,advanced,medium,advanced,17,azure
data_scientist,Data Scientist,ai_ml,data_modeling,Data Modeling,advanced,medium,advanced,18,etl
data_scientist,Data Scientist,ai_ml,gcp,GCP,advanced,medium,advanced,19,data_modeling
data_scientist,Data Scientist,ai_ml,pytorch,PyTorch,advanced,medium,advanced,20,gcp
data_scientist,Data Scientist,ai_ml,spark,Spark,advanced,medium,advanced,21,pytorch
data_scientist,Data Scientist,data_science,java,Java,fundamental,high,basic,1,
data_scientist,Data Scientist,data_science,python,Python,fundamental,high,basic,2,java
data_scientist,Data Scientist,data_science,excel,Excel,fundamental,high,basic,3,python
data_scientist,Data Scientist,data_science,sql,SQL,fundamental,medium,basic,4,excel
data_scientist,Data Scientist,data_science,scikit_learn,Scikit-Learn,core,medium,intermediate,5,sql
data_scientist,Data Scientist,data_science,typescript,TypeScript,core,medium,intermediate,6,scikit_learn
data_scientist,Data Scientist,data_science,tableau,Tableau,core,medium,intermediate,7,typescript
data_scientist,Data Scientist,data_science,machine_learning,Machine Learning,core,medium,intermediate,8,tableau
data_scientist,Data Scientist,data_science,azure,Azure,advanced,medium,advanced,9,machine_learning
data_scientist,Data Scientist,data_science,etl,ETL,advanced,medium,advanced,10,azure
data_scientist,Data Scientist,data_science,spark,Spark,advanced,medium,advanced,11,etl
data_scientist,Data Scientist,data_science,tensorflow,TensorFlow,advanced,medium,advanced,12,spark
data_scientist___ai,Data Scientist - AI,ai_ml,machine_learning,Machine Learning,core,high,intermediate,1,
data_scientist___ai,Data Scientist - AI,ai_ml,ui_ux,UI/UX,core,high,intermediate,2,machine_learning
data_scientist___risk_platform,Data Scientist - Risk Platform,ai_ml,python,Python,fundamental,high,basic,1,
data_scientist___risk_platform,Data Scientist - Risk Platform,ai_ml,excel,Excel,fundamental,high,basic,2,python
data_scientist___risk_platform,Data Scientist - Risk Platform,ai_ml,sql,SQL,fundamental,high,basic,3,excel
data_scientist___risk_platform,Data Scientist - Risk Platform,ai_ml,r,R,fundamental,medium,basic,4,sql
data_scientist___risk_platform,Data Scientist - Risk Platform,ai_ml,typescript,TypeScript,core,medium,intermediate,5,r
data_scientist___risk_platform,Data Scientist - Risk Platform,ai_ml,machine_learning,Machine Learning,core,medium,intermediate,6,typescript
data_scientist_intern,Data Scientist Intern,ai_ml,machine_learning,Machine Learning,core,high,intermediate,1,
data_scientist_intern,Data Scientist Intern,ai_ml,typescript,TypeScript,core,high,intermediate,2,machine_learning
data_scientist_intern,Data Scientist Intern,ai_ml,golang,Golang,core,high,intermediate,3,typescript
data_scientist_intern,Data Scientist Intern,ai_ml,deep_learning,Deep Learning,advanced,medium,advanced,4,golang
data_scientist_intern,Data Scientist Intern,data_science,machine_learning,Machine Learning,core,high,intermediate,1,
data_scientist_intern,Data Scientist Intern,data_science,typescript,TypeScript,core,high,intermediate,2,machine_learning
data_scientist_intern,Data Scientist Intern,data_science,golang,Golang,core,high,intermediate,3,typescript
data_scientist_intern,Data Scientist Intern,data_science,deep_learning,Deep Learning,advanced,medium,advanced,4,golang
data_scientist_specialist,Data Scientist Specialist,ai_ml,python,Python,fundamental,high,basic,1,
data_scientist_specialist,Data Scientist Specialist,ai_ml,sql,SQL,fundamental,high,basic,2,python
data_scientist_specialist,Data Scientist Specialist,ai_ml,typescript,TypeScript,core,high,intermediate,3,sql
data_scientist_specialist,Data Scientist Specialist,ai_ml,scikit_learn,Scikit-Learn,core,medium,intermediate,4,typescript
data_scientist_specialist,Data Scientist Specialist,ai_ml,machine_learning,Machine Learning,core,medium,intermediate,5,scikit_learn
data_scientist_specialist,Data Scientist Specialist,ai_ml,tensorflow,TensorFlow,advanced,medium,advanced,6,machine_learning
data_scientist_specialist,Data Scientist Specialist,ai_ml,deep_learning,Deep Learning,advanced,medium,advanced,7,tensorflow
data_scientist_specialist,Data Scientist Specialist,ai_ml,pytorch,PyTorch,advanced,medium,advanced,8,deep_learning
data_warehouse_and_reporting_specialist,Data Warehouse and Reporting Specialist,data_science,sql,SQL,fundamental,high,basic,1,
data_warehouse_and_reporting_specialist,Data Warehouse and Reporting Specialist,data_science,power_bi,Power BI,core,high,intermediate,2,sql
data_warehouse_and_reporting_specialist,Data Warehouse and Reporting Specialist,data_science,etl,ETL,advanced,high,advanced,3,power_bi
database_administrator,Database Administrator,data_science,python,Python,fundamental,high,basic,1,
database_administrator,Database Administrator,data_science,excel,Excel,fundamental,high,basic,2,python
database_administrator,Database Administrator,data_science,sql,SQL,fundamental,high,basic,3,excel
database_administrator,Database Administrator,data_science,typescript,TypeScript,core,medium,intermediate,4,sql
database_administrator,Database Administrator,data_science,postgresql,PostgreSQL,core,medium,intermediate,5,typescript
database_administrator,Database Administrator,data_science,mysql,MySQL,core,medium,intermediate,6,postgresql
database_administrator,Database Administrator,data_science,mongodb,MongoDB,core,medium,intermediate,7,mysql
database_administrator,Database Administrator,data_science,etl,ETL,advanced,medium,advanced,8,mongodb
database_administrator,Database Administrator,data_science,aws,AWS,advanced,medium,advanced,9,etl
database_administrator,Database Administrator,data_science,linux,Linux,advanced,medium,advanced,10,aws
database_engineer,Database Engineer,data_science,sql,SQL,fundamental,high,basic,1,
database_engineer,Database Engineer,data_science,typescript,TypeScript,core,high,intermediate,2,sql
database_engineer,Database Engineer,data_science,tableau,Tableau,core,high,intermediate,3,typescript
database_engineer,Database Engineer,data_science,etl,ETL,advanced,medium,advanced,4,tableau
database_engineer,Database Engineer,data_science,docker,Docker,advanced,medium,advanced,5,etl
database_security_administrator_for_integra__placement_in_bandung_,Database Security Administrator for Integra (Placement in Bandung),cyber_security,sql,SQL,fundamental,high,basic,1,
database_security_administrator_for_integra__placement_in_bandung_,Database Security Administrator for Integra (Placement in Bandung),cyber_security,excel,Excel,fundamental,high,basic,2,sql
database_security_administrator_for_integra__placement_in_bandung_,Database Security Administrator for Integra (Placement in Bandung),cyber_security,typescript,TypeScript,core,high,intermediate,3,excel
database_security_administrator_for_integra__placement_in_bandung_,Database Security Administrator for Integra (Placement in Bandung),cyber_security,postgresql,PostgreSQL,core,medium,intermediate,4,typescript
designer,Designer,ui_ux,javascript,JavaScript,fundamental,high,basic,1,
designer,Designer,ui_ux,typescript,TypeScript,core,high,intermediate,2,javascript
designer,Designer,ui_ux,rest_api,REST API,core,high,intermediate,3,typescript
designer_drafter,Designer Drafter,ui_ux,typescript,TypeScript,core,high,intermediate,1,
designer_drafter,Designer Drafter,ui_ux,golang,Golang,core,high,intermediate,2,typescript
designer_dan_marketing,Designer dan Marketing,ui_ux,excel,Excel,fundamental,high,basic,1,
designer_dan_marketing,Designer dan Marketing,ui_ux,typescript,TypeScript,core,high,intermediate,2,excel
designer_dan_marketing,Designer dan Marketing,ui_ux,ui_ux,UI/UX,core,high,intermediate,3,typescript
devops,DevOps,devops,python,Python,fundamental,high,basic,1,
devops,DevOps,devops,excel,Excel,fundamental,high,basic,2,python
devops,DevOps,devops,git,Git,fundamental,high,basic,3,excel
devops,DevOps,devops,typescript,TypeScript,core,medium,intermediate,4,git
devops,DevOps,devops,postgresql,PostgreSQL,core,medium,intermediate,5,typescript
devops,DevOps,devops,golang,Golang,core,medium,intermediate,6,postgresql
devops,DevOps,devops,mysql,MySQL,core,medium,intermediate,7,golang
devops,DevOps,devops,mongodb,MongoDB,core,medium,intermediate,8,mysql
devops,DevOps,devops,azure,Azure,advanced,medium,advanced,9,mongodb
devops,DevOps,devops,kubernetes,Kubernetes,advanced,medium,advanced,10,azure
devops,DevOps,devops,docker,Docker,advanced,medium,advanced,11,kubernetes
devops,DevOps,devops,gcp,GCP,advanced,medium,advanced,12,docker
devops,DevOps,devops,ci_cd,CI/CD,advanced,medium,advanced,13,gcp
devops,DevOps,devops,aws,AWS,advanced,medium,advanced,14,ci_cd
devops,DevOps,devops,linux,Linux,advanced,medium,advanced,15,aws
devops,DevOps,web_development,python,Python,fundamental,high,basic,1,
devops,DevOps,web_development,git,Git,fundamental,high,basic,2,python
devops,DevOps,web_development,typescript,TypeScript,core,high,intermediate,3,git
devops,DevOps,web_development,postgresql,PostgreSQL,core,medium,intermediate,4,typescript
devops,DevOps,web_development,golang,Golang,core,medium,intermediate,5,postgresql
devops,DevOps,web_development,mysql,MySQL,core,medium,intermediate,6,golang
devops,DevOps,web_development,azure,Azure,advanced,medium,advanced,7,mysql
devops,DevOps,web_development,kubernetes,Kubernetes,advanced,medium,advanced,8,azure
devops,DevOps,web_development,docker,Docker,advanced,medium,advanced,9,kubernetes
devops,DevOps,web_development,gcp,GCP,advanced,medium,advanced,10,docker
devops,DevOps,web_development,ci_cd,CI/CD,advanced,medium,advanced,11,gcp
devops,DevOps,web_development,aws,AWS,advanced,medium,advanced,12,ci_cd
devops___sre,DevOps / SRE,devops,python,Python,fundamental,high,basic,1,
devops___sre,DevOps / SRE,devops,typescript,TypeScript,core,high,intermediate,2,python
devops___sre,DevOps / SRE,devops,postgresql,PostgreSQL,core,high,intermediate,3,typescript
devops___sre,DevOps / SRE,devops,mysql,MySQL,core,medium,intermediate,4,postgresql
devops___sre,DevOps / SRE,devops,kubernetes,Kubernetes,advanced,medium,advanced,5,mysql
devops___sre,DevOps / SRE,devops,docker,Docker,advanced,medium,advanced,6,kubernetes
devops___sre,DevOps / SRE,devops,ci_cd,CI/CD,advanced,medium,advanced,7,docker
devops___sre,DevOps / SRE,devops,linux,Linux,advanced,medium,advanced,8,ci_cd
devops_engineer,DevOps Engineer,cyber_security,python,Python,fundamental,high,basic,1,
devops_engineer,DevOps Engineer,cyber_security,agile_scrum,Agile/Scrum,fundamental,high,basic,2,python
devops_engineer,DevOps Engineer,cyber_security,git,Git,fundamental,high,basic,3,agile_scrum
devops_engineer,DevOps Engineer,cyber_security,php,PHP,fundamental,medium,basic,4,git
devops_engineer,DevOps Engineer,cyber_security,typescript,TypeScript,core,medium,intermediate,5,php
devops_engineer,DevOps Engineer,cyber_security,postgresql,PostgreSQL,core,medium,intermediate,6,typescript
devops_engineer,DevOps Engineer,cyber_security,rest_api,REST API,core,medium,intermediate,7,postgresql
devops_engineer,DevOps Engineer,cyber_security,golang,Golang,core,medium,intermediate,8,rest_api
devops_engineer,DevOps Engineer,cyber_security,mysql,MySQL,core,medium,intermediate,9,golang
devops_engineer,DevOps Engineer,cyber_security,azure,Azure,advanced,medium,advanced,10,mysql
devops_engineer,DevOps Engineer,cyber_security,kubernetes,Kubernetes,advanced,medium,advanced,11,azure
devops_engineer,DevOps Engineer,cyber_security,docker,Docker,advanced,medium,advanced,12,kubernetes
devops_engineer,DevOps Engineer,cyber_security,ci_cd,CI/CD,advanced,medium,advanced,13,docker
devops_engineer,DevOps Engineer,cyber_security,gcp,GCP,advanced,medium,advanced,14,ci_cd
devops_engineer,DevOps Engineer,cyber_security,aws,AWS,advanced,medium,advanced,15,gcp
devops_engineer,DevOps Engineer,cyber_security,linux,Linux,advanced,medium,advanced,16,aws
devops_engineer,DevOps Engineer,devops,r,R,fundamental,high,basic,1,
devops_engineer,DevOps Engineer,devops,java,Java,fundamental,high,basic,2,r
devops_engineer,DevOps Engineer,devops,python,Python,fundamental,high,basic,3,java
devops_engineer,DevOps Engineer,devops,agile_scrum,Agile/Scrum,fundamental,medium,basic,4,python
devops_engineer,DevOps Engineer,devops,problem_solving,Problem Solving,fundamental,medium,basic,5,agile_scrum
devops_engineer,DevOps Engineer,devops,php,PHP,fundamental,medium,basic,6,problem_solving
devops_engineer,DevOps Engineer,devops,excel,Excel,fundamental,medium,basic,7,php
devops_engineer,DevOps Engineer,devops,git,Git,fundamental,medium,basic,8,excel
devops_engineer,DevOps Engineer,devops,typescript,TypeScript,core,medium,intermediate,9,git
devops_engineer,DevOps Engineer,devops,golang,Golang,core,medium,intermediate,10,typescript
devops_engineer,DevOps Engineer,devops,mysql,MySQL,core,medium,intermediate,11,golang
devops_engineer,DevOps Engineer,devops,postgresql,PostgreSQL,core,medium,intermediate,12,mysql
devops_engineer,DevOps Engineer,devops,rest_api,REST API,core,medium,intermediate,13,postgresql
devops_engineer,DevOps Engineer,devops,mongodb,MongoDB,core,medium,intermediate,14,rest_api
devops_engineer,DevOps Engineer,devops,docker,Docker,advanced,medium,advanced,15,mongodb
devops_engineer,DevOps Engineer,devops,aws,AWS,advanced,medium,advanced,16,docker
devops_engineer,DevOps Engineer,devops,azure,Azure,advanced,medium,advanced,17,aws
devops_engineer,DevOps Engineer,devops,linux,Linux,advanced,medium,advanced,18,azure
devops_engineer,DevOps Engineer,devops,kubernetes,Kubernetes,advanced,medium,advanced,19,linux
devops_engineer,DevOps Engineer,devops,microservices,Microservices,advanced,medium,advanced,20,kubernetes
devops_engineer,DevOps Engineer,devops,gcp,GCP,advanced,medium,advanced,21,microservices
devops_engineer,DevOps Engineer,devops,ci_cd,CI/CD,advanced,medium,advanced,22,gcp
devops_engineer__3_months_project_based_,DevOps Engineer (3 Months Project Based),devops,python,Python,fundamental,high,basic,1,
devops_engineer__3_months_project_based_,DevOps Engineer (3 Months Project Based),devops,sql,SQL,fundamental,high,basic,2,python
devops_engineer__3_months_project_based_,DevOps Engineer (3 Months Project Based),devops,git,Git,fundamental,high,basic,3,sql
devops_engineer__3_months_project_based_,DevOps Engineer (3 Months Project Based),devops,typescript,TypeScript,core,medium,intermediate,4,git
devops_engineer__3_months_project_based_,DevOps Engineer (3 Months Project Based),devops,postgresql,PostgreSQL,core,medium,intermediate,5,typescript
devops_engineer__3_months_project_based_,DevOps Engineer (3 Months Project Based),devops,mysql,MySQL,core,medium,intermediate,6,postgresql
devops_engineer__3_months_project_based_,DevOps Engineer (3 Months Project Based),devops,azure,Azure,advanced,medium,advanced,7,mysql
devops_engineer__3_months_project_based_,DevOps Engineer (3 Months Project Based),devops,kubernetes,Kubernetes,advanced,medium,advanced,8,azure
devops_engineer__3_months_project_based_,DevOps Engineer (3 Months Project Based),devops,docker,Docker,advanced,medium,advanced,9,kubernetes
devops_engineer__3_months_project_based_,DevOps Engineer (3 Months Project Based),devops,ci_cd,CI/CD,advanced,medium,advanced,10,docker
devops_engineer__3_months_project_based_,DevOps Engineer (3 Months Project Based),devops,aws,AWS,advanced,medium,advanced,11,ci_cd
devops_engineer__3_months_project_based_,DevOps Engineer (3 Months Project Based),devops,linux,Linux,advanced,medium,advanced,12,aws
devops_engineer__full_english_speaking_,DevOps Engineer (Full English Speaking),devops,git,Git,fundamental,high,basic,1,
devops_engineer__full_english_speaking_,DevOps Engineer (Full English Speaking),devops,typescript,TypeScript,core,high,intermediate,2,git
devops_engineer__full_english_speaking_,DevOps Engineer (Full English Speaking),devops,rest_api,REST API,core,high,intermediate,3,typescript
devops_engineer__full_english_speaking_,DevOps Engineer (Full English Speaking),devops,kubernetes,Kubernetes,advanced,medium,advanced,4,rest_api
devops_engineer__full_english_speaking_,DevOps Engineer (Full English Speaking),devops,docker,Docker,advanced,medium,advanced,5,kubernetes
devops_engineer__full_english_speaking_,DevOps Engineer (Full English Speaking),devops,ci_cd,CI/CD,advanced,medium,advanced,6,docker
devops_engineer__full_english_speaking_,DevOps Engineer (Full English Speaking),devops,linux,Linux,advanced,medium,advanced,7,ci_cd
devops_engineer__full_english_speaking_,DevOps Engineer (Full English Speaking),devops,aws,AWS,advanced,medium,advanced,8,linux
devops_engineer__gcp_,DevOps Engineer (GCP),devops,java,Java,fundamental,high,basic,1,
devops_engineer__gcp_,DevOps Engineer (GCP),devops,python,Python,fundamental,high,basic,2,java
devops_engineer__gcp_,DevOps Engineer (GCP),devops,excel,Excel,fundamental,high,basic,3,python
devops_engineer__gcp_,DevOps Engineer (GCP),devops,agile_scrum,Agile/Scrum,fundamental,medium,basic,4,excel
devops_engineer__gcp_,DevOps Engineer (GCP),devops,git,Git,fundamental,medium,basic,5,agile_scrum
devops_engineer__gcp_,DevOps Engineer (GCP),devops,php,PHP,fundamental,medium,basic,6,git
devops_engineer__gcp_,DevOps Engineer (GCP),devops,typescript,TypeScript,core,medium,intermediate,7,php
devops_engineer__gcp_,DevOps Engineer (GCP),devops,golang,Golang,core,medium,intermediate,8,typescript
devops_engineer__gcp_,DevOps Engineer (GCP),devops,gcp,GCP,advanced,medium,advanced,9,golang
devops_engineer__gcp_,DevOps Engineer (GCP),devops,ci_cd,CI/CD,advanced,medium,advanced,10,gcp
devops_engineer__gcp_,DevOps Engineer (GCP),devops,aws,AWS,advanced,medium,advanced,11,ci_cd
devops_officer,DevOps Officer,devops,python,Python,fundamental,high,basic,1,
devops_officer,DevOps Officer,devops,excel,Excel,fundamental,high,basic,2,python
devops_officer,DevOps Officer,devops,typescript,TypeScript,core,high,intermediate,3,excel
devops_officer,DevOps Officer,devops,azure,Azure,advanced,medium,advanced,4,typescript
devops_officer,DevOps Officer,devops,kubernetes,Kubernetes,advanced,medium,advanced,5,azure
devops_officer,DevOps Officer,devops,docker,Docker,advanced,medium,advanced,6,kubernetes
devops_officer,DevOps Officer,devops,gcp,GCP,advanced,medium,advanced,7,docker
devops_officer,DevOps Officer,devops,spark,Spark,advanced,medium,advanced,8,gcp
devops_officer,DevOps Officer,devops,hadoop,Hadoop,advanced,medium,advanced,9,spark
devops_officer,DevOps Officer,devops,aws,AWS,advanced,medium,advanced,10,hadoop
devsecops_engineer,DevSecOps Engineer,cyber_security,r,R,fundamental,high,basic,1,
devsecops_engineer,DevSecOps Engineer,cyber_security,typescript,TypeScript,core,high,intermediate,2,r
devsecops_engineer,DevSecOps Engineer,cyber_security,microservices,Microservices,advanced,high,advanced,3,typescript
devsecops_engineer,DevSecOps Engineer,cyber_security,ci_cd,CI/CD,advanced,medium,advanced,4,microservices
devsecops_engineer,DevSecOps Engineer,cyber_security,aws,AWS,advanced,medium,advanced,5,ci_cd
devsecops_engineer,DevSecOps Engineer,devops,r,R,fundamental,high,basic,1,
devsecops_engineer,DevSecOps Engineer,devops,typescript,TypeScript,core,high,intermediate,2,r
devsecops_engineer,DevSecOps Engineer,devops,microservices,Microservices,advanced,high,advanced,3,typescript
devsecops_engineer,DevSecOps Engineer,devops,ci_cd,CI/CD,advanced,medium,advanced,4,microservices
devsecops_engineer,DevSecOps Engineer,devops,aws,AWS,advanced,medium,advanced,5,ci_cd
developer,Developer,web_development,java,Java,fundamental,high,basic,1,
developer,Developer,web_development,excel,Excel,fundamental,high,basic,2,java
developer,Developer,web_development,problem_solving,Problem Solving,fundamental,high,basic,3,excel
developer,Developer,web_development,sql,SQL,fundamental,medium,basic,4,problem_solving
developer,Developer,web_development,php,PHP,fundamental,medium,basic,5,sql
developer,Developer,web_development,typescript,TypeScript,core,medium,intermediate,6,php
developer,Developer,web_development,laravel,Laravel,core,medium,intermediate,7,typescript
developer,Developer,web_development,_net,.NET,core,medium,intermediate,8,laravel
developer,Developer,web_development,postgresql,PostgreSQL,core,medium,intermediate,9,_net
developer,Developer,web_development,rest_api,REST API,core,medium,intermediate,10,postgresql
developer,Developer,web_development,spring_boot,Spring Boot,core,medium,intermediate,11,rest_api
developer,Developer,web_development,mysql,MySQL,core,medium,intermediate,12,spring_boot
developer,Developer,web_development,microservices,Microservices,advanced,medium,advanced,13,mysql
developer,Developer,web_development,aws,AWS,advanced,medium,advanced,14,microservices
developer,Developer,web_development,cybersecurity,Cybersecurity,advanced,medium,advanced,15,aws
developer_full_stack,Developer Full Stack,web_development,html,HTML,fundamental,high,basic,1,
developer_full_stack,Developer Full Stack,web_development,javascript,JavaScript,fundamental,high,basic,2,html
developer_full_stack,Developer Full Stack,web_development,python,Python,fundamental,high,basic,3,javascript
developer_full_stack,Developer Full Stack,web_development,java,Java,fundamental,medium,basic,4,python
developer_full_stack,Developer Full Stack,web_development,problem_solving,Problem Solving,fundamental,medium,basic,5,java
developer_full_stack,Developer Full Stack,web_development,php,PHP,fundamental,medium,basic,6,problem_solving
developer_full_stack,Developer Full Stack,web_development,css,CSS,fundamental,medium,basic,7,php
developer_full_stack,Developer Full Stack,web_development,vue_js,Vue.js,core,medium,intermediate,8,css
developer_full_stack,Developer Full Stack,web_development,angular,Angular,core,medium,intermediate,9,vue_js
developer_full_stack,Developer Full Stack,web_development,node_js,Node.js,core,medium,intermediate,10,angular
developer_full_stack,Developer Full Stack,web_development,postgresql,PostgreSQL,core,medium,intermediate,11,node_js
developer_full_stack,Developer Full Stack,web_development,rest_api,REST API,core,medium,intermediate,12,postgresql
developer_full_stack,Developer Full Stack,web_development,golang,Golang,core,medium,intermediate,13,rest_api
developer_full_stack,Developer Full Stack,web_development,mysql,MySQL,core,medium,intermediate,14,golang
developer_full_stack,Developer Full Stack,web_development,machine_learning,Machine Learning,core,medium,intermediate,15,mysql
developer_full_stack,Developer Full Stack,web_development,microservices,Microservices,advanced,medium,advanced,16,machine_learning
development_security_operations__devsecops_,Development Security Operations (DevSecOps),cyber_security,python,Python,fundamental,high,basic,1,
development_security_operations__devsecops_,Development Security Operations (DevSecOps),cyber_security,git,Git,fundamental,high,basic,2,python
development_security_operations__devsecops_,Development Security Operations (DevSecOps),cyber_security,azure,Azure,advanced,high,advanced,3,git
development_security_operations__devsecops_,Development Security Operations (DevSecOps),cyber_security,kubernetes,Kubernetes,advanced,medium,advanced,4,azure
development_security_operations__devsecops_,Development Security Operations (DevSecOps),cyber_security,docker,Docker,advanced,medium,advanced,5,kubernetes
development_security_operations__devsecops_,Development Security Operations (DevSecOps),cyber_security,ci_cd,CI/CD,advanced,medium,advanced,6,docker
development_security_operations__devsecops_,Development Security Operations (DevSecOps),cyber_security,linux,Linux,advanced,medium,advanced,7,ci_cd
development_security_operations__devsecops_,Development Security Operations (DevSecOps),devops,python,Python,fundamental,high,basic,1,
development_security_operations__devsecops_,Development Security Operations (DevSecOps),devops,git,Git,fundamental,high,basic,2,python
development_security_operations__devsecops_,Development Security Operations (DevSecOps),devops,azure,Azure,advanced,high,advanced,3,git
development_security_operations__devsecops_,Development Security Operations (DevSecOps),devops,kubernetes,Kubernetes,advanced,medium,advanced,4,azure
development_security_operations__devsecops_,Development Security Operations (DevSecOps),devops,docker,Docker,advanced,medium,advanced,5,kubernetes
development_security_operations__devsecops_,Development Security Operations (DevSecOps),devops,ci_cd,CI/CD,advanced,medium,advanced,6,docker
development_security_operations__devsecops_,Development Security Operations (DevSecOps),devops,linux,Linux,advanced,medium,advanced,7,ci_cd
devops_engineer__on_premise____mnc_healthtech,Devops Engineer (On Premise) - MNC Healthtech,devops,git,Git,fundamental,high,basic,1,
devops_engineer__on_premise____mnc_healthtech,Devops Engineer (On Premise) - MNC Healthtech,devops,typescript,TypeScript,core,high,intermediate,2,git
devops_engineer__on_premise____mnc_healthtech,Devops Engineer (On Premise) - MNC Healthtech,devops,postgresql,PostgreSQL,core,high,intermediate,3,typescript
devops_engineer__on_premise____mnc_healthtech,Devops Engineer (On Premise) - MNC Healthtech,devops,mysql,MySQL,core,medium,intermediate,4,postgresql
devops_engineer__on_premise____mnc_healthtech,Devops Engineer (On Premise) - MNC Healthtech,devops,kubernetes,Kubernetes,advanced,medium,advanced,5,mysql
devops_engineer__on_premise____mnc_healthtech,Devops Engineer (On Premise) - MNC Healthtech,devops,docker,Docker,advanced,medium,advanced,6,kubernetes
devops_engineer__on_premise____mnc_healthtech,Devops Engineer (On Premise) - MNC Healthtech,devops,ci_cd,CI/CD,advanced,medium,advanced,7,docker
digital_apps_developer__blockchain_,Digital Apps Developer (Blockchain),devops,javascript,JavaScript,fundamental,high,basic,1,
digital_apps_developer__blockchain_,Digital Apps Developer (Blockchain),devops,python,Python,fundamental,high,basic,2,javascript
digital_apps_developer__blockchain_,Digital Apps Developer (Blockchain),devops,node_js,Node.js,core,high,intermediate,3,python
digital_apps_developer__blockchain_,Digital Apps Developer (Blockchain),devops,typescript,TypeScript,core,medium,intermediate,4,node_js
digital_business_data_analyst,Digital Business Data Analyst,data_science,sql,SQL,fundamental,high,basic,1,
digital_business_data_analyst,Digital Business Data Analyst,data_science,python,Python,fundamental,high,basic,2,sql
digital_business_data_analyst,Digital Business Data Analyst,data_science,typescript,TypeScript,core,high,intermediate,3,python
digital_transformation___system_solution_head,Digital Transformation & System Solution Head,data_science,typescript,TypeScript,core,high,intermediate,1,
digital_transformation___system_solution_head,Digital Transformation & System Solution Head,data_science,golang,Golang,core,high,intermediate,2,typescript
director_it_operations___innovations___f_b_business,Director IT Operations & Innovations - F&B Business,cyber_security,typescript,TypeScript,core,high,intermediate,1,
director_it_operations___innovations___f_b_business,Director IT Operations & Innovations - F&B Business,cyber_security,ui_ux,UI/UX,core,high,intermediate,2,typescript
director_it_operations___innovations___f_b_business,Director IT Operations & Innovations - F&B Business,cyber_security,cybersecurity,Cybersecurity,advanced,high,advanced,3,ui_ux
document_controller,Document Controller,data_science,excel,Excel,fundamental,high,basic,1,
document_controller,Document Controller,data_science,typescript,TypeScript,core,high,intermediate,2,excel
document_controller,Document Controller,data_science,golang,Golang,core,high,intermediate,3,typescript
drafter_security_system__bms,"Drafter Security System, BMS",cyber_security,excel,Excel,fundamental,high,basic,1,
drafter_security_system__bms,"Drafter Security System, BMS",cyber_security,typescript,TypeScript,core,high,intermediate,2,excel
e_commerce_graphic_designer_executive__outsource_,E-Commerce Graphic Designer Executive (Outsource),ui_ux,typescript,TypeScript,core,high,intermediate,1,
e_commerce_graphic_designer_executive__outsource_,E-Commerce Graphic Designer Executive (Outsource),ui_ux,golang,Golang,core,high,intermediate,2,typescript
e_commerce_graphic_designer_executive__outsource_,E-Commerce Graphic Designer Executive (Outsource),ui_ux,next_js,Next.js,core,high,intermediate,3,golang
e_commerce_graphic_designer_executive__outsource_,E-Commerce Graphic Designer Executive (Outsource),ui_ux,figma,Figma,core,medium,intermediate,4,next_js
e_commerce_manager,E-Commerce Manager,ui_ux,typescript,TypeScript,core,high,intermediate,1,
e_commerce_manager,E-Commerce Manager,ui_ux,ui_ux,UI/UX,core,high,intermediate,2,typescript
eplan_implementation_engineer,EPLAN Implementation Engineer,devops,excel,Excel,fundamental,high,basic,1,
eplan_implementation_engineer,EPLAN Implementation Engineer,devops,typescript,TypeScript,core,high,intermediate,2,excel
erp_functional_consultant,ERP Functional Consultant,data_science,typescript,TypeScript,core,high,intermediate,1,
erp_functional_consultant,ERP Functional Consultant,data_science,golang,Golang,core,high,intermediate,2,typescript
etl_pentaho_developer,ETL Pentaho Developer,data_science,html,HTML,fundamental,high,basic,1,
etl_pentaho_developer,ETL Pentaho Developer,data_science,python,Python,fundamental,high,basic,2,html
etl_pentaho_developer,ETL Pentaho Developer,data_science,javascript,JavaScript,fundamental,high,basic,3,python
etl_pentaho_developer,ETL Pentaho Developer,data_science,typescript,TypeScript,core,medium,intermediate,4,javascript
etl_pentaho_developer,ETL Pentaho Developer,data_science,machine_learning,Machine Learning,core,medium,intermediate,5,typescript
etl_pentaho_developer,ETL Pentaho Developer,data_science,etl,ETL,advanced,medium,advanced,6,machine_learning
etl_pentaho_developer,ETL Pentaho Developer,data_science,linux,Linux,advanced,medium,advanced,7,etl
electronic_engineer,Electronic Engineer,devops,sql,SQL,fundamental,high,basic,1,
electronic_engineer,Electronic Engineer,devops,node_js,Node.js,core,high,intermediate,2,sql
electronics_engineer,Electronics Engineer,cyber_security,excel,Excel,fundamental,high,basic,1,
electronics_engineer,Electronics Engineer,cyber_security,git,Git,fundamental,high,basic,2,excel
electronics_engineer,Electronics Engineer,cyber_security,typescript,TypeScript,core,high,intermediate,3,git
electronics_engineer,Electronics Engineer,cyber_security,cybersecurity,Cybersecurity,advanced,medium,advanced,4,typescript
engineer_on_site,Engineer on Site,cyber_security,penetration_testing,Penetration Testing,advanced,high,advanced,1,
engineer_on_site,Engineer on Site,cyber_security,cybersecurity,Cybersecurity,advanced,high,advanced,2,penetration_testing
engineer_on_site,Engineer on Site,devops,penetration_testing,Penetration Testing,advanced,high,advanced,1,
engineer_on_site,Engineer on Site,devops,cybersecurity,Cybersecurity,advanced,high,advanced,2,penetration_testing
engineer__data_analyst,"Engineer, Data Analyst",ai_ml,python,Python,fundamental,high,basic,1,
engineer__data_analyst,"Engineer, Data Analyst",ai_ml,sql,SQL,fundamental,high,basic,2,python
engineer__data_analyst,"Engineer, Data Analyst",ai_ml,typescript,TypeScript,core,high,intermediate,3,sql
engineer__data_analyst,"Engineer, Data Analyst",ai_ml,prototyping,Prototyping,core,medium,intermediate,4,typescript
engineer__data_analyst,"Engineer, Data Analyst",ai_ml,etl,ETL,advanced,medium,advanced,5,prototyping
engineer__data_analyst,"Engineer, Data Analyst",ai_ml,hadoop,Hadoop,advanced,medium,advanced,6,etl
engineer__data_analyst,"Engineer, Data Analyst",ai_ml,spark,Spark,advanced,medium,advanced,7,hadoop
engineering_manager__backend___consumer_experience,"Engineering Manager, Backend - Consumer Experience",web_development,excel,Excel,fundamental,high,basic,1,
engineering_manager__backend___consumer_experience,"Engineering Manager, Backend - Consumer Experience",web_development,git,Git,fundamental,high,basic,2,excel
engineering_manager__backend___consumer_experience,"Engineering Manager, Backend - Consumer Experience",web_development,typescript,TypeScript,core,high,intermediate,3,git
engineering_manager__backend___consumer_experience,"Engineering Manager, Backend - Consumer Experience",web_development,postgresql,PostgreSQL,core,medium,intermediate,4,typescript
engineering_manager__backend___consumer_experience,"Engineering Manager, Backend - Consumer Experience",web_development,mysql,MySQL,core,medium,intermediate,5,postgresql
engineering_manager__backend___consumer_experience,"Engineering Manager, Backend - Consumer Experience",web_development,azure,Azure,advanced,medium,advanced,6,mysql
engineering_manager__backend___consumer_experience,"Engineering Manager, Backend - Consumer Experience",web_development,gcp,GCP,advanced,medium,advanced,7,azure
engineering_manager__backend___consumer_experience,"Engineering Manager, Backend - Consumer Experience",web_development,ci_cd,CI/CD,advanced,medium,advanced,8,gcp
engineering_manager__backend___consumer_experience,"Engineering Manager, Backend - Consumer Experience",web_development,aws,AWS,advanced,medium,advanced,9,ci_cd
epicor_developer,Epicor Developer,web_development,sql,SQL,fundamental,high,basic,1,
epicor_developer,Epicor Developer,web_development,typescript,TypeScript,core,high,intermediate,2,sql
epicor_developer,Epicor Developer,web_development,rest_api,REST API,core,high,intermediate,3,typescript
epicor_developer,Epicor Developer,web_development,linux,Linux,advanced,medium,advanced,4,rest_api
exploration_technology_specialist,Exploration Technology Specialist,devops,problem_solving,Problem Solving,fundamental,high,basic,1,
exploration_technology_specialist,Exploration Technology Specialist,devops,excel,Excel,fundamental,high,basic,2,problem_solving
exploration_technology_specialist,Exploration Technology Specialist,devops,typescript,TypeScript,core,high,intermediate,3,excel
finance_project_data_analyst,FINANCE PROJECT DATA ANALYST,data_science,excel,Excel,fundamental,high,basic,1,
finance_project_data_analyst,FINANCE PROJECT DATA ANALYST,data_science,typescript,TypeScript,core,high,intermediate,2,excel
finance_project_data_analyst,FINANCE PROJECT DATA ANALYST,data_science,power_bi,Power BI,core,high,intermediate,3,typescript
full_stack_developer,FULL STACK DEVELOPER,web_development,javascript,JavaScript,fundamental,high,basic,1,
full_stack_developer,FULL STACK DEVELOPER,web_development,python,Python,fundamental,high,basic,2,javascript
full_stack_developer,FULL STACK DEVELOPER,web_development,excel,Excel,fundamental,high,basic,3,python
full_stack_developer,FULL STACK DEVELOPER,web_development,sql,SQL,fundamental,medium,basic,4,excel
full_stack_developer,FULL STACK DEVELOPER,web_development,php,PHP,fundamental,medium,basic,5,sql
full_stack_developer,FULL STACK DEVELOPER,web_development,laravel,Laravel,core,medium,intermediate,6,php
full_stack_developer,FULL STACK DEVELOPER,web_development,_net,.NET,core,medium,intermediate,7,laravel
full_stack_developer,FULL STACK DEVELOPER,web_development,django,Django,core,medium,intermediate,8,_net
full_stack_developer,FULL STACK DEVELOPER,web_development,node_js,Node.js,core,medium,intermediate,9,django
full_stack_developer,FULL STACK DEVELOPER,web_development,postgresql,PostgreSQL,core,medium,intermediate,10,node_js
full_stack_developer,FULL STACK DEVELOPER,web_development,rest_api,REST API,core,medium,intermediate,11,postgresql
full_stack_developer,FULL STACK DEVELOPER,web_development,fastapi,FastAPI,core,medium,intermediate,12,rest_api
full_stack_developer,FULL STACK DEVELOPER,web_development,golang,Golang,core,medium,intermediate,13,fastapi
full_stack_developer,FULL STACK DEVELOPER,web_development,mysql,MySQL,core,medium,intermediate,14,golang
full_stack_developer,FULL STACK DEVELOPER,web_development,docker,Docker,advanced,medium,advanced,15,mysql
full_stack_developer__web_aplikasi_,FULL STACK DEVELOPER (WEB APLIKASI),web_development,javascript,JavaScript,fundamental,high,basic,1,
full_stack_developer__web_aplikasi_,FULL STACK DEVELOPER (WEB APLIKASI),web_development,html,HTML,fundamental,high,basic,2,javascript
full_stack_developer__web_aplikasi_,FULL STACK DEVELOPER (WEB APLIKASI),web_development,python,Python,fundamental,high,basic,3,html
full_stack_developer__web_aplikasi_,FULL STACK DEVELOPER (WEB APLIKASI),web_development,problem_solving,Problem Solving,fundamental,medium,basic,4,python
full_stack_developer__web_aplikasi_,FULL STACK DEVELOPER (WEB APLIKASI),web_development,php,PHP,fundamental,medium,basic,5,problem_solving
full_stack_developer__web_aplikasi_,FULL STACK DEVELOPER (WEB APLIKASI),web_development,git,Git,fundamental,medium,basic,6,php
full_stack_developer__web_aplikasi_,FULL STACK DEVELOPER (WEB APLIKASI),web_development,css,CSS,fundamental,medium,basic,7,git
full_stack_developer__web_aplikasi_,FULL STACK DEVELOPER (WEB APLIKASI),web_development,machine_learning,Machine Learning,core,medium,intermediate,8,css
full_stack_developer__web_aplikasi_,FULL STACK DEVELOPER (WEB APLIKASI),web_development,angular,Angular,core,medium,intermediate,9,machine_learning
full_stack_developer__web_aplikasi_,FULL STACK DEVELOPER (WEB APLIKASI),web_development,mysql,MySQL,core,medium,intermediate,10,angular
full_stack_developer__web_aplikasi_,FULL STACK DEVELOPER (WEB APLIKASI),web_development,node_js,Node.js,core,medium,intermediate,11,mysql
full_stack_developer__web_aplikasi_,FULL STACK DEVELOPER (WEB APLIKASI),web_development,postgresql,PostgreSQL,core,medium,intermediate,12,node_js
full_stack_developer__web_aplikasi_,FULL STACK DEVELOPER (WEB APLIKASI),web_development,vue_js,Vue.js,core,medium,intermediate,13,postgresql
full_stack_developer__web_aplikasi_,FULL STACK DEVELOPER (WEB APLIKASI),web_development,rest_api,REST API,core,medium,intermediate,14,vue_js
full_stack_developer__web_aplikasi_,FULL STACK DEVELOPER (WEB APLIKASI),web_development,react_js,React.js,core,medium,intermediate,15,rest_api
full_stack_developer__web_aplikasi_,FULL STACK DEVELOPER (WEB APLIKASI),web_development,mongodb,MongoDB,core,medium,intermediate,16,react_js
full_stack_developer__web_aplikasi_,FULL STACK DEVELOPER (WEB APLIKASI),web_development,aws,AWS,advanced,medium,advanced,17,mongodb
full_stack_developer__web_aplikasi_,FULL STACK DEVELOPER (WEB APLIKASI),web_development,gcp,GCP,advanced,medium,advanced,18,aws
full_stack_developer__web_aplikasi_,FULL STACK DEVELOPER (WEB APLIKASI),web_development,ci_cd,CI/CD,advanced,medium,advanced,19,gcp
full_stack_developer_staff,FULL STACK DEVELOPER STAFF,web_development,javascript,JavaScript,fundamental,high,basic,1,
full_stack_developer_staff,FULL STACK DEVELOPER STAFF,web_development,git,Git,fundamental,high,basic,2,javascript
full_stack_developer_staff,FULL STACK DEVELOPER STAFF,web_development,php,PHP,fundamental,high,basic,3,git
full_stack_developer_staff,FULL STACK DEVELOPER STAFF,web_development,css,CSS,fundamental,medium,basic,4,php
full_stack_developer_staff,FULL STACK DEVELOPER STAFF,web_development,vue_js,Vue.js,core,medium,intermediate,5,css
full_stack_developer_staff,FULL STACK DEVELOPER STAFF,web_development,laravel,Laravel,core,medium,intermediate,6,vue_js
full_stack_developer_staff,FULL STACK DEVELOPER STAFF,web_development,tailwind_css,Tailwind CSS,core,medium,intermediate,7,laravel
full_stack_developer_staff,FULL STACK DEVELOPER STAFF,web_development,bootstrap,Bootstrap,core,medium,intermediate,8,tailwind_css
full_stack_developer_staff,FULL STACK DEVELOPER STAFF,web_development,node_js,Node.js,core,medium,intermediate,9,bootstrap
full_stack_developer_staff,FULL STACK DEVELOPER STAFF,web_development,postgresql,PostgreSQL,core,medium,intermediate,10,node_js
full_stack_developer_staff,FULL STACK DEVELOPER STAFF,web_development,rest_api,REST API,core,medium,intermediate,11,postgresql
full_stack_developer_staff,FULL STACK DEVELOPER STAFF,web_development,react_js,React.js,core,medium,intermediate,12,rest_api
full_stack_developer_staff,FULL STACK DEVELOPER STAFF,web_development,golang,Golang,core,medium,intermediate,13,react_js
full_stack_developer_staff,FULL STACK DEVELOPER STAFF,web_development,mysql,MySQL,core,medium,intermediate,14,golang
full_stack_developer_staff,FULL STACK DEVELOPER STAFF,web_development,docker,Docker,advanced,medium,advanced,15,mysql
full_stack_developer_staff,FULL STACK DEVELOPER STAFF,web_development,ci_cd,CI/CD,advanced,medium,advanced,16,docker
full_stack_developer_staff,FULL STACK DEVELOPER STAFF,web_development,linux,Linux,advanced,medium,advanced,17,ci_cd
full_stack_software_developer,FULL STACK SOFTWARE DEVELOPER,web_development,wireframing,Wireframing,fundamental,high,basic,1,
full_stack_software_developer,FULL STACK SOFTWARE DEVELOPER,web_development,javascript,JavaScript,fundamental,high,basic,2,wireframing
full_stack_software_developer,FULL STACK SOFTWARE DEVELOPER,web_development,python,Python,fundamental,high,basic,3,javascript
full_stack_software_developer,FULL STACK SOFTWARE DEVELOPER,web_development,sql,SQL,fundamental,medium,basic,4,python
full_stack_software_developer,FULL STACK SOFTWARE DEVELOPER,web_development,git,Git,fundamental,medium,basic,5,sql
full_stack_software_developer,FULL STACK SOFTWARE DEVELOPER,web_development,typescript,TypeScript,core,medium,intermediate,6,git
full_stack_software_developer,FULL STACK SOFTWARE DEVELOPER,web_development,prototyping,Prototyping,core,medium,intermediate,7,typescript
full_stack_software_developer,FULL STACK SOFTWARE DEVELOPER,web_development,node_js,Node.js,core,medium,intermediate,8,prototyping
full_stack_software_developer,FULL STACK SOFTWARE DEVELOPER,web_development,rest_api,REST API,core,medium,intermediate,9,node_js
full_stack_software_developer,FULL STACK SOFTWARE DEVELOPER,web_development,react_js,React.js,core,medium,intermediate,10,rest_api
full_stack_software_developer,FULL STACK SOFTWARE DEVELOPER,web_development,next_js,Next.js,core,medium,intermediate,11,react_js
fullstack_developer,FULLSTACK DEVELOPER,ui_ux,html,HTML,fundamental,high,basic,1,
fullstack_developer,FULLSTACK DEVELOPER,ui_ux,javascript,JavaScript,fundamental,high,basic,2,html
fullstack_developer,FULLSTACK DEVELOPER,ui_ux,php,PHP,fundamental,high,basic,3,javascript
fullstack_developer,FULLSTACK DEVELOPER,ui_ux,git,Git,fundamental,medium,basic,4,php
fullstack_developer,FULLSTACK DEVELOPER,ui_ux,css,CSS,fundamental,medium,basic,5,git
fullstack_developer,FULLSTACK DEVELOPER,ui_ux,react_native,React Native,core,medium,intermediate,6,css
fullstack_developer,FULLSTACK DEVELOPER,ui_ux,ui_ux,UI/UX,core,medium,intermediate,7,react_native
fullstack_developer,FULLSTACK DEVELOPER,ui_ux,rest_api,REST API,core,medium,intermediate,8,ui_ux
fullstack_developer,FULLSTACK DEVELOPER,ui_ux,react_js,React.js,core,medium,intermediate,9,rest_api
fullstack_developer,FULLSTACK DEVELOPER,ui_ux,mysql,MySQL,core,medium,intermediate,10,react_js
fullstack_developer,FULLSTACK DEVELOPER,ui_ux,machine_learning,Machine Learning,core,medium,intermediate,11,mysql
fullstack_developer,FULLSTACK DEVELOPER,web_development,html,HTML,fundamental,high,basic,1,
fullstack_developer,FULLSTACK DEVELOPER,web_development,javascript,JavaScript,fundamental,high,basic,2,html
fullstack_developer,FULLSTACK DEVELOPER,web_development,php,PHP,fundamental,high,basic,3,javascript
fullstack_developer,FULLSTACK DEVELOPER,web_development,git,Git,fundamental,medium,basic,4,php
fullstack_developer,FULLSTACK DEVELOPER,web_development,css,CSS,fundamental,medium,basic,5,git
fullstack_developer,FULLSTACK DEVELOPER,web_development,react_native,React Native,core,medium,intermediate,6,css
fullstack_developer,FULLSTACK DEVELOPER,web_development,ui_ux,UI/UX,core,medium,intermediate,7,react_native
fullstack_developer,FULLSTACK DEVELOPER,web_development,rest_api,REST API,core,medium,intermediate,8,ui_ux
fullstack_developer,FULLSTACK DEVELOPER,web_development,react_js,React.js,core,medium,intermediate,9,rest_api
fullstack_developer,FULLSTACK DEVELOPER,web_development,mysql,MySQL,core,medium,intermediate,10,react_js
fullstack_developer,FULLSTACK DEVELOPER,web_development,machine_learning,Machine Learning,core,medium,intermediate,11,mysql
finance_analyst,Finance Analyst,data_science,excel,Excel,fundamental,high,basic,1,
finance_analyst,Finance Analyst,data_science,typescript,TypeScript,core,high,intermediate,2,excel
finance_analyst,Finance Analyst,data_science,power_bi,Power BI,core,high,intermediate,3,typescript
finance_analyst,Finance Analyst,data_science,golang,Golang,core,medium,intermediate,4,power_bi
financial_advisor_analyst,Financial Advisor Analyst,data_science,excel,Excel,fundamental,high,basic,1,
financial_advisor_analyst,Financial Advisor Analyst,data_science,typescript,TypeScript,core,high,intermediate,2,excel
financial_planning___analyst,Financial Planning & Analyst,data_science,excel,Excel,fundamental,high,basic,1,
financial_planning___analyst,Financial Planning & Analyst,data_science,typescript,TypeScript,core,high,intermediate,2,excel
flutter___dart_developer,Flutter / Dart Developer,web_development,javascript,JavaScript,fundamental,high,basic,1,
flutter___dart_developer,Flutter / Dart Developer,web_development,git,Git,fundamental,high,basic,2,javascript
flutter___dart_developer,Flutter / Dart Developer,web_development,typescript,TypeScript,core,high,intermediate,3,git
flutter___dart_developer,Flutter / Dart Developer,web_development,rest_api,REST API,core,medium,intermediate,4,typescript
flutter___dart_developer,Flutter / Dart Developer,web_development,figma,Figma,core,medium,intermediate,5,rest_api
flutter___dart_developer,Flutter / Dart Developer,web_development,next_js,Next.js,core,medium,intermediate,6,figma
flutter___dart_developer,Flutter / Dart Developer,web_development,ci_cd,CI/CD,advanced,medium,advanced,7,next_js
flutter_developer,Flutter Developer,web_development,git,Git,fundamental,high,basic,1,
flutter_developer,Flutter Developer,web_development,rest_api,REST API,core,high,intermediate,2,git
fraud_security_researcher,Fraud Security Researcher,cyber_security,typescript,TypeScript,core,high,intermediate,1,
fraud_security_researcher,Fraud Security Researcher,cyber_security,cybersecurity,Cybersecurity,advanced,high,advanced,2,typescript
freelance_fullstack_engineer,Freelance Fullstack Engineer,web_development,sql,SQL,fundamental,high,basic,1,
freelance_fullstack_engineer,Freelance Fullstack Engineer,web_development,git,Git,fundamental,high,basic,2,sql
freelance_fullstack_engineer,Freelance Fullstack Engineer,web_development,typescript,TypeScript,core,high,intermediate,3,git
freelance_fullstack_engineer,Freelance Fullstack Engineer,web_development,react_js,React.js,core,medium,intermediate,4,typescript
front_end_developer,Front End Developer,ui_ux,html,HTML,fundamental,high,basic,1,
front_end_developer,Front End Developer,ui_ux,javascript,JavaScript,fundamental,high,basic,2,html
front_end_developer,Front End Developer,ui_ux,python,Python,fundamental,high,basic,3,javascript
front_end_developer,Front End Developer,ui_ux,excel,Excel,fundamental,medium,basic,4,python
front_end_developer,Front End Developer,ui_ux,php,PHP,fundamental,medium,basic,5,excel
front_end_developer,Front End Developer,ui_ux,git,Git,fundamental,medium,basic,6,php
front_end_developer,Front End Developer,ui_ux,css,CSS,fundamental,medium,basic,7,git
front_end_developer,Front End Developer,ui_ux,typescript,TypeScript,core,medium,intermediate,8,css
front_end_developer,Front End Developer,ui_ux,ui_ux,UI/UX,core,medium,intermediate,9,typescript
front_end_developer,Front End Developer,ui_ux,prototyping,Prototyping,core,medium,intermediate,10,ui_ux
front_end_developer,Front End Developer,ui_ux,rest_api,REST API,core,medium,intermediate,11,prototyping
front_end_developer,Front End Developer,ui_ux,machine_learning,Machine Learning,core,medium,intermediate,12,rest_api
front_end_developer,Front End Developer,web_development,javascript,JavaScript,fundamental,high,basic,1,
front_end_developer,Front End Developer,web_development,html,HTML,fundamental,high,basic,2,javascript
front_end_developer,Front End Developer,web_development,agile_scrum,Agile/Scrum,fundamental,high,basic,3,html
front_end_developer,Front End Developer,web_development,python,Python,fundamental,medium,basic,4,agile_scrum
front_end_developer,Front End Developer,web_development,problem_solving,Problem Solving,fundamental,medium,basic,5,python
front_end_developer,Front End Developer,web_development,php,PHP,fundamental,medium,basic,6,problem_solving
front_end_developer,Front End Developer,web_development,excel,Excel,fundamental,medium,basic,7,php
front_end_developer,Front End Developer,web_development,git,Git,fundamental,medium,basic,8,excel
front_end_developer,Front End Developer,web_development,css,CSS,fundamental,medium,basic,9,git
front_end_developer,Front End Developer,web_development,typescript,TypeScript,core,medium,intermediate,10,css
front_end_developer,Front End Developer,web_development,ui_ux,UI/UX,core,medium,intermediate,11,typescript
front_end_developer,Front End Developer,web_development,tailwind_css,Tailwind CSS,core,medium,intermediate,12,ui_ux
front_end_developer,Front End Developer,web_development,machine_learning,Machine Learning,core,medium,intermediate,13,tailwind_css
front_end_developer,Front End Developer,web_development,prototyping,Prototyping,core,medium,intermediate,14,machine_learning
front_end_developer,Front End Developer,web_development,react_native,React Native,core,medium,intermediate,15,prototyping
front_end_developer,Front End Developer,web_development,node_js,Node.js,core,medium,intermediate,16,react_native
front_end_developer,Front End Developer,web_development,rest_api,REST API,core,medium,intermediate,17,node_js
front_end_developer,Front End Developer,web_development,react_js,React.js,core,medium,intermediate,18,rest_api
front_end_developer,Front End Developer,web_development,next_js,Next.js,core,medium,intermediate,19,react_js
front_end_developer__vue___angular___react____outsource,Front End Developer (Vue / Angular / React) - Outsource,web_development,html,HTML,fundamental,high,basic,1,
front_end_developer__vue___angular___react____outsource,Front End Developer (Vue / Angular / React) - Outsource,web_development,javascript,JavaScript,fundamental,high,basic,2,html
front_end_developer__vue___angular___react____outsource,Front End Developer (Vue / Angular / React) - Outsource,web_development,sql,SQL,fundamental,high,basic,3,javascript
front_end_developer__vue___angular___react____outsource,Front End Developer (Vue / Angular / React) - Outsource,web_development,git,Git,fundamental,medium,basic,4,sql
front_end_developer__vue___angular___react____outsource,Front End Developer (Vue / Angular / React) - Outsource,web_development,css,CSS,fundamental,medium,basic,5,git
front_end_developer__vue___angular___react____outsource,Front End Developer (Vue / Angular / React) - Outsource,web_development,typescript,TypeScript,core,medium,intermediate,6,css
front_end_developer__vue___angular___react____outsource,Front End Developer (Vue / Angular / React) - Outsource,web_development,vue_js,Vue.js,core,medium,intermediate,7,typescript
front_end_developer__vue___angular___react____outsource,Front End Developer (Vue / Angular / React) - Outsource,web_development,angular,Angular,core,medium,intermediate,8,vue_js
front_end_developer__vue___angular___react____outsource,Front End Developer (Vue / Angular / React) - Outsource,web_development,rest_api,REST API,core,medium,intermediate,9,angular
front_end_developer__vue___angular___react____outsource,Front End Developer (Vue / Angular / React) - Outsource,web_development,react_js,React.js,core,medium,intermediate,10,rest_api
front_end_developer__vue___angular___react____outsource,Front End Developer (Vue / Angular / React) - Outsource,web_development,machine_learning,Machine Learning,core,medium,intermediate,11,react_js
front_end_engineer,Front End Engineer,ui_ux,html,HTML,fundamental,high,basic,1,
front_end_engineer,Front End Engineer,ui_ux,javascript,JavaScript,fundamental,high,basic,2,html
front_end_engineer,Front End Engineer,ui_ux,agile_scrum,Agile/Scrum,fundamental,high,basic,3,javascript
front_end_engineer,Front End Engineer,ui_ux,git,Git,fundamental,medium,basic,4,agile_scrum
front_end_engineer,Front End Engineer,ui_ux,css,CSS,fundamental,medium,basic,5,git
front_end_engineer,Front End Engineer,ui_ux,typescript,TypeScript,core,medium,intermediate,6,css
front_end_engineer,Front End Engineer,ui_ux,vue_js,Vue.js,core,medium,intermediate,7,typescript
front_end_engineer,Front End Engineer,ui_ux,ui_ux,UI/UX,core,medium,intermediate,8,vue_js
front_end_engineer,Front End Engineer,ui_ux,rest_api,REST API,core,medium,intermediate,9,ui_ux
front_end_engineer,Front End Engineer,ui_ux,react_js,React.js,core,medium,intermediate,10,rest_api
front_end_engineer,Front End Engineer,ui_ux,figma,Figma,core,medium,intermediate,11,react_js
front_end_engineer,Front End Engineer,ui_ux,machine_learning,Machine Learning,core,medium,intermediate,12,figma
front_end_engineer,Front End Engineer,ui_ux,next_js,Next.js,core,medium,intermediate,13,machine_learning
front_end_engineer,Front End Engineer,web_development,html,HTML,fundamental,high,basic,1,
front_end_engineer,Front End Engineer,web_development,javascript,JavaScript,fundamental,high,basic,2,html
front_end_engineer,Front End Engineer,web_development,agile_scrum,Agile/Scrum,fundamental,high,basic,3,javascript
front_end_engineer,Front End Engineer,web_development,git,Git,fundamental,medium,basic,4,agile_scrum
front_end_engineer,Front End Engineer,web_development,css,CSS,fundamental,medium,basic,5,git
front_end_engineer,Front End Engineer,web_development,typescript,TypeScript,core,medium,intermediate,6,css
front_end_engineer,Front End Engineer,web_development,vue_js,Vue.js,core,medium,intermediate,7,typescript
front_end_engineer,Front End Engineer,web_development,angular,Angular,core,medium,intermediate,8,vue_js
front_end_engineer,Front End Engineer,web_development,ui_ux,UI/UX,core,medium,intermediate,9,angular
front_end_engineer,Front End Engineer,web_development,tailwind_css,Tailwind CSS,core,medium,intermediate,10,ui_ux
front_end_engineer,Front End Engineer,web_development,rest_api,REST API,core,medium,intermediate,11,tailwind_css
front_end_engineer,Front End Engineer,web_development,react_js,React.js,core,medium,intermediate,12,rest_api
front_end_engineer,Front End Engineer,web_development,figma,Figma,core,medium,intermediate,13,react_js
front_end_engineer,Front End Engineer,web_development,machine_learning,Machine Learning,core,medium,intermediate,14,figma
front_end_engineer,Front End Engineer,web_development,next_js,Next.js,core,medium,intermediate,15,machine_learning
front_end_developer,Front-end Developer,web_development,javascript,JavaScript,fundamental,high,basic,1,
front_end_developer,Front-end Developer,web_development,typescript,TypeScript,core,high,intermediate,2,javascript
front_end_developer,Front-end Developer,web_development,react_native,React Native,core,high,intermediate,3,typescript
front_end_developer,Front-end Developer,web_development,ui_ux,UI/UX,core,medium,intermediate,4,react_native
front_end_developer,Front-end Developer,web_development,react_js,React.js,core,medium,intermediate,5,ui_ux
front_end_developer,Front-end Developer,web_development,next_js,Next.js,core,medium,intermediate,6,react_js
frontend_developer,FrontEnd Developer,ui_ux,html,HTML,fundamental,high,basic,1,
frontend_developer,FrontEnd Developer,ui_ux,javascript,JavaScript,fundamental,high,basic,2,html
frontend_developer,FrontEnd Developer,ui_ux,git,Git,fundamental,high,basic,3,javascript
frontend_developer,FrontEnd Developer,ui_ux,css,CSS,fundamental,medium,basic,4,git
frontend_developer,FrontEnd Developer,ui_ux,ui_ux,UI/UX,core,medium,intermediate,5,css
frontend_asp_net_blazor,Frontend ASP.NET Blazor,ui_ux,html,HTML,fundamental,high,basic,1,
frontend_asp_net_blazor,Frontend ASP.NET Blazor,ui_ux,wireframing,Wireframing,fundamental,high,basic,2,html
frontend_asp_net_blazor,Frontend ASP.NET Blazor,ui_ux,problem_solving,Problem Solving,fundamental,high,basic,3,wireframing
frontend_asp_net_blazor,Frontend ASP.NET Blazor,ui_ux,git,Git,fundamental,medium,basic,4,problem_solving
frontend_asp_net_blazor,Frontend ASP.NET Blazor,ui_ux,css,CSS,fundamental,medium,basic,5,git
frontend_asp_net_blazor,Frontend ASP.NET Blazor,ui_ux,typescript,TypeScript,core,medium,intermediate,6,css
frontend_asp_net_blazor,Frontend ASP.NET Blazor,ui_ux,ui_ux,UI/UX,core,medium,intermediate,7,typescript
frontend_asp_net_blazor,Frontend ASP.NET Blazor,ui_ux,bootstrap,Bootstrap,core,medium,intermediate,8,ui_ux
frontend_asp_net_blazor,Frontend ASP.NET Blazor,ui_ux,rest_api,REST API,core,medium,intermediate,9,bootstrap
frontend_asp_net_blazor,Frontend ASP.NET Blazor,ui_ux,figma,Figma,core,medium,intermediate,10,rest_api
frontend_asp_net_blazor,Frontend ASP.NET Blazor,ui_ux,machine_learning,Machine Learning,core,medium,intermediate,11,figma
frontend_asp_net_blazor,Frontend ASP.NET Blazor,web_development,html,HTML,fundamental,high,basic,1,
frontend_asp_net_blazor,Frontend ASP.NET Blazor,web_development,wireframing,Wireframing,fundamental,high,basic,2,html
frontend_asp_net_blazor,Frontend ASP.NET Blazor,web_development,problem_solving,Problem Solving,fundamental,high,basic,3,wireframing
frontend_asp_net_blazor,Frontend ASP.NET Blazor,web_development,git,Git,fundamental,medium,basic,4,problem_solving
frontend_asp_net_blazor,Frontend ASP.NET Blazor,web_development,css,CSS,fundamental,medium,basic,5,git
frontend_asp_net_blazor,Frontend ASP.NET Blazor,web_development,typescript,TypeScript,core,medium,intermediate,6,css
frontend_asp_net_blazor,Frontend ASP.NET Blazor,web_development,ui_ux,UI/UX,core,medium,intermediate,7,typescript
frontend_asp_net_blazor,Frontend ASP.NET Blazor,web_development,bootstrap,Bootstrap,core,medium,intermediate,8,ui_ux
frontend_asp_net_blazor,Frontend ASP.NET Blazor,web_development,rest_api,REST API,core,medium,intermediate,9,bootstrap
frontend_asp_net_blazor,Frontend ASP.NET Blazor,web_development,figma,Figma,core,medium,intermediate,10,rest_api
frontend_asp_net_blazor,Frontend ASP.NET Blazor,web_development,machine_learning,Machine Learning,core,medium,intermediate,11,figma
frontend_developer,Frontend Developer,ui_ux,html,HTML,fundamental,high,basic,1,
frontend_developer,Frontend Developer,ui_ux,javascript,JavaScript,fundamental,high,basic,2,html
frontend_developer,Frontend Developer,ui_ux,agile_scrum,Agile/Scrum,fundamental,high,basic,3,javascript
frontend_developer,Frontend Developer,ui_ux,java,Java,fundamental,medium,basic,4,agile_scrum
frontend_developer,Frontend Developer,ui_ux,git,Git,fundamental,medium,basic,5,java
frontend_developer,Frontend Developer,ui_ux,css,CSS,fundamental,medium,basic,6,git
frontend_developer,Frontend Developer,ui_ux,typescript,TypeScript,core,medium,intermediate,7,css
frontend_developer,Frontend Developer,ui_ux,vue_js,Vue.js,core,medium,intermediate,8,typescript
frontend_developer,Frontend Developer,ui_ux,angular,Angular,core,medium,intermediate,9,vue_js
frontend_developer,Frontend Developer,ui_ux,ui_ux,UI/UX,core,medium,intermediate,10,angular
frontend_developer,Frontend Developer,ui_ux,tailwind_css,Tailwind CSS,core,medium,intermediate,11,ui_ux
frontend_developer,Frontend Developer,ui_ux,react_native,React Native,core,medium,intermediate,12,tailwind_css
frontend_developer,Frontend Developer,ui_ux,rest_api,REST API,core,medium,intermediate,13,react_native
frontend_developer,Frontend Developer,ui_ux,react_js,React.js,core,medium,intermediate,14,rest_api
frontend_developer,Frontend Developer,ui_ux,machine_learning,Machine Learning,core,medium,intermediate,15,react_js
frontend_developer,Frontend Developer,ui_ux,next_js,Next.js,core,medium,intermediate,16,machine_learning
frontend_developer,Frontend Developer,web_development,wireframing,Wireframing,fundamental,high,basic,1,
frontend_developer,Frontend Developer,web_development,javascript,JavaScript,fundamental,high,basic,2,wireframing
frontend_developer,Frontend Developer,web_development,sql,SQL,fundamental,high,basic,3,javascript
frontend_developer,Frontend Developer,web_development,html,HTML,fundamental,medium,basic,4,sql
frontend_developer,Frontend Developer,web_development,java,Java,fundamental,medium,basic,5,html
frontend_developer,Frontend Developer,web_development,agile_scrum,Agile/Scrum,fundamental,medium,basic,6,java
frontend_developer,Frontend Developer,web_development,git,Git,fundamental,medium,basic,7,agile_scrum
frontend_developer,Frontend Developer,web_development,css,CSS,fundamental,medium,basic,8,git
frontend_developer,Frontend Developer,web_development,typescript,TypeScript,core,medium,intermediate,9,css
frontend_developer,Frontend Developer,web_development,ui_ux,UI/UX,core,medium,intermediate,10,typescript
frontend_developer,Frontend Developer,web_development,tailwind_css,Tailwind CSS,core,medium,intermediate,11,ui_ux
frontend_developer,Frontend Developer,web_development,machine_learning,Machine Learning,core,medium,intermediate,12,tailwind_css
frontend_developer,Frontend Developer,web_development,angular,Angular,core,medium,intermediate,13,machine_learning
frontend_developer,Frontend Developer,web_development,figma,Figma,core,medium,intermediate,14,angular
frontend_developer,Frontend Developer,web_development,mysql,MySQL,core,medium,intermediate,15,figma
frontend_developer,Frontend Developer,web_development,react_native,React Native,core,medium,intermediate,16,mysql
frontend_developer,Frontend Developer,web_development,laravel,Laravel,core,medium,intermediate,17,react_native
frontend_developer,Frontend Developer,web_development,graphql,GraphQL,core,medium,intermediate,18,laravel
frontend_developer,Frontend Developer,web_development,postgresql,PostgreSQL,core,medium,intermediate,19,graphql
frontend_developer,Frontend Developer,web_development,vue_js,Vue.js,core,medium,intermediate,20,postgresql
frontend_developer,Frontend Developer,web_development,bootstrap,Bootstrap,core,medium,intermediate,21,vue_js
frontend_developer,Frontend Developer,web_development,rest_api,REST API,core,medium,intermediate,22,bootstrap
frontend_developer,Frontend Developer,web_development,react_js,React.js,core,medium,intermediate,23,rest_api
frontend_developer,Frontend Developer,web_development,next_js,Next.js,core,medium,intermediate,24,react_js
frontend_developer,Frontend Developer,web_development,docker,Docker,advanced,medium,advanced,25,next_js
frontend_developer,Frontend Developer,web_development,microservices,Microservices,advanced,medium,advanced,26,docker
frontend_developer__contract_,Frontend Developer (Contract),ui_ux,html,HTML,fundamental,high,basic,1,
frontend_developer__contract_,Frontend Developer (Contract),ui_ux,javascript,JavaScript,fundamental,high,basic,2,html
frontend_developer__contract_,Frontend Developer (Contract),ui_ux,git,Git,fundamental,high,basic,3,javascript
frontend_developer__contract_,Frontend Developer (Contract),ui_ux,css,CSS,fundamental,medium,basic,4,git
frontend_developer__contract_,Frontend Developer (Contract),ui_ux,typescript,TypeScript,core,medium,intermediate,5,css
frontend_developer__contract_,Frontend Developer (Contract),ui_ux,ui_ux,UI/UX,core,medium,intermediate,6,typescript
frontend_developer__contract_,Frontend Developer (Contract),ui_ux,tailwind_css,Tailwind CSS,core,medium,intermediate,7,ui_ux
frontend_developer__contract_,Frontend Developer (Contract),ui_ux,bootstrap,Bootstrap,core,medium,intermediate,8,tailwind_css
frontend_developer__contract_,Frontend Developer (Contract),ui_ux,rest_api,REST API,core,medium,intermediate,9,bootstrap
frontend_developer__contract_,Frontend Developer (Contract),ui_ux,react_js,React.js,core,medium,intermediate,10,rest_api
frontend_developer__contract_,Frontend Developer (Contract),ui_ux,machine_learning,Machine Learning,core,medium,intermediate,11,react_js
frontend_developer__contract_,Frontend Developer (Contract),ui_ux,spring_boot,Spring Boot,core,medium,intermediate,12,machine_learning
frontend_developer__contract_,Frontend Developer (Contract),ui_ux,graphql,GraphQL,core,medium,intermediate,13,spring_boot
frontend_developer__contract_,Frontend Developer (Contract),web_development,html,HTML,fundamental,high,basic,1,
frontend_developer__contract_,Frontend Developer (Contract),web_development,javascript,JavaScript,fundamental,high,basic,2,html
frontend_developer__contract_,Frontend Developer (Contract),web_development,git,Git,fundamental,high,basic,3,javascript
frontend_developer__contract_,Frontend Developer (Contract),web_development,css,CSS,fundamental,medium,basic,4,git
frontend_developer__contract_,Frontend Developer (Contract),web_development,typescript,TypeScript,core,medium,intermediate,5,css
frontend_developer__contract_,Frontend Developer (Contract),web_development,ui_ux,UI/UX,core,medium,intermediate,6,typescript
frontend_developer__contract_,Frontend Developer (Contract),web_development,tailwind_css,Tailwind CSS,core,medium,intermediate,7,ui_ux
frontend_developer__contract_,Frontend Developer (Contract),web_development,bootstrap,Bootstrap,core,medium,intermediate,8,tailwind_css
frontend_developer__contract_,Frontend Developer (Contract),web_development,rest_api,REST API,core,medium,intermediate,9,bootstrap
frontend_developer__contract_,Frontend Developer (Contract),web_development,react_js,React.js,core,medium,intermediate,10,rest_api
frontend_developer__contract_,Frontend Developer (Contract),web_development,machine_learning,Machine Learning,core,medium,intermediate,11,react_js
frontend_developer__contract_,Frontend Developer (Contract),web_development,spring_boot,Spring Boot,core,medium,intermediate,12,machine_learning
frontend_developer__contract_,Frontend Developer (Contract),web_development,graphql,GraphQL,core,medium,intermediate,13,spring_boot
frontend_developer_for_banking_industry,Frontend Developer for Banking Industry,web_development,html,HTML,fundamental,high,basic,1,
frontend_developer_for_banking_industry,Frontend Developer for Banking Industry,web_development,javascript,JavaScript,fundamental,high,basic,2,html
frontend_developer_for_banking_industry,Frontend Developer for Banking Industry,web_development,excel,Excel,fundamental,high,basic,3,javascript
frontend_developer_for_banking_industry,Frontend Developer for Banking Industry,web_development,git,Git,fundamental,medium,basic,4,excel
frontend_developer_for_banking_industry,Frontend Developer for Banking Industry,web_development,css,CSS,fundamental,medium,basic,5,git
frontend_developer_for_banking_industry,Frontend Developer for Banking Industry,web_development,typescript,TypeScript,core,medium,intermediate,6,css
frontend_developer_for_banking_industry,Frontend Developer for Banking Industry,web_development,vue_js,Vue.js,core,medium,intermediate,7,typescript
frontend_developer_for_banking_industry,Frontend Developer for Banking Industry,web_development,angular,Angular,core,medium,intermediate,8,vue_js
frontend_developer_for_banking_industry,Frontend Developer for Banking Industry,web_development,ui_ux,UI/UX,core,medium,intermediate,9,angular
frontend_developer_for_banking_industry,Frontend Developer for Banking Industry,web_development,react_js,React.js,core,medium,intermediate,10,ui_ux
frontend_developer_for_banking_industry,Frontend Developer for Banking Industry,web_development,machine_learning,Machine Learning,core,medium,intermediate,11,react_js
frontend_engineer,Frontend Engineer,web_development,html,HTML,fundamental,high,basic,1,
frontend_engineer,Frontend Engineer,web_development,javascript,JavaScript,fundamental,high,basic,2,html
frontend_engineer,Frontend Engineer,web_development,excel,Excel,fundamental,high,basic,3,javascript
frontend_engineer,Frontend Engineer,web_development,agile_scrum,Agile/Scrum,fundamental,medium,basic,4,excel
frontend_engineer,Frontend Engineer,web_development,git,Git,fundamental,medium,basic,5,agile_scrum
frontend_engineer,Frontend Engineer,web_development,css,CSS,fundamental,medium,basic,6,git
frontend_engineer,Frontend Engineer,web_development,typescript,TypeScript,core,medium,intermediate,7,css
frontend_engineer,Frontend Engineer,web_development,vue_js,Vue.js,core,medium,intermediate,8,typescript
frontend_engineer,Frontend Engineer,web_development,angular,Angular,core,medium,intermediate,9,vue_js
frontend_engineer,Frontend Engineer,web_development,tailwind_css,Tailwind CSS,core,medium,intermediate,10,angular
frontend_engineer,Frontend Engineer,web_development,react_js,React.js,core,medium,intermediate,11,tailwind_css
frontend_engineer,Frontend Engineer,web_development,golang,Golang,core,medium,intermediate,12,react_js
frontend_engineer,Frontend Engineer,web_development,figma,Figma,core,medium,intermediate,13,golang
frontend_engineer,Frontend Engineer,web_development,machine_learning,Machine Learning,core,medium,intermediate,14,figma
frontend_engineer,Frontend Engineer,web_development,next_js,Next.js,core,medium,intermediate,15,machine_learning
frontend_engineer_web_react_js,Frontend Engineer Web React.Js,ui_ux,html,HTML,fundamental,high,basic,1,
frontend_engineer_web_react_js,Frontend Engineer Web React.Js,ui_ux,javascript,JavaScript,fundamental,high,basic,2,html
frontend_engineer_web_react_js,Frontend Engineer Web React.Js,ui_ux,agile_scrum,Agile/Scrum,fundamental,high,basic,3,javascript
frontend_engineer_web_react_js,Frontend Engineer Web React.Js,ui_ux,git,Git,fundamental,medium,basic,4,agile_scrum
frontend_engineer_web_react_js,Frontend Engineer Web React.Js,ui_ux,css,CSS,fundamental,medium,basic,5,git
frontend_engineer_web_react_js,Frontend Engineer Web React.Js,ui_ux,typescript,TypeScript,core,medium,intermediate,6,css
frontend_engineer_web_react_js,Frontend Engineer Web React.Js,ui_ux,ui_ux,UI/UX,core,medium,intermediate,7,typescript
frontend_engineer_web_react_js,Frontend Engineer Web React.Js,ui_ux,rest_api,REST API,core,medium,intermediate,8,ui_ux
frontend_engineer_web_react_js,Frontend Engineer Web React.Js,ui_ux,machine_learning,Machine Learning,core,medium,intermediate,9,rest_api
frontend_engineer_web_react_js,Frontend Engineer Web React.Js,web_development,html,HTML,fundamental,high,basic,1,
frontend_engineer_web_react_js,Frontend Engineer Web React.Js,web_development,javascript,JavaScript,fundamental,high,basic,2,html
frontend_engineer_web_react_js,Frontend Engineer Web React.Js,web_development,agile_scrum,Agile/Scrum,fundamental,high,basic,3,javascript
frontend_engineer_web_react_js,Frontend Engineer Web React.Js,web_development,git,Git,fundamental,medium,basic,4,agile_scrum
frontend_engineer_web_react_js,Frontend Engineer Web React.Js,web_development,css,CSS,fundamental,medium,basic,5,git
frontend_engineer_web_react_js,Frontend Engineer Web React.Js,web_development,typescript,TypeScript,core,medium,intermediate,6,css
frontend_engineer_web_react_js,Frontend Engineer Web React.Js,web_development,ui_ux,UI/UX,core,medium,intermediate,7,typescript
frontend_engineer_web_react_js,Frontend Engineer Web React.Js,web_development,rest_api,REST API,core,medium,intermediate,8,ui_ux
frontend_engineer_web_react_js,Frontend Engineer Web React.Js,web_development,machine_learning,Machine Learning,core,medium,intermediate,9,rest_api
full_stack_developer,Full Stack Developer,ui_ux,javascript,JavaScript,fundamental,high,basic,1,
full_stack_developer,Full Stack Developer,ui_ux,sql,SQL,fundamental,high,basic,2,javascript
full_stack_developer,Full Stack Developer,ui_ux,html,HTML,fundamental,high,basic,3,sql
full_stack_developer,Full Stack Developer,ui_ux,java,Java,fundamental,medium,basic,4,html
full_stack_developer,Full Stack Developer,ui_ux,python,Python,fundamental,medium,basic,5,java
full_stack_developer,Full Stack Developer,ui_ux,php,PHP,fundamental,medium,basic,6,python
full_stack_developer,Full Stack Developer,ui_ux,git,Git,fundamental,medium,basic,7,php
full_stack_developer,Full Stack Developer,ui_ux,css,CSS,fundamental,medium,basic,8,git
full_stack_developer,Full Stack Developer,ui_ux,typescript,TypeScript,core,medium,intermediate,9,css
full_stack_developer,Full Stack Developer,ui_ux,ui_ux,UI/UX,core,medium,intermediate,10,typescript
full_stack_developer,Full Stack Developer,ui_ux,machine_learning,Machine Learning,core,medium,intermediate,11,ui_ux
full_stack_developer,Full Stack Developer,ui_ux,angular,Angular,core,medium,intermediate,12,machine_learning
full_stack_developer,Full Stack Developer,ui_ux,mysql,MySQL,core,medium,intermediate,13,angular
full_stack_developer,Full Stack Developer,ui_ux,figma,Figma,core,medium,intermediate,14,mysql
full_stack_developer,Full Stack Developer,ui_ux,node_js,Node.js,core,medium,intermediate,15,figma
full_stack_developer,Full Stack Developer,ui_ux,postgresql,PostgreSQL,core,medium,intermediate,16,node_js
full_stack_developer,Full Stack Developer,ui_ux,vue_js,Vue.js,core,medium,intermediate,17,postgresql
full_stack_developer,Full Stack Developer,ui_ux,rest_api,REST API,core,medium,intermediate,18,vue_js
full_stack_developer,Full Stack Developer,ui_ux,react_js,React.js,core,medium,intermediate,19,rest_api
full_stack_developer,Full Stack Developer,ui_ux,mongodb,MongoDB,core,medium,intermediate,20,react_js
full_stack_developer,Full Stack Developer,ui_ux,graphql,GraphQL,core,medium,intermediate,21,mongodb
full_stack_developer,Full Stack Developer,ui_ux,aws,AWS,advanced,medium,advanced,22,graphql
full_stack_developer,Full Stack Developer,ui_ux,gcp,GCP,advanced,medium,advanced,23,aws
full_stack_developer,Full Stack Developer,ui_ux,ci_cd,CI/CD,advanced,medium,advanced,24,gcp
full_stack_developer,Full Stack Developer,web_development,javascript,JavaScript,fundamental,high,basic,1,
full_stack_developer,Full Stack Developer,web_development,sql,SQL,fundamental,high,basic,2,javascript
full_stack_developer,Full Stack Developer,web_development,html,HTML,fundamental,high,basic,3,sql
full_stack_developer,Full Stack Developer,web_development,java,Java,fundamental,medium,basic,4,html
full_stack_developer,Full Stack Developer,web_development,python,Python,fundamental,medium,basic,5,java
full_stack_developer,Full Stack Developer,web_development,problem_solving,Problem Solving,fundamental,medium,basic,6,python
full_stack_developer,Full Stack Developer,web_development,php,PHP,fundamental,medium,basic,7,problem_solving
full_stack_developer,Full Stack Developer,web_development,git,Git,fundamental,medium,basic,8,php
full_stack_developer,Full Stack Developer,web_development,css,CSS,fundamental,medium,basic,9,git
full_stack_developer,Full Stack Developer,web_development,typescript,TypeScript,core,medium,intermediate,10,css
full_stack_developer,Full Stack Developer,web_development,ui_ux,UI/UX,core,medium,intermediate,11,typescript
full_stack_developer,Full Stack Developer,web_development,machine_learning,Machine Learning,core,medium,intermediate,12,ui_ux
full_stack_developer,Full Stack Developer,web_development,angular,Angular,core,medium,intermediate,13,machine_learning
full_stack_developer,Full Stack Developer,web_development,golang,Golang,core,medium,intermediate,14,angular
full_stack_developer,Full Stack Developer,web_development,mysql,MySQL,core,medium,intermediate,15,golang
full_stack_developer,Full Stack Developer,web_development,figma,Figma,core,medium,intermediate,16,mysql
full_stack_developer,Full Stack Developer,web_development,spring_boot,Spring Boot,core,medium,intermediate,17,figma
full_stack_developer,Full Stack Developer,web_development,react_native,React Native,core,medium,intermediate,18,spring_boot
full_stack_developer,Full Stack Developer,web_development,laravel,Laravel,core,medium,intermediate,19,react_native
full_stack_developer,Full Stack Developer,web_development,node_js,Node.js,core,medium,intermediate,20,laravel
full_stack_developer,Full Stack Developer,web_development,postgresql,PostgreSQL,core,medium,intermediate,21,node_js
full_stack_developer,Full Stack Developer,web_development,vue_js,Vue.js,core,medium,intermediate,22,postgresql
full_stack_developer,Full Stack Developer,web_development,_net,.NET,core,medium,intermediate,23,vue_js
full_stack_developer,Full Stack Developer,web_development,bootstrap,Bootstrap,core,medium,intermediate,24,_net
full_stack_developer,Full Stack Developer,web_development,rest_api,REST API,core,medium,intermediate,25,bootstrap
full_stack_developer,Full Stack Developer,web_development,react_js,React.js,core,medium,intermediate,26,rest_api
full_stack_developer,Full Stack Developer,web_development,mongodb,MongoDB,core,medium,intermediate,27,react_js
full_stack_developer,Full Stack Developer,web_development,next_js,Next.js,core,medium,intermediate,28,mongodb
full_stack_developer,Full Stack Developer,web_development,docker,Docker,advanced,medium,advanced,29,next_js
full_stack_developer,Full Stack Developer,web_development,aws,AWS,advanced,medium,advanced,30,docker
full_stack_developer,Full Stack Developer,web_development,azure,Azure,advanced,medium,advanced,31,aws
full_stack_developer,Full Stack Developer,web_development,linux,Linux,advanced,medium,advanced,32,azure
full_stack_developer,Full Stack Developer,web_development,microservices,Microservices,advanced,medium,advanced,33,linux
full_stack_developer,Full Stack Developer,web_development,kubernetes,Kubernetes,advanced,medium,advanced,34,microservices
full_stack_developer,Full Stack Developer,web_development,ci_cd,CI/CD,advanced,medium,advanced,35,kubernetes
full_stack_developer__node_js__react_js__sql__aws_,"Full Stack Developer (Node.js, React.js, SQL, AWS)",devops,javascript,JavaScript,fundamental,high,basic,1,
full_stack_developer__node_js__react_js__sql__aws_,"Full Stack Developer (Node.js, React.js, SQL, AWS)",devops,agile_scrum,Agile/Scrum,fundamental,high,basic,2,javascript
full_stack_developer__node_js__react_js__sql__aws_,"Full Stack Developer (Node.js, React.js, SQL, AWS)",devops,sql,SQL,fundamental,high,basic,3,agile_scrum
full_stack_developer__node_js__react_js__sql__aws_,"Full Stack Developer (Node.js, React.js, SQL, AWS)",devops,git,Git,fundamental,medium,basic,4,sql
full_stack_developer__node_js__react_js__sql__aws_,"Full Stack Developer (Node.js, React.js, SQL, AWS)",devops,typescript,TypeScript,core,medium,intermediate,5,git
full_stack_developer__node_js__react_js__sql__aws_,"Full Stack Developer (Node.js, React.js, SQL, AWS)",devops,ui_ux,UI/UX,core,medium,intermediate,6,typescript
full_stack_developer__node_js__react_js__sql__aws_,"Full Stack Developer (Node.js, React.js, SQL, AWS)",devops,node_js,Node.js,core,medium,intermediate,7,ui_ux
full_stack_developer__node_js__react_js__sql__aws_,"Full Stack Developer (Node.js, React.js, SQL, AWS)",devops,postgresql,PostgreSQL,core,medium,intermediate,8,node_js
full_stack_developer__node_js__react_js__sql__aws_,"Full Stack Developer (Node.js, React.js, SQL, AWS)",devops,rest_api,REST API,core,medium,intermediate,9,postgresql
full_stack_developer__node_js__react_js__sql__aws_,"Full Stack Developer (Node.js, React.js, SQL, AWS)",devops,react_js,React.js,core,medium,intermediate,10,rest_api
full_stack_developer__node_js__react_js__sql__aws_,"Full Stack Developer (Node.js, React.js, SQL, AWS)",devops,mysql,MySQL,core,medium,intermediate,11,react_js
full_stack_developer__node_js__react_js__sql__aws_,"Full Stack Developer (Node.js, React.js, SQL, AWS)",devops,mongodb,MongoDB,core,medium,intermediate,12,mysql
full_stack_developer__node_js__react_js__sql__aws_,"Full Stack Developer (Node.js, React.js, SQL, AWS)",devops,graphql,GraphQL,core,medium,intermediate,13,mongodb
full_stack_developer__node_js__react_js__sql__aws_,"Full Stack Developer (Node.js, React.js, SQL, AWS)",devops,microservices,Microservices,advanced,medium,advanced,14,graphql
full_stack_developer__node_js__react_js__sql__aws_,"Full Stack Developer (Node.js, React.js, SQL, AWS)",devops,ci_cd,CI/CD,advanced,medium,advanced,15,microservices
full_stack_developer__node_js__react_js__sql__aws_,"Full Stack Developer (Node.js, React.js, SQL, AWS)",devops,aws,AWS,advanced,medium,advanced,16,ci_cd
full_stack_developer__node_js__react_js__sql__aws_,"Full Stack Developer (Node.js, React.js, SQL, AWS)",web_development,javascript,JavaScript,fundamental,high,basic,1,
full_stack_developer__node_js__react_js__sql__aws_,"Full Stack Developer (Node.js, React.js, SQL, AWS)",web_development,agile_scrum,Agile/Scrum,fundamental,high,basic,2,javascript
full_stack_developer__node_js__react_js__sql__aws_,"Full Stack Developer (Node.js, React.js, SQL, AWS)",web_development,sql,SQL,fundamental,high,basic,3,agile_scrum
full_stack_developer__node_js__react_js__sql__aws_,"Full Stack Developer (Node.js, React.js, SQL, AWS)",web_development,git,Git,fundamental,medium,basic,4,sql
full_stack_developer__node_js__react_js__sql__aws_,"Full Stack Developer (Node.js, React.js, SQL, AWS)",web_development,typescript,TypeScript,core,medium,intermediate,5,git
full_stack_developer__node_js__react_js__sql__aws_,"Full Stack Developer (Node.js, React.js, SQL, AWS)",web_development,ui_ux,UI/UX,core,medium,intermediate,6,typescript
full_stack_developer__node_js__react_js__sql__aws_,"Full Stack Developer (Node.js, React.js, SQL, AWS)",web_development,node_js,Node.js,core,medium,intermediate,7,ui_ux
full_stack_developer__node_js__react_js__sql__aws_,"Full Stack Developer (Node.js, React.js, SQL, AWS)",web_development,postgresql,PostgreSQL,core,medium,intermediate,8,node_js
full_stack_developer__node_js__react_js__sql__aws_,"Full Stack Developer (Node.js, React.js, SQL, AWS)",web_development,rest_api,REST API,core,medium,intermediate,9,postgresql
full_stack_developer__node_js__react_js__sql__aws_,"Full Stack Developer (Node.js, React.js, SQL, AWS)",web_development,react_js,React.js,core,medium,intermediate,10,rest_api
full_stack_developer__node_js__react_js__sql__aws_,"Full Stack Developer (Node.js, React.js, SQL, AWS)",web_development,mysql,MySQL,core,medium,intermediate,11,react_js
full_stack_developer__node_js__react_js__sql__aws_,"Full Stack Developer (Node.js, React.js, SQL, AWS)",web_development,mongodb,MongoDB,core,medium,intermediate,12,mysql
full_stack_developer__node_js__react_js__sql__aws_,"Full Stack Developer (Node.js, React.js, SQL, AWS)",web_development,graphql,GraphQL,core,medium,intermediate,13,mongodb
full_stack_developer__node_js__react_js__sql__aws_,"Full Stack Developer (Node.js, React.js, SQL, AWS)",web_development,microservices,Microservices,advanced,medium,advanced,14,graphql
full_stack_developer__node_js__react_js__sql__aws_,"Full Stack Developer (Node.js, React.js, SQL, AWS)",web_development,ci_cd,CI/CD,advanced,medium,advanced,15,microservices
full_stack_developer__node_js__react_js__sql__aws_,"Full Stack Developer (Node.js, React.js, SQL, AWS)",web_development,aws,AWS,advanced,medium,advanced,16,ci_cd
full_stack_developer__nuxt_js___laravel_,Full Stack Developer (Nuxt.js & Laravel),ui_ux,javascript,JavaScript,fundamental,high,basic,1,
full_stack_developer__nuxt_js___laravel_,Full Stack Developer (Nuxt.js & Laravel),ui_ux,git,Git,fundamental,high,basic,2,javascript
full_stack_developer__nuxt_js___laravel_,Full Stack Developer (Nuxt.js & Laravel),ui_ux,laravel,Laravel,core,high,intermediate,3,git
full_stack_developer__nuxt_js___laravel_,Full Stack Developer (Nuxt.js & Laravel),ui_ux,typescript,TypeScript,core,medium,intermediate,4,laravel
full_stack_developer__nuxt_js___laravel_,Full Stack Developer (Nuxt.js & Laravel),ui_ux,postgresql,PostgreSQL,core,medium,intermediate,5,typescript
full_stack_developer__nuxt_js___laravel_,Full Stack Developer (Nuxt.js & Laravel),ui_ux,rest_api,REST API,core,medium,intermediate,6,postgresql
full_stack_developer__nuxt_js___laravel_,Full Stack Developer (Nuxt.js & Laravel),ui_ux,mysql,MySQL,core,medium,intermediate,7,rest_api
full_stack_developer__nuxt_js___laravel_,Full Stack Developer (Nuxt.js & Laravel),web_development,javascript,JavaScript,fundamental,high,basic,1,
full_stack_developer__nuxt_js___laravel_,Full Stack Developer (Nuxt.js & Laravel),web_development,git,Git,fundamental,high,basic,2,javascript
full_stack_developer__nuxt_js___laravel_,Full Stack Developer (Nuxt.js & Laravel),web_development,laravel,Laravel,core,high,intermediate,3,git
full_stack_developer__nuxt_js___laravel_,Full Stack Developer (Nuxt.js & Laravel),web_development,typescript,TypeScript,core,medium,intermediate,4,laravel
full_stack_developer__nuxt_js___laravel_,Full Stack Developer (Nuxt.js & Laravel),web_development,postgresql,PostgreSQL,core,medium,intermediate,5,typescript
full_stack_developer__nuxt_js___laravel_,Full Stack Developer (Nuxt.js & Laravel),web_development,rest_api,REST API,core,medium,intermediate,6,postgresql
full_stack_developer__nuxt_js___laravel_,Full Stack Developer (Nuxt.js & Laravel),web_development,mysql,MySQL,core,medium,intermediate,7,rest_api
full_stack_developer__python_,Full Stack Developer (Python),data_science,python,Python,fundamental,high,basic,1,
full_stack_developer__python_,Full Stack Developer (Python),data_science,javascript,JavaScript,fundamental,high,basic,2,python
full_stack_developer__python_,Full Stack Developer (Python),data_science,sql,SQL,fundamental,high,basic,3,javascript
full_stack_developer__python_,Full Stack Developer (Python),data_science,git,Git,fundamental,medium,basic,4,sql
full_stack_developer__python_,Full Stack Developer (Python),data_science,typescript,TypeScript,core,medium,intermediate,5,git
full_stack_developer__python_,Full Stack Developer (Python),data_science,django,Django,core,medium,intermediate,6,typescript
full_stack_developer__python_,Full Stack Developer (Python),data_science,rest_api,REST API,core,medium,intermediate,7,django
full_stack_developer__python_,Full Stack Developer (Python),data_science,react_js,React.js,core,medium,intermediate,8,rest_api
full_stack_developer__python_,Full Stack Developer (Python),data_science,fastapi,FastAPI,core,medium,intermediate,9,react_js
full_stack_developer__python_,Full Stack Developer (Python),data_science,golang,Golang,core,medium,intermediate,10,fastapi
full_stack_developer__python_,Full Stack Developer (Python),data_science,next_js,Next.js,core,medium,intermediate,11,golang
full_stack_developer__python_,Full Stack Developer (Python),data_science,azure,Azure,advanced,medium,advanced,12,next_js
full_stack_developer__python_,Full Stack Developer (Python),data_science,etl,ETL,advanced,medium,advanced,13,azure
full_stack_developer__python_,Full Stack Developer (Python),data_science,gcp,GCP,advanced,medium,advanced,14,etl
full_stack_developer__python_,Full Stack Developer (Python),data_science,aws,AWS,advanced,medium,advanced,15,gcp
full_stack_developer__python_,Full Stack Developer (Python),devops,python,Python,fundamental,high,basic,1,
full_stack_developer__python_,Full Stack Developer (Python),devops,javascript,JavaScript,fundamental,high,basic,2,python
full_stack_developer__python_,Full Stack Developer (Python),devops,sql,SQL,fundamental,high,basic,3,javascript
full_stack_developer__python_,Full Stack Developer (Python),devops,git,Git,fundamental,medium,basic,4,sql
full_stack_developer__python_,Full Stack Developer (Python),devops,typescript,TypeScript,core,medium,intermediate,5,git
full_stack_developer__python_,Full Stack Developer (Python),devops,django,Django,core,medium,intermediate,6,typescript
full_stack_developer__python_,Full Stack Developer (Python),devops,rest_api,REST API,core,medium,intermediate,7,django
full_stack_developer__python_,Full Stack Developer (Python),devops,react_js,React.js,core,medium,intermediate,8,rest_api
full_stack_developer__python_,Full Stack Developer (Python),devops,fastapi,FastAPI,core,medium,intermediate,9,react_js
full_stack_developer__python_,Full Stack Developer (Python),devops,golang,Golang,core,medium,intermediate,10,fastapi
full_stack_developer__python_,Full Stack Developer (Python),devops,next_js,Next.js,core,medium,intermediate,11,golang
full_stack_developer__python_,Full Stack Developer (Python),devops,azure,Azure,advanced,medium,advanced,12,next_js
full_stack_developer__python_,Full Stack Developer (Python),devops,etl,ETL,advanced,medium,advanced,13,azure
full_stack_developer__python_,Full Stack Developer (Python),devops,gcp,GCP,advanced,medium,advanced,14,etl
full_stack_developer__python_,Full Stack Developer (Python),devops,aws,AWS,advanced,medium,advanced,15,gcp
full_stack_developer__python_,Full Stack Developer (Python),web_development,python,Python,fundamental,high,basic,1,
full_stack_developer__python_,Full Stack Developer (Python),web_development,javascript,JavaScript,fundamental,high,basic,2,python
full_stack_developer__python_,Full Stack Developer (Python),web_development,sql,SQL,fundamental,high,basic,3,javascript
full_stack_developer__python_,Full Stack Developer (Python),web_development,git,Git,fundamental,medium,basic,4,sql
full_stack_developer__python_,Full Stack Developer (Python),web_development,typescript,TypeScript,core,medium,intermediate,5,git
full_stack_developer__python_,Full Stack Developer (Python),web_development,django,Django,core,medium,intermediate,6,typescript
full_stack_developer__python_,Full Stack Developer (Python),web_development,rest_api,REST API,core,medium,intermediate,7,django
full_stack_developer__python_,Full Stack Developer (Python),web_development,react_js,React.js,core,medium,intermediate,8,rest_api
full_stack_developer__python_,Full Stack Developer (Python),web_development,fastapi,FastAPI,core,medium,intermediate,9,react_js
full_stack_developer__python_,Full Stack Developer (Python),web_development,golang,Golang,core,medium,intermediate,10,fastapi
full_stack_developer__python_,Full Stack Developer (Python),web_development,next_js,Next.js,core,medium,intermediate,11,golang
full_stack_developer__python_,Full Stack Developer (Python),web_development,azure,Azure,advanced,medium,advanced,12,next_js
full_stack_developer__python_,Full Stack Developer (Python),web_development,etl,ETL,advanced,medium,advanced,13,azure
full_stack_developer__python_,Full Stack Developer (Python),web_development,gcp,GCP,advanced,medium,advanced,14,etl
full_stack_developer__python_,Full Stack Developer (Python),web_development,aws,AWS,advanced,medium,advanced,15,gcp
full_stack_developer__senior_,Full Stack Developer (Senior),ui_ux,html,HTML,fundamental,high,basic,1,
full_stack_developer__senior_,Full Stack Developer (Senior),ui_ux,javascript,JavaScript,fundamental,high,basic,2,html
full_stack_developer__senior_,Full Stack Developer (Senior),ui_ux,java,Java,fundamental,high,basic,3,javascript
full_stack_developer__senior_,Full Stack Developer (Senior),ui_ux,problem_solving,Problem Solving,fundamental,medium,basic,4,java
full_stack_developer__senior_,Full Stack Developer (Senior),ui_ux,sql,SQL,fundamental,medium,basic,5,problem_solving
full_stack_developer__senior_,Full Stack Developer (Senior),ui_ux,css,CSS,fundamental,medium,basic,6,sql
full_stack_developer__senior_,Full Stack Developer (Senior),ui_ux,angular,Angular,core,medium,intermediate,7,css
full_stack_developer__senior_,Full Stack Developer (Senior),ui_ux,ui_ux,UI/UX,core,medium,intermediate,8,angular
full_stack_developer__senior_,Full Stack Developer (Senior),ui_ux,postgresql,PostgreSQL,core,medium,intermediate,9,ui_ux
full_stack_developer__senior_,Full Stack Developer (Senior),ui_ux,rest_api,REST API,core,medium,intermediate,10,postgresql
full_stack_developer__senior_,Full Stack Developer (Senior),ui_ux,golang,Golang,core,medium,intermediate,11,rest_api
full_stack_developer__senior_,Full Stack Developer (Senior),ui_ux,mysql,MySQL,core,medium,intermediate,12,golang
full_stack_engineer,Full Stack Engineer,devops,html,HTML,fundamental,high,basic,1,
full_stack_engineer,Full Stack Engineer,devops,javascript,JavaScript,fundamental,high,basic,2,html
full_stack_engineer,Full Stack Engineer,devops,java,Java,fundamental,high,basic,3,javascript
full_stack_engineer,Full Stack Engineer,devops,agile_scrum,Agile/Scrum,fundamental,medium,basic,4,java
full_stack_engineer,Full Stack Engineer,devops,sql,SQL,fundamental,medium,basic,5,agile_scrum
full_stack_engineer,Full Stack Engineer,devops,css,CSS,fundamental,medium,basic,6,sql
full_stack_engineer,Full Stack Engineer,devops,react_native,React Native,core,medium,intermediate,7,css
full_stack_engineer,Full Stack Engineer,devops,vue_js,Vue.js,core,medium,intermediate,8,react_native
full_stack_engineer,Full Stack Engineer,devops,graphql,GraphQL,core,medium,intermediate,9,vue_js
full_stack_engineer,Full Stack Engineer,devops,react_js,React.js,core,medium,intermediate,10,graphql
full_stack_engineer,Full Stack Engineer,devops,mongodb,MongoDB,core,medium,intermediate,11,react_js
full_stack_engineer,Full Stack Engineer,devops,spring_boot,Spring Boot,core,medium,intermediate,12,mongodb
full_stack_engineer,Full Stack Engineer,devops,machine_learning,Machine Learning,core,medium,intermediate,13,spring_boot
full_stack_engineer,Full Stack Engineer,devops,azure,Azure,advanced,medium,advanced,14,machine_learning
full_stack_engineer,Full Stack Engineer,devops,microservices,Microservices,advanced,medium,advanced,15,azure
full_stack_engineer,Full Stack Engineer,devops,gcp,GCP,advanced,medium,advanced,16,microservices
full_stack_engineer,Full Stack Engineer,devops,aws,AWS,advanced,medium,advanced,17,gcp
full_stack_engineer,Full Stack Engineer,web_development,javascript,JavaScript,fundamental,high,basic,1,
full_stack_engineer,Full Stack Engineer,web_development,sql,SQL,fundamental,high,basic,2,javascript
full_stack_engineer,Full Stack Engineer,web_development,html,HTML,fundamental,high,basic,3,sql
full_stack_engineer,Full Stack Engineer,web_development,java,Java,fundamental,medium,basic,4,html
full_stack_engineer,Full Stack Engineer,web_development,agile_scrum,Agile/Scrum,fundamental,medium,basic,5,java
full_stack_engineer,Full Stack Engineer,web_development,python,Python,fundamental,medium,basic,6,agile_scrum
full_stack_engineer,Full Stack Engineer,web_development,git,Git,fundamental,medium,basic,7,python
full_stack_engineer,Full Stack Engineer,web_development,css,CSS,fundamental,medium,basic,8,git
full_stack_engineer,Full Stack Engineer,web_development,typescript,TypeScript,core,medium,intermediate,9,css
full_stack_engineer,Full Stack Engineer,web_development,machine_learning,Machine Learning,core,medium,intermediate,10,typescript
full_stack_engineer,Full Stack Engineer,web_development,fastapi,FastAPI,core,medium,intermediate,11,machine_learning
full_stack_engineer,Full Stack Engineer,web_development,spring_boot,Spring Boot,core,medium,intermediate,12,fastapi
full_stack_engineer,Full Stack Engineer,web_development,react_native,React Native,core,medium,intermediate,13,spring_boot
full_stack_engineer,Full Stack Engineer,web_development,vue_js,Vue.js,core,medium,intermediate,14,react_native
full_stack_engineer,Full Stack Engineer,web_development,rest_api,REST API,core,medium,intermediate,15,vue_js
full_stack_engineer,Full Stack Engineer,web_development,react_js,React.js,core,medium,intermediate,16,rest_api
full_stack_engineer,Full Stack Engineer,web_development,mongodb,MongoDB,core,medium,intermediate,17,react_js
full_stack_engineer,Full Stack Engineer,web_development,graphql,GraphQL,core,medium,intermediate,18,mongodb
full_stack_engineer,Full Stack Engineer,web_development,docker,Docker,advanced,medium,advanced,19,graphql
full_stack_engineer,Full Stack Engineer,web_development,aws,AWS,advanced,medium,advanced,20,docker
full_stack_engineer,Full Stack Engineer,web_development,azure,Azure,advanced,medium,advanced,21,aws
full_stack_engineer,Full Stack Engineer,web_development,linux,Linux,advanced,medium,advanced,22,azure
full_stack_engineer,Full Stack Engineer,web_development,microservices,Microservices,advanced,medium,advanced,23,linux
full_stack_engineer,Full Stack Engineer,web_development,kubernetes,Kubernetes,advanced,medium,advanced,24,microservices
full_stack_engineer,Full Stack Engineer,web_development,gcp,GCP,advanced,medium,advanced,25,kubernetes
full_stack_engineer__golang___react_js_,Full Stack Engineer (Golang + React.JS),web_development,javascript,JavaScript,fundamental,high,basic,1,
full_stack_engineer__golang___react_js_,Full Stack Engineer (Golang + React.JS),web_development,python,Python,fundamental,high,basic,2,javascript
full_stack_engineer__golang___react_js_,Full Stack Engineer (Golang + React.JS),web_development,sql,SQL,fundamental,high,basic,3,python
full_stack_engineer__golang___react_js_,Full Stack Engineer (Golang + React.JS),web_development,vue_js,Vue.js,core,medium,intermediate,4,sql
full_stack_engineer__golang___react_js_,Full Stack Engineer (Golang + React.JS),web_development,node_js,Node.js,core,medium,intermediate,5,vue_js
full_stack_engineer__golang___react_js_,Full Stack Engineer (Golang + React.JS),web_development,postgresql,PostgreSQL,core,medium,intermediate,6,node_js
full_stack_engineer__golang___react_js_,Full Stack Engineer (Golang + React.JS),web_development,react_js,React.js,core,medium,intermediate,7,postgresql
full_stack_engineer__golang___react_js_,Full Stack Engineer (Golang + React.JS),web_development,golang,Golang,core,medium,intermediate,8,react_js
full_stack_engineer__golang___react_js_,Full Stack Engineer (Golang + React.JS),web_development,mysql,MySQL,core,medium,intermediate,9,golang
full_stack_engineer__golang___react_js_,Full Stack Engineer (Golang + React.JS),web_development,next_js,Next.js,core,medium,intermediate,10,mysql
full_stack_it_developer_kubernetes_specialist__development___infrastructure_,Full Stack IT Developer Kubernetes Specialist (Development & Infrastructure),devops,javascript,JavaScript,fundamental,high,basic,1,
full_stack_it_developer_kubernetes_specialist__development___infrastructure_,Full Stack IT Developer Kubernetes Specialist (Development & Infrastructure),devops,sql,SQL,fundamental,high,basic,2,javascript
full_stack_it_developer_kubernetes_specialist__development___infrastructure_,Full Stack IT Developer Kubernetes Specialist (Development & Infrastructure),devops,python,Python,fundamental,high,basic,3,sql
full_stack_it_developer_kubernetes_specialist__development___infrastructure_,Full Stack IT Developer Kubernetes Specialist (Development & Infrastructure),devops,git,Git,fundamental,medium,basic,4,python
full_stack_it_developer_kubernetes_specialist__development___infrastructure_,Full Stack IT Developer Kubernetes Specialist (Development & Infrastructure),devops,typescript,TypeScript,core,medium,intermediate,5,git
full_stack_it_developer_kubernetes_specialist__development___infrastructure_,Full Stack IT Developer Kubernetes Specialist (Development & Infrastructure),devops,golang,Golang,core,medium,intermediate,6,typescript
full_stack_it_developer_kubernetes_specialist__development___infrastructure_,Full Stack IT Developer Kubernetes Specialist (Development & Infrastructure),devops,mysql,MySQL,core,medium,intermediate,7,golang
full_stack_it_developer_kubernetes_specialist__development___infrastructure_,Full Stack IT Developer Kubernetes Specialist (Development & Infrastructure),devops,node_js,Node.js,core,medium,intermediate,8,mysql
full_stack_it_developer_kubernetes_specialist__development___infrastructure_,Full Stack IT Developer Kubernetes Specialist (Development & Infrastructure),devops,postgresql,PostgreSQL,core,medium,intermediate,9,node_js
full_stack_it_developer_kubernetes_specialist__development___infrastructure_,Full Stack IT Developer Kubernetes Specialist (Development & Infrastructure),devops,next_js,Next.js,core,medium,intermediate,10,postgresql
full_stack_it_developer_kubernetes_specialist__development___infrastructure_,Full Stack IT Developer Kubernetes Specialist (Development & Infrastructure),devops,vue_js,Vue.js,core,medium,intermediate,11,next_js
full_stack_it_developer_kubernetes_specialist__development___infrastructure_,Full Stack IT Developer Kubernetes Specialist (Development & Infrastructure),devops,rest_api,REST API,core,medium,intermediate,12,vue_js
full_stack_it_developer_kubernetes_specialist__development___infrastructure_,Full Stack IT Developer Kubernetes Specialist (Development & Infrastructure),devops,react_js,React.js,core,medium,intermediate,13,rest_api
full_stack_it_developer_kubernetes_specialist__development___infrastructure_,Full Stack IT Developer Kubernetes Specialist (Development & Infrastructure),devops,mongodb,MongoDB,core,medium,intermediate,14,react_js
full_stack_it_developer_kubernetes_specialist__development___infrastructure_,Full Stack IT Developer Kubernetes Specialist (Development & Infrastructure),devops,graphql,GraphQL,core,medium,intermediate,15,mongodb
full_stack_it_developer_kubernetes_specialist__development___infrastructure_,Full Stack IT Developer Kubernetes Specialist (Development & Infrastructure),devops,docker,Docker,advanced,medium,advanced,16,graphql
full_stack_it_developer_kubernetes_specialist__development___infrastructure_,Full Stack IT Developer Kubernetes Specialist (Development & Infrastructure),devops,aws,AWS,advanced,medium,advanced,17,docker
full_stack_it_developer_kubernetes_specialist__development___infrastructure_,Full Stack IT Developer Kubernetes Specialist (Development & Infrastructure),devops,azure,Azure,advanced,medium,advanced,18,aws
full_stack_it_developer_kubernetes_specialist__development___infrastructure_,Full Stack IT Developer Kubernetes Specialist (Development & Infrastructure),devops,kubernetes,Kubernetes,advanced,medium,advanced,19,azure
full_stack_it_developer_kubernetes_specialist__development___infrastructure_,Full Stack IT Developer Kubernetes Specialist (Development & Infrastructure),devops,gcp,GCP,advanced,medium,advanced,20,kubernetes
full_stack_it_developer_kubernetes_specialist__development___infrastructure_,Full Stack IT Developer Kubernetes Specialist (Development & Infrastructure),web_development,javascript,JavaScript,fundamental,high,basic,1,
full_stack_it_developer_kubernetes_specialist__development___infrastructure_,Full Stack IT Developer Kubernetes Specialist (Development & Infrastructure),web_development,sql,SQL,fundamental,high,basic,2,javascript
full_stack_it_developer_kubernetes_specialist__development___infrastructure_,Full Stack IT Developer Kubernetes Specialist (Development & Infrastructure),web_development,python,Python,fundamental,high,basic,3,sql
full_stack_it_developer_kubernetes_specialist__development___infrastructure_,Full Stack IT Developer Kubernetes Specialist (Development & Infrastructure),web_development,git,Git,fundamental,medium,basic,4,python
full_stack_it_developer_kubernetes_specialist__development___infrastructure_,Full Stack IT Developer Kubernetes Specialist (Development & Infrastructure),web_development,typescript,TypeScript,core,medium,intermediate,5,git
full_stack_it_developer_kubernetes_specialist__development___infrastructure_,Full Stack IT Developer Kubernetes Specialist (Development & Infrastructure),web_development,golang,Golang,core,medium,intermediate,6,typescript
full_stack_it_developer_kubernetes_specialist__development___infrastructure_,Full Stack IT Developer Kubernetes Specialist (Development & Infrastructure),web_development,mysql,MySQL,core,medium,intermediate,7,golang
full_stack_it_developer_kubernetes_specialist__development___infrastructure_,Full Stack IT Developer Kubernetes Specialist (Development & Infrastructure),web_development,node_js,Node.js,core,medium,intermediate,8,mysql
full_stack_it_developer_kubernetes_specialist__development___infrastructure_,Full Stack IT Developer Kubernetes Specialist (Development & Infrastructure),web_development,postgresql,PostgreSQL,core,medium,intermediate,9,node_js
full_stack_it_developer_kubernetes_specialist__development___infrastructure_,Full Stack IT Developer Kubernetes Specialist (Development & Infrastructure),web_development,next_js,Next.js,core,medium,intermediate,10,postgresql
full_stack_it_developer_kubernetes_specialist__development___infrastructure_,Full Stack IT Developer Kubernetes Specialist (Development & Infrastructure),web_development,vue_js,Vue.js,core,medium,intermediate,11,next_js
full_stack_it_developer_kubernetes_specialist__development___infrastructure_,Full Stack IT Developer Kubernetes Specialist (Development & Infrastructure),web_development,rest_api,REST API,core,medium,intermediate,12,vue_js
full_stack_it_developer_kubernetes_specialist__development___infrastructure_,Full Stack IT Developer Kubernetes Specialist (Development & Infrastructure),web_development,react_js,React.js,core,medium,intermediate,13,rest_api
full_stack_it_developer_kubernetes_specialist__development___infrastructure_,Full Stack IT Developer Kubernetes Specialist (Development & Infrastructure),web_development,mongodb,MongoDB,core,medium,intermediate,14,react_js
full_stack_it_developer_kubernetes_specialist__development___infrastructure_,Full Stack IT Developer Kubernetes Specialist (Development & Infrastructure),web_development,graphql,GraphQL,core,medium,intermediate,15,mongodb
full_stack_it_developer_kubernetes_specialist__development___infrastructure_,Full Stack IT Developer Kubernetes Specialist (Development & Infrastructure),web_development,docker,Docker,advanced,medium,advanced,16,graphql
full_stack_it_developer_kubernetes_specialist__development___infrastructure_,Full Stack IT Developer Kubernetes Specialist (Development & Infrastructure),web_development,aws,AWS,advanced,medium,advanced,17,docker
full_stack_it_developer_kubernetes_specialist__development___infrastructure_,Full Stack IT Developer Kubernetes Specialist (Development & Infrastructure),web_development,azure,Azure,advanced,medium,advanced,18,aws
full_stack_it_developer_kubernetes_specialist__development___infrastructure_,Full Stack IT Developer Kubernetes Specialist (Development & Infrastructure),web_development,kubernetes,Kubernetes,advanced,medium,advanced,19,azure
full_stack_it_developer_kubernetes_specialist__development___infrastructure_,Full Stack IT Developer Kubernetes Specialist (Development & Infrastructure),web_development,gcp,GCP,advanced,medium,advanced,20,kubernetes
full_stack_team_lead_engineering_manager,Full Stack Team Lead/Engineering Manager,devops,javascript,JavaScript,fundamental,high,basic,1,
full_stack_team_lead_engineering_manager,Full Stack Team Lead/Engineering Manager,devops,typescript,TypeScript,core,high,intermediate,2,javascript
full_stack_team_lead_engineering_manager,Full Stack Team Lead/Engineering Manager,devops,node_js,Node.js,core,high,intermediate,3,typescript
full_stack_team_lead_engineering_manager,Full Stack Team Lead/Engineering Manager,devops,postgresql,PostgreSQL,core,medium,intermediate,4,node_js
full_stack_team_lead_engineering_manager,Full Stack Team Lead/Engineering Manager,devops,react_js,React.js,core,medium,intermediate,5,postgresql
full_stack_team_lead_engineering_manager,Full Stack Team Lead/Engineering Manager,devops,mysql,MySQL,core,medium,intermediate,6,react_js
full_stack_team_lead_engineering_manager,Full Stack Team Lead/Engineering Manager,devops,mongodb,MongoDB,core,medium,intermediate,7,mysql
full_stack_team_lead_engineering_manager,Full Stack Team Lead/Engineering Manager,devops,next_js,Next.js,core,medium,intermediate,8,mongodb
full_stack_team_lead_engineering_manager,Full Stack Team Lead/Engineering Manager,devops,docker,Docker,advanced,medium,advanced,9,next_js
full_stack_team_lead_engineering_manager,Full Stack Team Lead/Engineering Manager,devops,ci_cd,CI/CD,advanced,medium,advanced,10,docker
full_stack_team_lead_engineering_manager,Full Stack Team Lead/Engineering Manager,devops,aws,AWS,advanced,medium,advanced,11,ci_cd
full_stack___mobile_developer__ai_ml_skills_,Full-Stack & Mobile Developer (AI/ML Skills),ai_ml,javascript,JavaScript,fundamental,high,basic,1,
full_stack___mobile_developer__ai_ml_skills_,Full-Stack & Mobile Developer (AI/ML Skills),ai_ml,python,Python,fundamental,high,basic,2,javascript
full_stack___mobile_developer__ai_ml_skills_,Full-Stack & Mobile Developer (AI/ML Skills),ai_ml,excel,Excel,fundamental,high,basic,3,python
full_stack___mobile_developer__ai_ml_skills_,Full-Stack & Mobile Developer (AI/ML Skills),ai_ml,php,PHP,fundamental,medium,basic,4,excel
full_stack___mobile_developer__ai_ml_skills_,Full-Stack & Mobile Developer (AI/ML Skills),ai_ml,typescript,TypeScript,core,medium,intermediate,5,php
full_stack___mobile_developer__ai_ml_skills_,Full-Stack & Mobile Developer (AI/ML Skills),ai_ml,node_js,Node.js,core,medium,intermediate,6,typescript
full_stack___mobile_developer__ai_ml_skills_,Full-Stack & Mobile Developer (AI/ML Skills),ai_ml,rest_api,REST API,core,medium,intermediate,7,node_js
full_stack___mobile_developer__ai_ml_skills_,Full-Stack & Mobile Developer (AI/ML Skills),ai_ml,react_js,React.js,core,medium,intermediate,8,rest_api
full_stack___mobile_developer__ai_ml_skills_,Full-Stack & Mobile Developer (AI/ML Skills),ai_ml,mongodb,MongoDB,core,medium,intermediate,9,react_js
full_stack___mobile_developer__ai_ml_skills_,Full-Stack & Mobile Developer (AI/ML Skills),ai_ml,machine_learning,Machine Learning,core,medium,intermediate,10,mongodb
full_stack___mobile_developer__ai_ml_skills_,Full-Stack & Mobile Developer (AI/ML Skills),ai_ml,tensorflow,TensorFlow,advanced,medium,advanced,11,machine_learning
full_stack___mobile_developer__ai_ml_skills_,Full-Stack & Mobile Developer (AI/ML Skills),ai_ml,aws,AWS,advanced,medium,advanced,12,tensorflow
full_stack___mobile_developer__ai_ml_skills_,Full-Stack & Mobile Developer (AI/ML Skills),ai_ml,pytorch,PyTorch,advanced,medium,advanced,13,aws
full_stack___mobile_developer__ai_ml_skills_,Full-Stack & Mobile Developer (AI/ML Skills),web_development,javascript,JavaScript,fundamental,high,basic,1,
full_stack___mobile_developer__ai_ml_skills_,Full-Stack & Mobile Developer (AI/ML Skills),web_development,python,Python,fundamental,high,basic,2,javascript
full_stack___mobile_developer__ai_ml_skills_,Full-Stack & Mobile Developer (AI/ML Skills),web_development,excel,Excel,fundamental,high,basic,3,python
full_stack___mobile_developer__ai_ml_skills_,Full-Stack & Mobile Developer (AI/ML Skills),web_development,php,PHP,fundamental,medium,basic,4,excel
full_stack___mobile_developer__ai_ml_skills_,Full-Stack & Mobile Developer (AI/ML Skills),web_development,typescript,TypeScript,core,medium,intermediate,5,php
full_stack___mobile_developer__ai_ml_skills_,Full-Stack & Mobile Developer (AI/ML Skills),web_development,node_js,Node.js,core,medium,intermediate,6,typescript
full_stack___mobile_developer__ai_ml_skills_,Full-Stack & Mobile Developer (AI/ML Skills),web_development,rest_api,REST API,core,medium,intermediate,7,node_js
full_stack___mobile_developer__ai_ml_skills_,Full-Stack & Mobile Developer (AI/ML Skills),web_development,react_js,React.js,core,medium,intermediate,8,rest_api
full_stack___mobile_developer__ai_ml_skills_,Full-Stack & Mobile Developer (AI/ML Skills),web_development,mongodb,MongoDB,core,medium,intermediate,9,react_js
full_stack___mobile_developer__ai_ml_skills_,Full-Stack & Mobile Developer (AI/ML Skills),web_development,machine_learning,Machine Learning,core,medium,intermediate,10,mongodb
full_stack___mobile_developer__ai_ml_skills_,Full-Stack & Mobile Developer (AI/ML Skills),web_development,tensorflow,TensorFlow,advanced,medium,advanced,11,machine_learning
full_stack___mobile_developer__ai_ml_skills_,Full-Stack & Mobile Developer (AI/ML Skills),web_development,aws,AWS,advanced,medium,advanced,12,tensorflow
full_stack___mobile_developer__ai_ml_skills_,Full-Stack & Mobile Developer (AI/ML Skills),web_development,pytorch,PyTorch,advanced,medium,advanced,13,aws
full_stack_engineer,Full-stack Engineer,web_development,javascript,JavaScript,fundamental,high,basic,1,
full_stack_engineer,Full-stack Engineer,web_development,python,Python,fundamental,high,basic,2,javascript
full_stack_engineer,Full-stack Engineer,web_development,typescript,TypeScript,core,high,intermediate,3,python
full_stack_engineer,Full-stack Engineer,web_development,node_js,Node.js,core,medium,intermediate,4,typescript
full_stack_engineer,Full-stack Engineer,web_development,postgresql,PostgreSQL,core,medium,intermediate,5,node_js
full_stack_engineer,Full-stack Engineer,web_development,rest_api,REST API,core,medium,intermediate,6,postgresql
full_stack_engineer,Full-stack Engineer,web_development,react_js,React.js,core,medium,intermediate,7,rest_api
full_stack_engineer,Full-stack Engineer,web_development,machine_learning,Machine Learning,core,medium,intermediate,8,react_js
full_stack_engineer,Full-stack Engineer,web_development,next_js,Next.js,core,medium,intermediate,9,machine_learning
fullstack_data_engineer,Fullstack Data Engineer,ui_ux,javascript,JavaScript,fundamental,high,basic,1,
fullstack_data_engineer,Fullstack Data Engineer,ui_ux,git,Git,fundamental,high,basic,2,javascript
fullstack_data_engineer,Fullstack Data Engineer,ui_ux,typescript,TypeScript,core,high,intermediate,3,git
fullstack_data_engineer,Fullstack Data Engineer,ui_ux,react_native,React Native,core,medium,intermediate,4,typescript
fullstack_data_engineer,Fullstack Data Engineer,ui_ux,vue_js,Vue.js,core,medium,intermediate,5,react_native
fullstack_data_engineer,Fullstack Data Engineer,ui_ux,angular,Angular,core,medium,intermediate,6,vue_js
fullstack_data_engineer,Fullstack Data Engineer,ui_ux,ui_ux,UI/UX,core,medium,intermediate,7,angular
fullstack_data_engineer,Fullstack Data Engineer,ui_ux,rest_api,REST API,core,medium,intermediate,8,ui_ux
fullstack_data_engineer,Fullstack Data Engineer,ui_ux,react_js,React.js,core,medium,intermediate,9,rest_api
fullstack_data_engineer,Fullstack Data Engineer,ui_ux,azure,Azure,advanced,medium,advanced,10,react_js
fullstack_data_engineer,Fullstack Data Engineer,ui_ux,docker,Docker,advanced,medium,advanced,11,azure
fullstack_data_engineer,Fullstack Data Engineer,ui_ux,kubernetes,Kubernetes,advanced,medium,advanced,12,docker
fullstack_data_engineer,Fullstack Data Engineer,ui_ux,ci_cd,CI/CD,advanced,medium,advanced,13,kubernetes
fullstack_data_engineer,Fullstack Data Engineer,ui_ux,microservices,Microservices,advanced,medium,advanced,14,ci_cd
fullstack_data_engineer,Fullstack Data Engineer,ui_ux,aws,AWS,advanced,medium,advanced,15,microservices
fullstack_developer,Fullstack Developer,devops,javascript,JavaScript,fundamental,high,basic,1,
fullstack_developer,Fullstack Developer,devops,sql,SQL,fundamental,high,basic,2,javascript
fullstack_developer,Fullstack Developer,devops,php,PHP,fundamental,high,basic,3,sql
fullstack_developer,Fullstack Developer,devops,typescript,TypeScript,core,medium,intermediate,4,php
fullstack_developer,Fullstack Developer,devops,laravel,Laravel,core,medium,intermediate,5,typescript
fullstack_developer,Fullstack Developer,devops,ui_ux,UI/UX,core,medium,intermediate,6,laravel
fullstack_developer,Fullstack Developer,devops,node_js,Node.js,core,medium,intermediate,7,ui_ux
fullstack_developer,Fullstack Developer,devops,react_js,React.js,core,medium,intermediate,8,node_js
fullstack_developer,Fullstack Developer,devops,mysql,MySQL,core,medium,intermediate,9,react_js
fullstack_developer,Fullstack Developer,ui_ux,python,Python,fundamental,high,basic,1,
fullstack_developer,Fullstack Developer,ui_ux,problem_solving,Problem Solving,fundamental,high,basic,2,python
fullstack_developer,Fullstack Developer,ui_ux,sql,SQL,fundamental,high,basic,3,problem_solving
fullstack_developer,Fullstack Developer,ui_ux,git,Git,fundamental,medium,basic,4,sql
fullstack_developer,Fullstack Developer,ui_ux,typescript,TypeScript,core,medium,intermediate,5,git
fullstack_developer,Fullstack Developer,ui_ux,ui_ux,UI/UX,core,medium,intermediate,6,typescript
fullstack_developer,Fullstack Developer,ui_ux,rest_api,REST API,core,medium,intermediate,7,ui_ux
fullstack_developer,Fullstack Developer,ui_ux,golang,Golang,core,medium,intermediate,8,rest_api
fullstack_developer,Fullstack Developer,ui_ux,azure,Azure,advanced,medium,advanced,9,golang
fullstack_developer,Fullstack Developer,ui_ux,docker,Docker,advanced,medium,advanced,10,azure
fullstack_developer,Fullstack Developer,ui_ux,gcp,GCP,advanced,medium,advanced,11,docker
fullstack_developer,Fullstack Developer,ui_ux,linux,Linux,advanced,medium,advanced,12,gcp
fullstack_developer,Fullstack Developer,ui_ux,aws,AWS,advanced,medium,advanced,13,linux
fullstack_developer,Fullstack Developer,web_development,javascript,JavaScript,fundamental,high,basic,1,
fullstack_developer,Fullstack Developer,web_development,sql,SQL,fundamental,high,basic,2,javascript
fullstack_developer,Fullstack Developer,web_development,html,HTML,fundamental,high,basic,3,sql
fullstack_developer,Fullstack Developer,web_development,java,Java,fundamental,medium,basic,4,html
fullstack_developer,Fullstack Developer,web_development,python,Python,fundamental,medium,basic,5,java
fullstack_developer,Fullstack Developer,web_development,problem_solving,Problem Solving,fundamental,medium,basic,6,python
fullstack_developer,Fullstack Developer,web_development,php,PHP,fundamental,medium,basic,7,problem_solving
fullstack_developer,Fullstack Developer,web_development,git,Git,fundamental,medium,basic,8,php
fullstack_developer,Fullstack Developer,web_development,css,CSS,fundamental,medium,basic,9,git
fullstack_developer,Fullstack Developer,web_development,typescript,TypeScript,core,medium,intermediate,10,css
fullstack_developer,Fullstack Developer,web_development,ui_ux,UI/UX,core,medium,intermediate,11,typescript
fullstack_developer,Fullstack Developer,web_development,golang,Golang,core,medium,intermediate,12,ui_ux
fullstack_developer,Fullstack Developer,web_development,mysql,MySQL,core,medium,intermediate,13,golang
fullstack_developer,Fullstack Developer,web_development,spring_boot,Spring Boot,core,medium,intermediate,14,mysql
fullstack_developer,Fullstack Developer,web_development,laravel,Laravel,core,medium,intermediate,15,spring_boot
fullstack_developer,Fullstack Developer,web_development,node_js,Node.js,core,medium,intermediate,16,laravel
fullstack_developer,Fullstack Developer,web_development,postgresql,PostgreSQL,core,medium,intermediate,17,node_js
fullstack_developer,Fullstack Developer,web_development,rest_api,REST API,core,medium,intermediate,18,postgresql
fullstack_developer,Fullstack Developer,web_development,react_js,React.js,core,medium,intermediate,19,rest_api
fullstack_developer,Fullstack Developer,web_development,next_js,Next.js,core,medium,intermediate,20,react_js
fullstack_developer,Fullstack Developer,web_development,docker,Docker,advanced,medium,advanced,21,next_js
fullstack_developer,Fullstack Developer,web_development,aws,AWS,advanced,medium,advanced,22,docker
fullstack_developer,Fullstack Developer,web_development,azure,Azure,advanced,medium,advanced,23,aws
fullstack_developer,Fullstack Developer,web_development,linux,Linux,advanced,medium,advanced,24,azure
fullstack_developer,Fullstack Developer,web_development,microservices,Microservices,advanced,medium,advanced,25,linux
fullstack_developer,Fullstack Developer,web_development,gcp,GCP,advanced,medium,advanced,26,microservices
fullstack_developer___php__,Fullstack Developer ( PHP ),web_development,javascript,JavaScript,fundamental,high,basic,1,
fullstack_developer___php__,Fullstack Developer ( PHP ),web_development,sql,SQL,fundamental,high,basic,2,javascript
fullstack_developer___php__,Fullstack Developer ( PHP ),web_development,html,HTML,fundamental,high,basic,3,sql
fullstack_developer___php__,Fullstack Developer ( PHP ),web_development,php,PHP,fundamental,medium,basic,4,html
fullstack_developer___php__,Fullstack Developer ( PHP ),web_development,git,Git,fundamental,medium,basic,5,php
fullstack_developer___php__,Fullstack Developer ( PHP ),web_development,css,CSS,fundamental,medium,basic,6,git
fullstack_developer___php__,Fullstack Developer ( PHP ),web_development,ui_ux,UI/UX,core,medium,intermediate,7,css
fullstack_developer___php__,Fullstack Developer ( PHP ),web_development,machine_learning,Machine Learning,core,medium,intermediate,8,ui_ux
fullstack_developer___php__,Fullstack Developer ( PHP ),web_development,angular,Angular,core,medium,intermediate,9,machine_learning
fullstack_developer___php__,Fullstack Developer ( PHP ),web_development,mysql,MySQL,core,medium,intermediate,10,angular
fullstack_developer___php__,Fullstack Developer ( PHP ),web_development,laravel,Laravel,core,medium,intermediate,11,mysql
fullstack_developer___php__,Fullstack Developer ( PHP ),web_development,node_js,Node.js,core,medium,intermediate,12,laravel
fullstack_developer___php__,Fullstack Developer ( PHP ),web_development,postgresql,PostgreSQL,core,medium,intermediate,13,node_js
fullstack_developer___php__,Fullstack Developer ( PHP ),web_development,vue_js,Vue.js,core,medium,intermediate,14,postgresql
fullstack_developer___php__,Fullstack Developer ( PHP ),web_development,rest_api,REST API,core,medium,intermediate,15,vue_js
fullstack_developer___php__,Fullstack Developer ( PHP ),web_development,react_js,React.js,core,medium,intermediate,16,rest_api
fullstack_developer___php__,Fullstack Developer ( PHP ),web_development,docker,Docker,advanced,medium,advanced,17,react_js
fullstack_developer___php__,Fullstack Developer ( PHP ),web_development,aws,AWS,advanced,medium,advanced,18,docker
fullstack_developer___php__,Fullstack Developer ( PHP ),web_development,microservices,Microservices,advanced,medium,advanced,19,aws
fullstack_developer___php__,Fullstack Developer ( PHP ),web_development,gcp,GCP,advanced,medium,advanced,20,microservices
fullstack_developer___php__,Fullstack Developer ( PHP ),web_development,ci_cd,CI/CD,advanced,medium,advanced,21,gcp
fullstack_developer___net_,Fullstack Developer (.Net),web_development,problem_solving,Problem Solving,fundamental,high,basic,1,
fullstack_developer___net_,Fullstack Developer (.Net),web_development,sql,SQL,fundamental,high,basic,2,problem_solving
fullstack_developer___net_,Fullstack Developer (.Net),web_development,typescript,TypeScript,core,high,intermediate,3,sql
fullstack_developer___net_,Fullstack Developer (.Net),web_development,angular,Angular,core,medium,intermediate,4,typescript
fullstack_developer___net_,Fullstack Developer (.Net),web_development,ui_ux,UI/UX,core,medium,intermediate,5,angular
fullstack_developer___net_,Fullstack Developer (.Net),web_development,rest_api,REST API,core,medium,intermediate,6,ui_ux
fullstack_developer___net_,Fullstack Developer (.Net),web_development,react_js,React.js,core,medium,intermediate,7,rest_api
fullstack_developer___net_,Fullstack Developer (.Net),web_development,aws,AWS,advanced,medium,advanced,8,react_js
fullstack_developer__ai_assisted_dev__node_js__react__graphql_,"Fullstack Developer (AI-Assisted Dev, Node.js, React, GraphQL)",web_development,javascript,JavaScript,fundamental,high,basic,1,
fullstack_developer__ai_assisted_dev__node_js__react__graphql_,"Fullstack Developer (AI-Assisted Dev, Node.js, React, GraphQL)",web_development,git,Git,fundamental,high,basic,2,javascript
fullstack_developer__ai_assisted_dev__node_js__react__graphql_,"Fullstack Developer (AI-Assisted Dev, Node.js, React, GraphQL)",web_development,typescript,TypeScript,core,high,intermediate,3,git
fullstack_developer__ai_assisted_dev__node_js__react__graphql_,"Fullstack Developer (AI-Assisted Dev, Node.js, React, GraphQL)",web_development,graphql,GraphQL,core,medium,intermediate,4,typescript
fullstack_developer__ai_assisted_dev__node_js__react__graphql_,"Fullstack Developer (AI-Assisted Dev, Node.js, React, GraphQL)",web_development,node_js,Node.js,core,medium,intermediate,5,graphql
fullstack_developer__ai_assisted_dev__node_js__react__graphql_,"Fullstack Developer (AI-Assisted Dev, Node.js, React, GraphQL)",web_development,rest_api,REST API,core,medium,intermediate,6,node_js
fullstack_developer__ai_assisted_dev__node_js__react__graphql_,"Fullstack Developer (AI-Assisted Dev, Node.js, React, GraphQL)",web_development,react_js,React.js,core,medium,intermediate,7,rest_api
fullstack_developer__ai_assisted_dev__node_js__react__graphql_,"Fullstack Developer (AI-Assisted Dev, Node.js, React, GraphQL)",web_development,machine_learning,Machine Learning,core,medium,intermediate,8,react_js
fullstack_developer__ai_assisted_dev__node_js__react__graphql_,"Fullstack Developer (AI-Assisted Dev, Node.js, React, GraphQL)",web_development,next_js,Next.js,core,medium,intermediate,9,machine_learning
fullstack_developer__javaspringboot___vuejs_,Fullstack Developer (Javaspringboot & VueJS),devops,java,Java,fundamental,high,basic,1,
fullstack_developer__javaspringboot___vuejs_,Fullstack Developer (Javaspringboot & VueJS),devops,javascript,JavaScript,fundamental,high,basic,2,java
fullstack_developer__javaspringboot___vuejs_,Fullstack Developer (Javaspringboot & VueJS),devops,agile_scrum,Agile/Scrum,fundamental,high,basic,3,javascript
fullstack_developer__javaspringboot___vuejs_,Fullstack Developer (Javaspringboot & VueJS),devops,css,CSS,fundamental,medium,basic,4,agile_scrum
fullstack_developer__javaspringboot___vuejs_,Fullstack Developer (Javaspringboot & VueJS),devops,vue_js,Vue.js,core,medium,intermediate,5,css
fullstack_developer__javaspringboot___vuejs_,Fullstack Developer (Javaspringboot & VueJS),devops,angular,Angular,core,medium,intermediate,6,vue_js
fullstack_developer__javaspringboot___vuejs_,Fullstack Developer (Javaspringboot & VueJS),devops,rest_api,REST API,core,medium,intermediate,7,angular
fullstack_developer__javaspringboot___vuejs_,Fullstack Developer (Javaspringboot & VueJS),devops,react_js,React.js,core,medium,intermediate,8,rest_api
fullstack_developer__javaspringboot___vuejs_,Fullstack Developer (Javaspringboot & VueJS),devops,golang,Golang,core,medium,intermediate,9,react_js
fullstack_developer__javaspringboot___vuejs_,Fullstack Developer (Javaspringboot & VueJS),devops,mysql,MySQL,core,medium,intermediate,10,golang
fullstack_developer__javaspringboot___vuejs_,Fullstack Developer (Javaspringboot & VueJS),devops,spring_boot,Spring Boot,core,medium,intermediate,11,mysql
fullstack_developer__javaspringboot___vuejs_,Fullstack Developer (Javaspringboot & VueJS),web_development,java,Java,fundamental,high,basic,1,
fullstack_developer__javaspringboot___vuejs_,Fullstack Developer (Javaspringboot & VueJS),web_development,javascript,JavaScript,fundamental,high,basic,2,java
fullstack_developer__javaspringboot___vuejs_,Fullstack Developer (Javaspringboot & VueJS),web_development,agile_scrum,Agile/Scrum,fundamental,high,basic,3,javascript
fullstack_developer__javaspringboot___vuejs_,Fullstack Developer (Javaspringboot & VueJS),web_development,css,CSS,fundamental,medium,basic,4,agile_scrum
fullstack_developer__javaspringboot___vuejs_,Fullstack Developer (Javaspringboot & VueJS),web_development,vue_js,Vue.js,core,medium,intermediate,5,css
fullstack_developer__javaspringboot___vuejs_,Fullstack Developer (Javaspringboot & VueJS),web_development,angular,Angular,core,medium,intermediate,6,vue_js
fullstack_developer__javaspringboot___vuejs_,Fullstack Developer (Javaspringboot & VueJS),web_development,rest_api,REST API,core,medium,intermediate,7,angular
fullstack_developer__javaspringboot___vuejs_,Fullstack Developer (Javaspringboot & VueJS),web_development,react_js,React.js,core,medium,intermediate,8,rest_api
fullstack_developer__javaspringboot___vuejs_,Fullstack Developer (Javaspringboot & VueJS),web_development,golang,Golang,core,medium,intermediate,9,react_js
fullstack_developer__javaspringboot___vuejs_,Fullstack Developer (Javaspringboot & VueJS),web_development,mysql,MySQL,core,medium,intermediate,10,golang
fullstack_developer__javaspringboot___vuejs_,Fullstack Developer (Javaspringboot & VueJS),web_development,spring_boot,Spring Boot,core,medium,intermediate,11,mysql
fullstack_developer_associate_manager,Fullstack Developer Associate Manager,ui_ux,java,Java,fundamental,high,basic,1,
fullstack_developer_associate_manager,Fullstack Developer Associate Manager,ui_ux,javascript,JavaScript,fundamental,high,basic,2,java
fullstack_developer_associate_manager,Fullstack Developer Associate Manager,ui_ux,python,Python,fundamental,high,basic,3,javascript
fullstack_developer_associate_manager,Fullstack Developer Associate Manager,ui_ux,problem_solving,Problem Solving,fundamental,medium,basic,4,python
fullstack_developer_associate_manager,Fullstack Developer Associate Manager,ui_ux,typescript,TypeScript,core,medium,intermediate,5,problem_solving
fullstack_developer_associate_manager,Fullstack Developer Associate Manager,ui_ux,postgresql,PostgreSQL,core,medium,intermediate,6,typescript
fullstack_developer_associate_manager,Fullstack Developer Associate Manager,ui_ux,golang,Golang,core,medium,intermediate,7,postgresql
fullstack_developer_associate_manager,Fullstack Developer Associate Manager,ui_ux,mysql,MySQL,core,medium,intermediate,8,golang
fullstack_developer_associate_manager,Fullstack Developer Associate Manager,ui_ux,spring_boot,Spring Boot,core,medium,intermediate,9,mysql
fullstack_developer_associate_manager,Fullstack Developer Associate Manager,ui_ux,microservices,Microservices,advanced,medium,advanced,10,spring_boot
fullstack_engineer,Fullstack Engineer,devops,javascript,JavaScript,fundamental,high,basic,1,
fullstack_engineer,Fullstack Engineer,devops,php,PHP,fundamental,high,basic,2,javascript
fullstack_engineer,Fullstack Engineer,devops,laravel,Laravel,core,high,intermediate,3,php
fullstack_engineer,Fullstack Engineer,devops,rest_api,REST API,core,medium,intermediate,4,laravel
fullstack_engineer,Fullstack Engineer,devops,svelte,Svelte,core,medium,intermediate,5,rest_api
fullstack_engineer,Fullstack Engineer,devops,golang,Golang,core,medium,intermediate,6,svelte
fullstack_engineer,Fullstack Engineer,web_development,javascript,JavaScript,fundamental,high,basic,1,
fullstack_engineer,Fullstack Engineer,web_development,php,PHP,fundamental,high,basic,2,javascript
fullstack_engineer,Fullstack Engineer,web_development,laravel,Laravel,core,high,intermediate,3,php
fullstack_engineer,Fullstack Engineer,web_development,rest_api,REST API,core,medium,intermediate,4,laravel
fullstack_engineer,Fullstack Engineer,web_development,svelte,Svelte,core,medium,intermediate,5,rest_api
fullstack_engineer,Fullstack Engineer,web_development,golang,Golang,core,medium,intermediate,6,svelte
fullstack_programmer,Fullstack Programmer,web_development,php,PHP,fundamental,high,basic,1,
fullstack_programmer,Fullstack Programmer,web_development,javascript,JavaScript,fundamental,high,basic,2,php
fullstack_programmer,Fullstack Programmer,web_development,laravel,Laravel,core,high,intermediate,3,javascript
fullstack_programmer,Fullstack Programmer,web_development,mysql,MySQL,core,medium,intermediate,4,laravel
fullstack_developer,Fullstack developer,devops,javascript,JavaScript,fundamental,high,basic,1,
fullstack_developer,Fullstack developer,devops,git,Git,fundamental,high,basic,2,javascript
fullstack_developer,Fullstack developer,devops,vue_js,Vue.js,core,high,intermediate,3,git
fullstack_developer,Fullstack developer,devops,angular,Angular,core,medium,intermediate,4,vue_js
fullstack_developer,Fullstack developer,devops,laravel,Laravel,core,medium,intermediate,5,angular
fullstack_developer,Fullstack developer,devops,node_js,Node.js,core,medium,intermediate,6,laravel
fullstack_developer,Fullstack developer,devops,rest_api,REST API,core,medium,intermediate,7,node_js
fullstack_developer,Fullstack developer,devops,react_js,React.js,core,medium,intermediate,8,rest_api
fullstack_developer,Fullstack developer,devops,mongodb,MongoDB,core,medium,intermediate,9,react_js
fullstack_developer,Fullstack developer,devops,next_js,Next.js,core,medium,intermediate,10,mongodb
fullstack_developer,Fullstack developer,devops,microservices,Microservices,advanced,medium,advanced,11,next_js
fullstack_developer,Fullstack developer,web_development,javascript,JavaScript,fundamental,high,basic,1,
fullstack_developer,Fullstack developer,web_development,git,Git,fundamental,high,basic,2,javascript
fullstack_developer,Fullstack developer,web_development,vue_js,Vue.js,core,high,intermediate,3,git
fullstack_developer,Fullstack developer,web_development,angular,Angular,core,medium,intermediate,4,vue_js
fullstack_developer,Fullstack developer,web_development,laravel,Laravel,core,medium,intermediate,5,angular
fullstack_developer,Fullstack developer,web_development,node_js,Node.js,core,medium,intermediate,6,laravel
fullstack_developer,Fullstack developer,web_development,rest_api,REST API,core,medium,intermediate,7,node_js
fullstack_developer,Fullstack developer,web_development,react_js,React.js,core,medium,intermediate,8,rest_api
fullstack_developer,Fullstack developer,web_development,mongodb,MongoDB,core,medium,intermediate,9,react_js
fullstack_developer,Fullstack developer,web_development,next_js,Next.js,core,medium,intermediate,10,mongodb
fullstack_developer,Fullstack developer,web_development,microservices,Microservices,advanced,medium,advanced,11,next_js
fullstack_frontend_web_developer,Fullstack/Frontend Web Developer,ui_ux,ruby,Ruby,fundamental,high,basic,1,
fullstack_frontend_web_developer,Fullstack/Frontend Web Developer,ui_ux,html,HTML,fundamental,high,basic,2,ruby
fullstack_frontend_web_developer,Fullstack/Frontend Web Developer,ui_ux,javascript,JavaScript,fundamental,high,basic,3,html
fullstack_frontend_web_developer,Fullstack/Frontend Web Developer,ui_ux,agile_scrum,Agile/Scrum,fundamental,medium,basic,4,javascript
fullstack_frontend_web_developer,Fullstack/Frontend Web Developer,ui_ux,git,Git,fundamental,medium,basic,5,agile_scrum
fullstack_frontend_web_developer,Fullstack/Frontend Web Developer,ui_ux,css,CSS,fundamental,medium,basic,6,git
fullstack_frontend_web_developer,Fullstack/Frontend Web Developer,ui_ux,typescript,TypeScript,core,medium,intermediate,7,css
fullstack_frontend_web_developer,Fullstack/Frontend Web Developer,ui_ux,ui_ux,UI/UX,core,medium,intermediate,8,typescript
fullstack_frontend_web_developer,Fullstack/Frontend Web Developer,ui_ux,prototyping,Prototyping,core,medium,intermediate,9,ui_ux
fullstack_frontend_web_developer,Fullstack/Frontend Web Developer,ui_ux,tailwind_css,Tailwind CSS,core,medium,intermediate,10,prototyping
fullstack_frontend_web_developer,Fullstack/Frontend Web Developer,ui_ux,rest_api,REST API,core,medium,intermediate,11,tailwind_css
fullstack_frontend_web_developer,Fullstack/Frontend Web Developer,ui_ux,mysql,MySQL,core,medium,intermediate,12,rest_api
fullstack_frontend_web_developer,Fullstack/Frontend Web Developer,ui_ux,ci_cd,CI/CD,advanced,medium,advanced,13,mysql
fullstack_frontend_web_developer,Fullstack/Frontend Web Developer,web_development,ruby,Ruby,fundamental,high,basic,1,
fullstack_frontend_web_developer,Fullstack/Frontend Web Developer,web_development,html,HTML,fundamental,high,basic,2,ruby
fullstack_frontend_web_developer,Fullstack/Frontend Web Developer,web_development,javascript,JavaScript,fundamental,high,basic,3,html
fullstack_frontend_web_developer,Fullstack/Frontend Web Developer,web_development,agile_scrum,Agile/Scrum,fundamental,medium,basic,4,javascript
fullstack_frontend_web_developer,Fullstack/Frontend Web Developer,web_development,git,Git,fundamental,medium,basic,5,agile_scrum
fullstack_frontend_web_developer,Fullstack/Frontend Web Developer,web_development,css,CSS,fundamental,medium,basic,6,git
fullstack_frontend_web_developer,Fullstack/Frontend Web Developer,web_development,typescript,TypeScript,core,medium,intermediate,7,css
fullstack_frontend_web_developer,Fullstack/Frontend Web Developer,web_development,ui_ux,UI/UX,core,medium,intermediate,8,typescript
fullstack_frontend_web_developer,Fullstack/Frontend Web Developer,web_development,prototyping,Prototyping,core,medium,intermediate,9,ui_ux
fullstack_frontend_web_developer,Fullstack/Frontend Web Developer,web_development,tailwind_css,Tailwind CSS,core,medium,intermediate,10,prototyping
fullstack_frontend_web_developer,Fullstack/Frontend Web Developer,web_development,rest_api,REST API,core,medium,intermediate,11,tailwind_css
fullstack_frontend_web_developer,Fullstack/Frontend Web Developer,web_development,mysql,MySQL,core,medium,intermediate,12,rest_api
fullstack_frontend_web_developer,Fullstack/Frontend Web Developer,web_development,ci_cd,CI/CD,advanced,medium,advanced,13,mysql
gm_of_sales___diagnostic___measurement,GM of Sales - Diagnostic & Measurement,data_science,excel,Excel,fundamental,high,basic,1,
gm_of_sales___diagnostic___measurement,GM of Sales - Diagnostic & Measurement,data_science,typescript,TypeScript,core,high,intermediate,2,excel
graphic_designer___verites___good_perfume_studio,GRAPHIC DESIGNER @ Verites & Good Perfume Studio,ui_ux,excel,Excel,fundamental,high,basic,1,
graphic_designer___verites___good_perfume_studio,GRAPHIC DESIGNER @ Verites & Good Perfume Studio,ui_ux,typescript,TypeScript,core,high,intermediate,2,excel
graphic_designer___verites___good_perfume_studio,GRAPHIC DESIGNER @ Verites & Good Perfume Studio,ui_ux,next_js,Next.js,core,high,intermediate,3,typescript
grc_staff__it_,GRC Staff (IT),cyber_security,typescript,TypeScript,core,high,intermediate,1,
grc_staff__it_,GRC Staff (IT),cyber_security,penetration_testing,Penetration Testing,advanced,high,advanced,2,typescript
grc_staff__it_,GRC Staff (IT),cyber_security,cybersecurity,Cybersecurity,advanced,high,advanced,3,penetration_testing
game_designer,Game Designer,ui_ux,excel,Excel,fundamental,high,basic,1,
game_designer,Game Designer,ui_ux,typescript,TypeScript,core,high,intermediate,2,excel
game_designer,Game Designer,ui_ux,ui_ux,UI/UX,core,high,intermediate,3,typescript
game_designer,Game Designer,ui_ux,golang,Golang,core,medium,intermediate,4,ui_ux
game_designer,Game Designer,ui_ux,figma,Figma,core,medium,intermediate,5,golang
game_designer,Game Designer,ui_ux,next_js,Next.js,core,medium,intermediate,6,figma
game_developer_2d,Game Developer 2D,ui_ux,problem_solving,Problem Solving,fundamental,high,basic,1,
game_developer_2d,Game Developer 2D,ui_ux,git,Git,fundamental,high,basic,2,problem_solving
game_developer_2d,Game Developer 2D,ui_ux,ui_ux,UI/UX,core,high,intermediate,3,git
golang_backend_engineer___pg,Golang Backend Engineer - PG,web_development,typescript,TypeScript,core,high,intermediate,1,
golang_backend_engineer___pg,Golang Backend Engineer - PG,web_development,golang,Golang,core,high,intermediate,2,typescript
golang_backend_engineer___pg,Golang Backend Engineer - PG,web_development,postgresql,PostgreSQL,core,high,intermediate,3,golang
golang_backend_engineer___pg,Golang Backend Engineer - PG,web_development,ci_cd,CI/CD,advanced,medium,advanced,4,postgresql
golang_developer,Golang Developer,devops,agile_scrum,Agile/Scrum,fundamental,high,basic,1,
golang_developer,Golang Developer,devops,git,Git,fundamental,high,basic,2,agile_scrum
golang_developer,Golang Developer,devops,typescript,TypeScript,core,high,intermediate,3,git
golang_developer,Golang Developer,devops,postgresql,PostgreSQL,core,medium,intermediate,4,typescript
golang_developer,Golang Developer,devops,rest_api,REST API,core,medium,intermediate,5,postgresql
golang_developer,Golang Developer,devops,golang,Golang,core,medium,intermediate,6,rest_api
golang_developer,Golang Developer,devops,microservices,Microservices,advanced,medium,advanced,7,golang
golang_developer,Golang Developer,web_development,agile_scrum,Agile/Scrum,fundamental,high,basic,1,
golang_developer,Golang Developer,web_development,git,Git,fundamental,high,basic,2,agile_scrum
golang_developer,Golang Developer,web_development,typescript,TypeScript,core,high,intermediate,3,git
golang_developer,Golang Developer,web_development,postgresql,PostgreSQL,core,medium,intermediate,4,typescript
golang_developer,Golang Developer,web_development,rest_api,REST API,core,medium,intermediate,5,postgresql
golang_developer,Golang Developer,web_development,golang,Golang,core,medium,intermediate,6,rest_api
golang_developer,Golang Developer,web_development,microservices,Microservices,advanced,medium,advanced,7,golang
google_adsense_specialist,Google Adsense Specialist,data_science,html,HTML,fundamental,high,basic,1,
google_adsense_specialist,Google Adsense Specialist,data_science,javascript,JavaScript,fundamental,high,basic,2,html
google_adsense_specialist,Google Adsense Specialist,data_science,css,CSS,fundamental,high,basic,3,javascript
google_adsense_specialist,Google Adsense Specialist,data_science,typescript,TypeScript,core,medium,intermediate,4,css
google_adsense_specialist,Google Adsense Specialist,data_science,machine_learning,Machine Learning,core,medium,intermediate,5,typescript
graphic_design,Graphic Design,ui_ux,excel,Excel,fundamental,high,basic,1,
graphic_design,Graphic Design,ui_ux,typescript,TypeScript,core,high,intermediate,2,excel
graphic_designer,Graphic Designer,ui_ux,html,HTML,fundamental,high,basic,1,
graphic_designer,Graphic Designer,ui_ux,excel,Excel,fundamental,high,basic,2,html
graphic_designer,Graphic Designer,ui_ux,typescript,TypeScript,core,high,intermediate,3,excel
graphic_designer,Graphic Designer,ui_ux,ui_ux,UI/UX,core,medium,intermediate,4,typescript
graphic_designer,Graphic Designer,ui_ux,figma,Figma,core,medium,intermediate,5,ui_ux
graphic_designer,Graphic Designer,ui_ux,machine_learning,Machine Learning,core,medium,intermediate,6,figma
graphic_designer__6_months_contract_,Graphic Designer (6 Months Contract),ui_ux,excel,Excel,fundamental,high,basic,1,
graphic_designer__6_months_contract_,Graphic Designer (6 Months Contract),ui_ux,typescript,TypeScript,core,high,intermediate,2,excel
graphic_designer__6_months_contract_,Graphic Designer (6 Months Contract),ui_ux,ui_ux,UI/UX,core,high,intermediate,3,typescript
graphic_designer_and_social_media_specialist,Graphic Designer and Social Media Specialist,ui_ux,excel,Excel,fundamental,high,basic,1,
graphic_designer_and_social_media_specialist,Graphic Designer and Social Media Specialist,ui_ux,typescript,TypeScript,core,high,intermediate,2,excel
growth_analyst,Growth Analyst,data_science,sql,SQL,fundamental,high,basic,1,
growth_analyst,Growth Analyst,data_science,excel,Excel,fundamental,high,basic,2,sql
growth_analyst,Growth Analyst,data_science,typescript,TypeScript,core,high,intermediate,3,excel
growth_analyst,Growth Analyst,data_science,golang,Golang,core,medium,intermediate,4,typescript
guru_koding_dan_kecerdasan_artifisial,Guru Koding dan Kecerdasan Artifisial,ai_ml,problem_solving,Problem Solving,fundamental,high,basic,1,
guru_koding_dan_kecerdasan_artifisial,Guru Koding dan Kecerdasan Artifisial,ai_ml,machine_learning,Machine Learning,core,high,intermediate,2,problem_solving
guru_koding_dan_kecerdasan_artifisial,Guru Koding dan Kecerdasan Artifisial,ai_ml,golang,Golang,core,high,intermediate,3,machine_learning
guru_koding_dan_kecerdasan_artifisial,Guru Koding dan Kecerdasan Artifisial,ai_ml,rest_api,REST API,core,medium,intermediate,4,golang
hr_data_analyst,HR Data Analyst,data_science,excel,Excel,fundamental,high,basic,1,
hr_data_analyst,HR Data Analyst,data_science,typescript,TypeScript,core,high,intermediate,2,excel
head_of_application_architect,Head of Application Architect,web_development,java,Java,fundamental,high,basic,1,
head_of_application_architect,Head of Application Architect,web_development,typescript,TypeScript,core,high,intermediate,2,java
head_of_application_architect,Head of Application Architect,web_development,ui_ux,UI/UX,core,high,intermediate,3,typescript
head_of_it_infrastructure___operational,Head of IT Infrastructure & Operational,devops,excel,Excel,fundamental,high,basic,1,
head_of_it_infrastructure___operational,Head of IT Infrastructure & Operational,devops,typescript,TypeScript,core,high,intermediate,2,excel
head_of_it_infrastructure___operational,Head of IT Infrastructure & Operational,devops,azure,Azure,advanced,high,advanced,3,typescript
head_of_it_infrastructure___operational,Head of IT Infrastructure & Operational,devops,aws,AWS,advanced,medium,advanced,4,azure
head_of_it_infrastructure_and_security,Head of IT Infrastructure and Security,cyber_security,excel,Excel,fundamental,high,basic,1,
head_of_it_infrastructure_and_security,Head of IT Infrastructure and Security,cyber_security,typescript,TypeScript,core,high,intermediate,2,excel
head_of_it_infrastructure_and_security,Head of IT Infrastructure and Security,cyber_security,azure,Azure,advanced,high,advanced,3,typescript
head_of_it_infrastructure_and_security,Head of IT Infrastructure and Security,cyber_security,aws,AWS,advanced,medium,advanced,4,azure
head_of_it_infrastructure_and_security,Head of IT Infrastructure and Security,cyber_security,cybersecurity,Cybersecurity,advanced,medium,advanced,5,aws
head_of_it_infrastructure_and_security,Head of IT Infrastructure and Security,devops,excel,Excel,fundamental,high,basic,1,
head_of_it_infrastructure_and_security,Head of IT Infrastructure and Security,devops,typescript,TypeScript,core,high,intermediate,2,excel
head_of_it_infrastructure_and_security,Head of IT Infrastructure and Security,devops,azure,Azure,advanced,high,advanced,3,typescript
head_of_it_infrastructure_and_security,Head of IT Infrastructure and Security,devops,aws,AWS,advanced,medium,advanced,4,azure
head_of_it_infrastructure_and_security,Head of IT Infrastructure and Security,devops,cybersecurity,Cybersecurity,advanced,medium,advanced,5,aws
head_of_programmer,Head of Programmer,cyber_security,agile_scrum,Agile/Scrum,fundamental,high,basic,1,
head_of_programmer,Head of Programmer,cyber_security,typescript,TypeScript,core,high,intermediate,2,agile_scrum
head_of_programmer,Head of Programmer,cyber_security,ui_ux,UI/UX,core,high,intermediate,3,typescript
head_of_programmer,Head of Programmer,cyber_security,cybersecurity,Cybersecurity,advanced,medium,advanced,4,ui_ux
head_of_software_product,Head of Software Product,ui_ux,agile_scrum,Agile/Scrum,fundamental,high,basic,1,
head_of_software_product,Head of Software Product,ui_ux,typescript,TypeScript,core,high,intermediate,2,agile_scrum
head_of_software_product,Head of Software Product,ui_ux,ui_ux,UI/UX,core,high,intermediate,3,typescript
head_of_software_solutions,Head of Software Solutions,web_development,javascript,JavaScript,fundamental,high,basic,1,
head_of_software_solutions,Head of Software Solutions,web_development,react_js,React.js,core,high,intermediate,2,javascript
head_of_software_solutions,Head of Software Solutions,web_development,typescript,TypeScript,core,high,intermediate,3,react_js
head_of_technology,Head of Technology,cyber_security,agile_scrum,Agile/Scrum,fundamental,high,basic,1,
head_of_technology,Head of Technology,cyber_security,typescript,TypeScript,core,high,intermediate,2,agile_scrum
head_of_technology,Head of Technology,cyber_security,cybersecurity,Cybersecurity,advanced,high,advanced,3,typescript
head_vp_of_engineering,Head/VP of Engineering,ai_ml,agile_scrum,Agile/Scrum,fundamental,high,basic,1,
head_vp_of_engineering,Head/VP of Engineering,ai_ml,sql,SQL,fundamental,high,basic,2,agile_scrum
head_vp_of_engineering,Head/VP of Engineering,ai_ml,typescript,TypeScript,core,high,intermediate,3,sql
head_vp_of_engineering,Head/VP of Engineering,ai_ml,postgresql,PostgreSQL,core,medium,intermediate,4,typescript
head_vp_of_engineering,Head/VP of Engineering,ai_ml,rest_api,REST API,core,medium,intermediate,5,postgresql
head_vp_of_engineering,Head/VP of Engineering,ai_ml,machine_learning,Machine Learning,core,medium,intermediate,6,rest_api
head_vp_of_engineering,Head/VP of Engineering,ai_ml,kubernetes,Kubernetes,advanced,medium,advanced,7,machine_learning
head_vp_of_engineering,Head/VP of Engineering,ai_ml,gcp,GCP,advanced,medium,advanced,8,kubernetes
head_vp_of_engineering,Head/VP of Engineering,ai_ml,ci_cd,CI/CD,advanced,medium,advanced,9,gcp
idc_structured_cabling_engineer__fresh_graduate_welcomed__,IDC Structured Cabling Engineer （Fresh Graduate Welcomed!),devops,excel,Excel,fundamental,high,basic,1,
idc_structured_cabling_engineer__fresh_graduate_welcomed__,IDC Structured Cabling Engineer （Fresh Graduate Welcomed!),devops,typescript,TypeScript,core,high,intermediate,2,excel
immerse_2___information_technology____,IMMERSE 2 - Information Technology ...,ui_ux,typescript,TypeScript,core,high,intermediate,1,
immerse_2___information_technology____,IMMERSE 2 - Information Technology ...,ui_ux,ui_ux,UI/UX,core,high,intermediate,2,typescript
ios_developer,IOS Developer,ui_ux,problem_solving,Problem Solving,fundamental,high,basic,1,
ios_developer,IOS Developer,ui_ux,git,Git,fundamental,high,basic,2,problem_solving
ios_developer,IOS Developer,ui_ux,typescript,TypeScript,core,high,intermediate,3,git
ios_developer,IOS Developer,ui_ux,ui_ux,UI/UX,core,medium,intermediate,4,typescript
ios_developer,IOS Developer,ui_ux,rest_api,REST API,core,medium,intermediate,5,ui_ux
ios_developer,IOS Developer,web_development,problem_solving,Problem Solving,fundamental,high,basic,1,
ios_developer,IOS Developer,web_development,git,Git,fundamental,high,basic,2,problem_solving
ios_developer,IOS Developer,web_development,typescript,TypeScript,core,high,intermediate,3,git
ios_developer,IOS Developer,web_development,ui_ux,UI/UX,core,medium,intermediate,4,typescript
istarasa_product_designer_staff_pyk__rasa_dewata,ISTARASA Product Designer Staff Pyk. Rasa Dewata,ui_ux,typescript,TypeScript,core,high,intermediate,1,
istarasa_product_designer_staff_pyk__rasa_dewata,ISTARASA Product Designer Staff Pyk. Rasa Dewata,ui_ux,figma,Figma,core,high,intermediate,2,typescript
it_application_developer,IT Application Developer,web_development,java,Java,fundamental,high,basic,1,
it_application_developer,IT Application Developer,web_development,python,Python,fundamental,high,basic,2,java
it_application_developer,IT Application Developer,web_development,excel,Excel,fundamental,high,basic,3,python
it_application_developer,IT Application Developer,web_development,sql,SQL,fundamental,medium,basic,4,excel
it_application_developer,IT Application Developer,web_development,typescript,TypeScript,core,medium,intermediate,5,sql
it_application_developer,IT Application Developer,web_development,postgresql,PostgreSQL,core,medium,intermediate,6,typescript
it_application_developer,IT Application Developer,web_development,mysql,MySQL,core,medium,intermediate,7,postgresql
it_application_developer,IT Application Developer,web_development,tableau,Tableau,core,medium,intermediate,8,mysql
it_application_developer,IT Application Developer,web_development,mongodb,MongoDB,core,medium,intermediate,9,tableau
it_application_developer,IT Application Developer,web_development,power_bi,Power BI,core,medium,intermediate,10,mongodb
it_application_developer,IT Application Developer,web_development,etl,ETL,advanced,medium,advanced,11,power_bi
it_application_developer,IT Application Developer,web_development,data_modeling,Data Modeling,advanced,medium,advanced,12,etl
it_audit_staff,IT Audit Staff,cyber_security,typescript,TypeScript,core,high,intermediate,1,
it_audit_staff,IT Audit Staff,cyber_security,cybersecurity,Cybersecurity,advanced,high,advanced,2,typescript
it_backend_developer_staff,IT Backend Developer Staff,web_development,javascript,JavaScript,fundamental,high,basic,1,
it_backend_developer_staff,IT Backend Developer Staff,web_development,agile_scrum,Agile/Scrum,fundamental,high,basic,2,javascript
it_backend_developer_staff,IT Backend Developer Staff,web_development,php,PHP,fundamental,high,basic,3,agile_scrum
it_backend_developer_staff,IT Backend Developer Staff,web_development,laravel,Laravel,core,medium,intermediate,4,php
it_backend_developer_staff,IT Backend Developer Staff,web_development,rest_api,REST API,core,medium,intermediate,5,laravel
it_backend_developer_staff,IT Backend Developer Staff,web_development,mysql,MySQL,core,medium,intermediate,6,rest_api
it_business_analyst,IT Business Analyst,data_science,agile_scrum,Agile/Scrum,fundamental,high,basic,1,
it_business_analyst,IT Business Analyst,data_science,excel,Excel,fundamental,high,basic,2,agile_scrum
it_business_analyst,IT Business Analyst,data_science,typescript,TypeScript,core,high,intermediate,3,excel
it_business_analyst,IT Business Analyst,ui_ux,sql,SQL,fundamental,high,basic,1,
it_business_analyst,IT Business Analyst,ui_ux,excel,Excel,fundamental,high,basic,2,sql
it_business_analyst,IT Business Analyst,ui_ux,agile_scrum,Agile/Scrum,fundamental,high,basic,3,excel
it_business_analyst,IT Business Analyst,ui_ux,typescript,TypeScript,core,medium,intermediate,4,agile_scrum
it_capacity_planner,IT Capacity Planner,devops,python,Python,fundamental,high,basic,1,
it_capacity_planner,IT Capacity Planner,devops,typescript,TypeScript,core,high,intermediate,2,python
it_data_center__security___network,"IT Data Center, Security & Network",cyber_security,excel,Excel,fundamental,high,basic,1,
it_data_center__security___network,"IT Data Center, Security & Network",cyber_security,typescript,TypeScript,core,high,intermediate,2,excel
it_data_center__security___network,"IT Data Center, Security & Network",cyber_security,aws,AWS,advanced,high,advanced,3,typescript
it_data_engineer,IT Data Engineer,ai_ml,java,Java,fundamental,high,basic,1,
it_data_engineer,IT Data Engineer,ai_ml,python,Python,fundamental,high,basic,2,java
it_data_engineer,IT Data Engineer,ai_ml,sql,SQL,fundamental,high,basic,3,python
it_data_engineer,IT Data Engineer,ai_ml,typescript,TypeScript,core,medium,intermediate,4,sql
it_data_engineer,IT Data Engineer,ai_ml,postgresql,PostgreSQL,core,medium,intermediate,5,typescript
it_data_engineer,IT Data Engineer,ai_ml,golang,Golang,core,medium,intermediate,6,postgresql
it_data_engineer,IT Data Engineer,ai_ml,mysql,MySQL,core,medium,intermediate,7,golang
it_data_engineer,IT Data Engineer,ai_ml,mongodb,MongoDB,core,medium,intermediate,8,mysql
it_data_engineer,IT Data Engineer,ai_ml,etl,ETL,advanced,medium,advanced,9,mongodb
it_data_internship,IT Data Internship,data_science,python,Python,fundamental,high,basic,1,
it_data_internship,IT Data Internship,data_science,sql,SQL,fundamental,high,basic,2,python
it_data_internship,IT Data Internship,data_science,typescript,TypeScript,core,high,intermediate,3,sql
it_data_internship,IT Data Internship,data_science,tableau,Tableau,core,medium,intermediate,4,typescript
it_data_internship,IT Data Internship,data_science,power_bi,Power BI,core,medium,intermediate,5,tableau
it_data_internship,IT Data Internship,data_science,etl,ETL,advanced,medium,advanced,6,power_bi
it_data_scientist,IT Data Scientist,ai_ml,python,Python,fundamental,high,basic,1,
it_data_scientist,IT Data Scientist,ai_ml,excel,Excel,fundamental,high,basic,2,python
it_data_scientist,IT Data Scientist,ai_ml,problem_solving,Problem Solving,fundamental,high,basic,3,excel
it_data_scientist,IT Data Scientist,ai_ml,sql,SQL,fundamental,medium,basic,4,problem_solving
it_data_scientist,IT Data Scientist,ai_ml,r,R,fundamental,medium,basic,5,sql
it_data_scientist,IT Data Scientist,ai_ml,typescript,TypeScript,core,medium,intermediate,6,r
it_data_scientist,IT Data Scientist,ai_ml,scikit_learn,Scikit-Learn,core,medium,intermediate,7,typescript
it_data_scientist,IT Data Scientist,ai_ml,tableau,Tableau,core,medium,intermediate,8,scikit_learn
it_data_scientist,IT Data Scientist,ai_ml,machine_learning,Machine Learning,core,medium,intermediate,9,tableau
it_data_scientist,IT Data Scientist,ai_ml,power_bi,Power BI,core,medium,intermediate,10,machine_learning
it_data_scientist,IT Data Scientist,ai_ml,tensorflow,TensorFlow,advanced,medium,advanced,11,power_bi
it_database_administrator,IT Database Administrator,data_science,sql,SQL,fundamental,high,basic,1,
it_database_administrator,IT Database Administrator,data_science,typescript,TypeScript,core,high,intermediate,2,sql
it_database_administrator,IT Database Administrator,data_science,postgresql,PostgreSQL,core,high,intermediate,3,typescript
it_database_administrator,IT Database Administrator,data_science,mysql,MySQL,core,medium,intermediate,4,postgresql
it_database_administrator,IT Database Administrator,data_science,etl,ETL,advanced,medium,advanced,5,mysql
it_developer,IT Developer,web_development,javascript,JavaScript,fundamental,high,basic,1,
it_developer,IT Developer,web_development,sql,SQL,fundamental,high,basic,2,javascript
it_developer,IT Developer,web_development,html,HTML,fundamental,high,basic,3,sql
it_developer,IT Developer,web_development,java,Java,fundamental,medium,basic,4,html
it_developer,IT Developer,web_development,python,Python,fundamental,medium,basic,5,java
it_developer,IT Developer,web_development,problem_solving,Problem Solving,fundamental,medium,basic,6,python
it_developer,IT Developer,web_development,php,PHP,fundamental,medium,basic,7,problem_solving
it_developer,IT Developer,web_development,css,CSS,fundamental,medium,basic,8,php
it_developer,IT Developer,web_development,typescript,TypeScript,core,medium,intermediate,9,css
it_developer,IT Developer,web_development,machine_learning,Machine Learning,core,medium,intermediate,10,typescript
it_developer,IT Developer,web_development,golang,Golang,core,medium,intermediate,11,machine_learning
it_developer,IT Developer,web_development,mysql,MySQL,core,medium,intermediate,12,golang
it_developer,IT Developer,web_development,node_js,Node.js,core,medium,intermediate,13,mysql
it_developer,IT Developer,web_development,_net,.NET,core,medium,intermediate,14,node_js
it_developer,IT Developer,web_development,rest_api,REST API,core,medium,intermediate,15,_net
it_developer,IT Developer,web_development,graphql,GraphQL,core,medium,intermediate,16,rest_api
it_developer,IT Developer,web_development,aws,AWS,advanced,medium,advanced,17,graphql
it_developer,IT Developer,web_development,microservices,Microservices,advanced,medium,advanced,18,aws
it_developer,IT Developer,web_development,gcp,GCP,advanced,medium,advanced,19,microservices
it_developer,IT Developer,web_development,ci_cd,CI/CD,advanced,medium,advanced,20,gcp
it_developer___infrastructure,IT Developer & Infrastructure,devops,python,Python,fundamental,high,basic,1,
it_developer___infrastructure,IT Developer & Infrastructure,devops,typescript,TypeScript,core,high,intermediate,2,python
it_developer___infrastructure,IT Developer & Infrastructure,devops,postgresql,PostgreSQL,core,high,intermediate,3,typescript
it_developer___infrastructure,IT Developer & Infrastructure,devops,rest_api,REST API,core,medium,intermediate,4,postgresql
it_developer_staff___logistic___purwakarta__b_130211_,IT Developer Staff - Logistic - Purwakarta (B-130211),web_development,html,HTML,fundamental,high,basic,1,
it_developer_staff___logistic___purwakarta__b_130211_,IT Developer Staff - Logistic - Purwakarta (B-130211),web_development,javascript,JavaScript,fundamental,high,basic,2,html
it_developer_staff___logistic___purwakarta__b_130211_,IT Developer Staff - Logistic - Purwakarta (B-130211),web_development,java,Java,fundamental,high,basic,3,javascript
it_developer_staff___logistic___purwakarta__b_130211_,IT Developer Staff - Logistic - Purwakarta (B-130211),web_development,sql,SQL,fundamental,medium,basic,4,java
it_developer_staff___logistic___purwakarta__b_130211_,IT Developer Staff - Logistic - Purwakarta (B-130211),web_development,php,PHP,fundamental,medium,basic,5,sql
it_developer_staff___logistic___purwakarta__b_130211_,IT Developer Staff - Logistic - Purwakarta (B-130211),web_development,git,Git,fundamental,medium,basic,6,php
it_developer_staff___logistic___purwakarta__b_130211_,IT Developer Staff - Logistic - Purwakarta (B-130211),web_development,css,CSS,fundamental,medium,basic,7,git
it_developer_staff___logistic___purwakarta__b_130211_,IT Developer Staff - Logistic - Purwakarta (B-130211),web_development,typescript,TypeScript,core,medium,intermediate,8,css
it_developer_staff___logistic___purwakarta__b_130211_,IT Developer Staff - Logistic - Purwakarta (B-130211),web_development,laravel,Laravel,core,medium,intermediate,9,typescript
it_developer_staff___logistic___purwakarta__b_130211_,IT Developer Staff - Logistic - Purwakarta (B-130211),web_development,postgresql,PostgreSQL,core,medium,intermediate,10,laravel
it_developer_staff___logistic___purwakarta__b_130211_,IT Developer Staff - Logistic - Purwakarta (B-130211),web_development,rest_api,REST API,core,medium,intermediate,11,postgresql
it_developer_staff___logistic___purwakarta__b_130211_,IT Developer Staff - Logistic - Purwakarta (B-130211),web_development,machine_learning,Machine Learning,core,medium,intermediate,12,rest_api
it_division_head,IT Division Head,cyber_security,typescript,TypeScript,core,high,intermediate,1,
it_division_head,IT Division Head,cyber_security,rest_api,REST API,core,high,intermediate,2,typescript
it_division_head,IT Division Head,cyber_security,cybersecurity,Cybersecurity,advanced,high,advanced,3,rest_api
it_engineer,IT ENGINEER,cyber_security,java,Java,fundamental,high,basic,1,
it_engineer,IT ENGINEER,cyber_security,javascript,JavaScript,fundamental,high,basic,2,java
it_engineer,IT ENGINEER,cyber_security,sql,SQL,fundamental,high,basic,3,javascript
it_engineer,IT ENGINEER,cyber_security,typescript,TypeScript,core,medium,intermediate,4,sql
it_engineer,IT ENGINEER,cyber_security,vue_js,Vue.js,core,medium,intermediate,5,typescript
it_engineer,IT ENGINEER,cyber_security,react_js,React.js,core,medium,intermediate,6,vue_js
it_engineer,IT ENGINEER,cyber_security,mysql,MySQL,core,medium,intermediate,7,react_js
it_engineer,IT ENGINEER,cyber_security,spring_boot,Spring Boot,core,medium,intermediate,8,mysql
it_engineer,IT ENGINEER,cyber_security,microservices,Microservices,advanced,medium,advanced,9,spring_boot
it_engineer,IT ENGINEER,cyber_security,docker,Docker,advanced,medium,advanced,10,microservices
it_engineer,IT ENGINEER,cyber_security,linux,Linux,advanced,medium,advanced,11,docker
it_engineer,IT Engineer,cyber_security,cybersecurity,Cybersecurity,advanced,high,advanced,1,
it_engineer,IT Engineer,cyber_security,linux,Linux,advanced,high,advanced,2,cybersecurity
it_engineer,IT Engineer,devops,cybersecurity,Cybersecurity,advanced,high,advanced,1,
it_engineer,IT Engineer,devops,linux,Linux,advanced,high,advanced,2,cybersecurity
it_finance_data___analytics_partner,IT Finance Data & Analytics Partner,data_science,excel,Excel,fundamental,high,basic,1,
it_finance_data___analytics_partner,IT Finance Data & Analytics Partner,data_science,typescript,TypeScript,core,high,intermediate,2,excel
it_finance_data___analytics_partner,IT Finance Data & Analytics Partner,data_science,power_bi,Power BI,core,high,intermediate,3,typescript
it_finance_reporting_solution_partner__oracle_netsuite_,IT Finance Reporting Solution Partner (Oracle Netsuite),data_science,excel,Excel,fundamental,high,basic,1,
it_finance_reporting_solution_partner__oracle_netsuite_,IT Finance Reporting Solution Partner (Oracle Netsuite),data_science,typescript,TypeScript,core,high,intermediate,2,excel
it_finance_reporting_solution_partner__oracle_netsuite_,IT Finance Reporting Solution Partner (Oracle Netsuite),data_science,power_bi,Power BI,core,high,intermediate,3,typescript
it_fronf_end,IT Fronf End,ui_ux,html,HTML,fundamental,high,basic,1,
it_fronf_end,IT Fronf End,ui_ux,javascript,JavaScript,fundamental,high,basic,2,html
it_fronf_end,IT Fronf End,ui_ux,git,Git,fundamental,high,basic,3,javascript
it_fronf_end,IT Fronf End,ui_ux,css,CSS,fundamental,medium,basic,4,git
it_fronf_end,IT Fronf End,ui_ux,ui_ux,UI/UX,core,medium,intermediate,5,css
it_fronf_end,IT Fronf End,ui_ux,rest_api,REST API,core,medium,intermediate,6,ui_ux
it_fronf_end,IT Fronf End,ui_ux,react_js,React.js,core,medium,intermediate,7,rest_api
it_fronf_end,IT Fronf End,ui_ux,machine_learning,Machine Learning,core,medium,intermediate,8,react_js
it_front_end_developer_supervisor,IT Front End Developer Supervisor,web_development,agile_scrum,Agile/Scrum,fundamental,high,basic,1,
it_front_end_developer_supervisor,IT Front End Developer Supervisor,web_development,python,Python,fundamental,high,basic,2,agile_scrum
it_front_end_developer_supervisor,IT Front End Developer Supervisor,web_development,fastapi,FastAPI,core,high,intermediate,3,python
it_front_end_developer_supervisor,IT Front End Developer Supervisor,web_development,rest_api,REST API,core,medium,intermediate,4,fastapi
it_full_stack_developer,IT Full Stack Developer,web_development,html,HTML,fundamental,high,basic,1,
it_full_stack_developer,IT Full Stack Developer,web_development,javascript,JavaScript,fundamental,high,basic,2,html
it_full_stack_developer,IT Full Stack Developer,web_development,problem_solving,Problem Solving,fundamental,high,basic,3,javascript
it_full_stack_developer,IT Full Stack Developer,web_development,php,PHP,fundamental,medium,basic,4,problem_solving
it_full_stack_developer,IT Full Stack Developer,web_development,css,CSS,fundamental,medium,basic,5,php
it_full_stack_developer,IT Full Stack Developer,web_development,vue_js,Vue.js,core,medium,intermediate,6,css
it_full_stack_developer,IT Full Stack Developer,web_development,laravel,Laravel,core,medium,intermediate,7,vue_js
it_full_stack_developer,IT Full Stack Developer,web_development,node_js,Node.js,core,medium,intermediate,8,laravel
it_full_stack_developer,IT Full Stack Developer,web_development,postgresql,PostgreSQL,core,medium,intermediate,9,node_js
it_full_stack_developer,IT Full Stack Developer,web_development,rest_api,REST API,core,medium,intermediate,10,postgresql
it_full_stack_developer,IT Full Stack Developer,web_development,react_js,React.js,core,medium,intermediate,11,rest_api
it_full_stack_developer,IT Full Stack Developer,web_development,mysql,MySQL,core,medium,intermediate,12,react_js
it_full_stack_developer,IT Full Stack Developer,web_development,machine_learning,Machine Learning,core,medium,intermediate,13,mysql
it_fullstack,IT Fullstack,web_development,php,PHP,fundamental,high,basic,1,
it_fullstack,IT Fullstack,web_development,mysql,MySQL,core,high,intermediate,2,php
it_fullstack,IT Fullstack,web_development,linux,Linux,advanced,high,advanced,3,mysql
it_fullstack_developer,IT Fullstack Developer,web_development,java,Java,fundamental,high,basic,1,
it_fullstack_developer,IT Fullstack Developer,web_development,javascript,JavaScript,fundamental,high,basic,2,java
it_fullstack_developer,IT Fullstack Developer,web_development,css,CSS,fundamental,high,basic,3,javascript
it_fullstack_developer,IT Fullstack Developer,web_development,vue_js,Vue.js,core,medium,intermediate,4,css
it_fullstack_developer,IT Fullstack Developer,web_development,node_js,Node.js,core,medium,intermediate,5,vue_js
it_fullstack_developer,IT Fullstack Developer,web_development,rest_api,REST API,core,medium,intermediate,6,node_js
it_fullstack_developer,IT Fullstack Developer,web_development,react_js,React.js,core,medium,intermediate,7,rest_api
it_fullstack_developer,IT Fullstack Developer,web_development,golang,Golang,core,medium,intermediate,8,react_js
it_fullstack_developer,IT Fullstack Developer,web_development,mysql,MySQL,core,medium,intermediate,9,golang
it_fullstack_developer,IT Fullstack Developer,web_development,spring_boot,Spring Boot,core,medium,intermediate,10,mysql
it_functional,IT Functional,ai_ml,sql,SQL,fundamental,high,basic,1,
it_functional,IT Functional,ai_ml,excel,Excel,fundamental,high,basic,2,sql
it_functional,IT Functional,ai_ml,machine_learning,Machine Learning,core,high,intermediate,3,excel
it_functional,IT Functional,data_science,sql,SQL,fundamental,high,basic,1,
it_functional,IT Functional,data_science,excel,Excel,fundamental,high,basic,2,sql
it_functional,IT Functional,data_science,machine_learning,Machine Learning,core,high,intermediate,3,excel
it_gps_developer,IT GPS Developer,web_development,javascript,JavaScript,fundamental,high,basic,1,
it_gps_developer,IT GPS Developer,web_development,git,Git,fundamental,high,basic,2,javascript
it_gps_developer,IT GPS Developer,web_development,php,PHP,fundamental,high,basic,3,git
it_gps_developer,IT GPS Developer,web_development,rest_api,REST API,core,medium,intermediate,4,php
it_gps_developer,IT GPS Developer,web_development,golang,Golang,core,medium,intermediate,5,rest_api
it_gps_developer,IT GPS Developer,web_development,docker,Docker,advanced,medium,advanced,6,golang
it_gps_developer,IT GPS Developer,web_development,ci_cd,CI/CD,advanced,medium,advanced,7,docker
it_infrastructure_project_manager,IT Infrastructure Project Manager,cyber_security,excel,Excel,fundamental,high,basic,1,
it_infrastructure_project_manager,IT Infrastructure Project Manager,cyber_security,typescript,TypeScript,core,high,intermediate,2,excel
it_infrastructure_project_manager,IT Infrastructure Project Manager,devops,excel,Excel,fundamental,high,basic,1,
it_infrastructure_project_manager,IT Infrastructure Project Manager,devops,typescript,TypeScript,core,high,intermediate,2,excel
it_infrastructure_supervisor,IT Infrastructure Supervisor,cyber_security,typescript,TypeScript,core,high,intermediate,1,
it_infrastructure_supervisor,IT Infrastructure Supervisor,cyber_security,linux,Linux,advanced,high,advanced,2,typescript
it_infrastructure_supervisor,IT Infrastructure Supervisor,devops,typescript,TypeScript,core,high,intermediate,1,
it_infrastructure_supervisor,IT Infrastructure Supervisor,devops,linux,Linux,advanced,high,advanced,2,typescript
it_infrastruktur,IT Infrastruktur,devops,git,Git,fundamental,high,basic,1,
it_infrastruktur,IT Infrastruktur,devops,docker,Docker,advanced,high,advanced,2,git
it_infrastruktur,IT Infrastruktur,devops,gcp,GCP,advanced,high,advanced,3,docker
it_infrastruktur,IT Infrastruktur,devops,linux,Linux,advanced,medium,advanced,4,gcp
it_infrastruktur,IT Infrastruktur,devops,aws,AWS,advanced,medium,advanced,5,linux
it_internship___artificial_intelligence,IT Internship – Artificial Intelligence,ai_ml,sql,SQL,fundamental,high,basic,1,
it_internship___artificial_intelligence,IT Internship – Artificial Intelligence,ai_ml,python,Python,fundamental,high,basic,2,sql
it_internship___artificial_intelligence,IT Internship – Artificial Intelligence,ai_ml,machine_learning,Machine Learning,core,high,intermediate,3,python
it_java_programmer__junior_,IT JAVA Programmer (Junior),web_development,sql,SQL,fundamental,high,basic,1,
it_java_programmer__junior_,IT JAVA Programmer (Junior),web_development,java,Java,fundamental,high,basic,2,sql
it_java_programmer__junior_,IT JAVA Programmer (Junior),web_development,typescript,TypeScript,core,high,intermediate,3,java
it_java_programmer__senior_,IT JAVA Programmer (Senior),web_development,sql,SQL,fundamental,high,basic,1,
it_java_programmer__senior_,IT JAVA Programmer (Senior),web_development,java,Java,fundamental,high,basic,2,sql
it_java_programmer__senior_,IT JAVA Programmer (Senior),web_development,typescript,TypeScript,core,high,intermediate,3,java
it_manager,IT Manager,cyber_security,problem_solving,Problem Solving,fundamental,high,basic,1,
it_manager,IT Manager,cyber_security,cybersecurity,Cybersecurity,advanced,high,advanced,2,problem_solving
it_manager,IT Manager,web_development,python,Python,fundamental,high,basic,1,
it_manager,IT Manager,web_development,problem_solving,Problem Solving,fundamental,high,basic,2,python
it_manager,IT Manager,web_development,sql,SQL,fundamental,high,basic,3,problem_solving
it_manager,IT Manager,web_development,git,Git,fundamental,medium,basic,4,sql
it_manager,IT Manager,web_development,react_js,React.js,core,medium,intermediate,5,git
it_manager__enterprise_systems___data_,IT Manager (Enterprise Systems & Data),data_science,javascript,JavaScript,fundamental,high,basic,1,
it_manager__enterprise_systems___data_,IT Manager (Enterprise Systems & Data),data_science,sql,SQL,fundamental,high,basic,2,javascript
it_manager__enterprise_systems___data_,IT Manager (Enterprise Systems & Data),data_science,typescript,TypeScript,core,high,intermediate,3,sql
it_manager__enterprise_systems___data_,IT Manager (Enterprise Systems & Data),data_science,vue_js,Vue.js,core,medium,intermediate,4,typescript
it_manager__enterprise_systems___data_,IT Manager (Enterprise Systems & Data),data_science,node_js,Node.js,core,medium,intermediate,5,vue_js
it_manager__enterprise_systems___data_,IT Manager (Enterprise Systems & Data),data_science,rest_api,REST API,core,medium,intermediate,6,node_js
it_manager__enterprise_systems___data_,IT Manager (Enterprise Systems & Data),data_science,react_js,React.js,core,medium,intermediate,7,rest_api
it_manager__enterprise_systems___data_,IT Manager (Enterprise Systems & Data),data_science,next_js,Next.js,core,medium,intermediate,8,react_js
it_manager__enterprise_systems___data_,IT Manager (Enterprise Systems & Data),data_science,etl,ETL,advanced,medium,advanced,9,next_js
it_manager__enterprise_systems___data_,IT Manager (Enterprise Systems & Data),data_science,docker,Docker,advanced,medium,advanced,10,etl
it_manager__enterprise_systems___data_,IT Manager (Enterprise Systems & Data),data_science,ci_cd,CI/CD,advanced,medium,advanced,11,docker
it_manager__enterprise_systems___data_,IT Manager (Enterprise Systems & Data),data_science,linux,Linux,advanced,medium,advanced,12,ci_cd
it_manager__group_,IT Manager (Group),cyber_security,typescript,TypeScript,core,high,intermediate,1,
it_manager__group_,IT Manager (Group),cyber_security,next_js,Next.js,core,high,intermediate,2,typescript
it_manager__group_,IT Manager (Group),cyber_security,cybersecurity,Cybersecurity,advanced,high,advanced,3,next_js
it_manager___erp___digital_systems,IT Manager – ERP & Digital Systems,devops,java,Java,fundamental,high,basic,1,
it_manager___erp___digital_systems,IT Manager – ERP & Digital Systems,devops,typescript,TypeScript,core,high,intermediate,2,java
it_manager___erp___digital_systems,IT Manager – ERP & Digital Systems,devops,golang,Golang,core,high,intermediate,3,typescript
it_manager___erp___digital_systems,IT Manager – ERP & Digital Systems,devops,cybersecurity,Cybersecurity,advanced,medium,advanced,4,golang
it_netwrok___security_assistant_manager,IT Netwrok & Security Assistant Manager,cyber_security,excel,Excel,fundamental,high,basic,1,
it_netwrok___security_assistant_manager,IT Netwrok & Security Assistant Manager,cyber_security,typescript,TypeScript,core,high,intermediate,2,excel
it_netwrok___security_assistant_manager,IT Netwrok & Security Assistant Manager,cyber_security,next_js,Next.js,core,high,intermediate,3,typescript
it_programer_staff,IT PROGRAMER STAFF,web_development,javascript,JavaScript,fundamental,high,basic,1,
it_programer_staff,IT PROGRAMER STAFF,web_development,python,Python,fundamental,high,basic,2,javascript
it_programer_staff,IT PROGRAMER STAFF,web_development,problem_solving,Problem Solving,fundamental,high,basic,3,python
it_programer_staff,IT PROGRAMER STAFF,web_development,react_native,React Native,core,medium,intermediate,4,problem_solving
it_programer_staff,IT PROGRAMER STAFF,web_development,typescript,TypeScript,core,medium,intermediate,5,react_native
it_programer_staff,IT PROGRAMER STAFF,web_development,rest_api,REST API,core,medium,intermediate,6,typescript
it_programer_staff,IT PROGRAMER STAFF,web_development,react_js,React.js,core,medium,intermediate,7,rest_api
it_programer_staff,IT PROGRAMER STAFF,web_development,golang,Golang,core,medium,intermediate,8,react_js
it_programmer,IT PROGRAMMER,web_development,git,Git,fundamental,high,basic,1,
it_programmer,IT PROGRAMMER,web_development,php,PHP,fundamental,high,basic,2,git
it_programmer,IT PROGRAMMER,web_development,laravel,Laravel,core,high,intermediate,3,php
it_programmer,IT PROGRAMMER,web_development,postgresql,PostgreSQL,core,medium,intermediate,4,laravel
it_programmer,IT PROGRAMMER,web_development,mysql,MySQL,core,medium,intermediate,5,postgresql
it_planning___policy_officer,IT Planning & Policy Officer,cyber_security,javascript,JavaScript,fundamental,high,basic,1,
it_planning___policy_officer,IT Planning & Policy Officer,cyber_security,excel,Excel,fundamental,high,basic,2,javascript
it_programmer,IT Programmer,web_development,javascript,JavaScript,fundamental,high,basic,1,
it_programmer,IT Programmer,web_development,sql,SQL,fundamental,high,basic,2,javascript
it_programmer,IT Programmer,web_development,html,HTML,fundamental,high,basic,3,sql
it_programmer,IT Programmer,web_development,problem_solving,Problem Solving,fundamental,medium,basic,4,html
it_programmer,IT Programmer,web_development,php,PHP,fundamental,medium,basic,5,problem_solving
it_programmer,IT Programmer,web_development,git,Git,fundamental,medium,basic,6,php
it_programmer,IT Programmer,web_development,css,CSS,fundamental,medium,basic,7,git
it_programmer,IT Programmer,web_development,ui_ux,UI/UX,core,medium,intermediate,8,css
it_programmer,IT Programmer,web_development,typescript,TypeScript,core,medium,intermediate,9,ui_ux
it_programmer,IT Programmer,web_development,machine_learning,Machine Learning,core,medium,intermediate,10,typescript
it_programmer,IT Programmer,web_development,angular,Angular,core,medium,intermediate,11,machine_learning
it_programmer,IT Programmer,web_development,golang,Golang,core,medium,intermediate,12,angular
it_programmer,IT Programmer,web_development,mysql,MySQL,core,medium,intermediate,13,golang
it_programmer,IT Programmer,web_development,laravel,Laravel,core,medium,intermediate,14,mysql
it_programmer,IT Programmer,web_development,react_native,React Native,core,medium,intermediate,15,laravel
it_programmer,IT Programmer,web_development,node_js,Node.js,core,medium,intermediate,16,react_native
it_programmer,IT Programmer,web_development,postgresql,PostgreSQL,core,medium,intermediate,17,node_js
it_programmer,IT Programmer,web_development,vue_js,Vue.js,core,medium,intermediate,18,postgresql
it_programmer,IT Programmer,web_development,_net,.NET,core,medium,intermediate,19,vue_js
it_programmer,IT Programmer,web_development,rest_api,REST API,core,medium,intermediate,20,_net
it_programmer,IT Programmer,web_development,react_js,React.js,core,medium,intermediate,21,rest_api
it_programmer_bali,IT Programmer Bali,web_development,javascript,JavaScript,fundamental,high,basic,1,
it_programmer_bali,IT Programmer Bali,web_development,php,PHP,fundamental,high,basic,2,javascript
it_programmer_bali,IT Programmer Bali,web_development,laravel,Laravel,core,high,intermediate,3,php
it_programmer_bali,IT Programmer Bali,web_development,_net,.NET,core,medium,intermediate,4,laravel
it_programmer_bali,IT Programmer Bali,web_development,mysql,MySQL,core,medium,intermediate,5,_net
it_programmer_staff,IT Programmer Staff,web_development,java,Java,fundamental,high,basic,1,
it_programmer_staff,IT Programmer Staff,web_development,html,HTML,fundamental,high,basic,2,java
it_programmer_staff,IT Programmer Staff,web_development,python,Python,fundamental,high,basic,3,html
it_programmer_staff,IT Programmer Staff,web_development,excel,Excel,fundamental,medium,basic,4,python
it_programmer_staff,IT Programmer Staff,web_development,sql,SQL,fundamental,medium,basic,5,excel
it_programmer_staff,IT Programmer Staff,web_development,css,CSS,fundamental,medium,basic,6,sql
it_programmer_staff,IT Programmer Staff,web_development,_net,.NET,core,medium,intermediate,7,css
it_programmer_staff,IT Programmer Staff,web_development,postgresql,PostgreSQL,core,medium,intermediate,8,_net
it_programmer_staff,IT Programmer Staff,web_development,rest_api,REST API,core,medium,intermediate,9,postgresql
it_programmer_staff,IT Programmer Staff,web_development,mysql,MySQL,core,medium,intermediate,10,rest_api
it_programmer_staff,IT Programmer Staff,web_development,machine_learning,Machine Learning,core,medium,intermediate,11,mysql
it_project_management,IT Project Management,ai_ml,agile_scrum,Agile/Scrum,fundamental,high,basic,1,
it_project_management,IT Project Management,ai_ml,machine_learning,Machine Learning,core,high,intermediate,2,agile_scrum
it_project_management,IT Project Management,ai_ml,bigquery,BigQuery,advanced,high,advanced,3,machine_learning
it_project_management,IT Project Management,ai_ml,gcp,GCP,advanced,medium,advanced,4,bigquery
it_project_manager,IT Project Manager,cyber_security,agile_scrum,Agile/Scrum,fundamental,high,basic,1,
it_project_manager,IT Project Manager,cyber_security,typescript,TypeScript,core,high,intermediate,2,agile_scrum
it_project_manager,IT Project Manager,cyber_security,azure,Azure,advanced,high,advanced,3,typescript
it_project_manager,IT Project Manager,cyber_security,gcp,GCP,advanced,medium,advanced,4,azure
it_project_manager,IT Project Manager,cyber_security,aws,AWS,advanced,medium,advanced,5,gcp
it_project_manager,IT Project Manager,cyber_security,cybersecurity,Cybersecurity,advanced,medium,advanced,6,aws
it_risk_management,IT Risk Management,cyber_security,sql,SQL,fundamental,high,basic,1,
it_risk_management,IT Risk Management,cyber_security,excel,Excel,fundamental,high,basic,2,sql
it_risk_management,IT Risk Management,cyber_security,typescript,TypeScript,core,high,intermediate,3,excel
it_security,IT Security,cyber_security,penetration_testing,Penetration Testing,advanced,high,advanced,1,
it_security,IT Security,cyber_security,cybersecurity,Cybersecurity,advanced,high,advanced,2,penetration_testing
it_security,IT Security,cyber_security,linux,Linux,advanced,high,advanced,3,cybersecurity
it_security___government__risk_and_compliance,"IT Security & Government, Risk and Compliance",cyber_security,typescript,TypeScript,core,high,intermediate,1,
it_security___government__risk_and_compliance,"IT Security & Government, Risk and Compliance",cyber_security,penetration_testing,Penetration Testing,advanced,high,advanced,2,typescript
it_security_analyst,IT Security Analyst,cyber_security,typescript,TypeScript,core,high,intermediate,1,
it_security_analyst,IT Security Analyst,cyber_security,cybersecurity,Cybersecurity,advanced,high,advanced,2,typescript
it_security_blue_team,IT Security Blue Team,cyber_security,excel,Excel,fundamental,high,basic,1,
it_security_blue_team,IT Security Blue Team,cyber_security,rest_api,REST API,core,high,intermediate,2,excel
it_security_engineer,IT Security Engineer,ai_ml,python,Python,fundamental,high,basic,1,
it_security_engineer,IT Security Engineer,ai_ml,typescript,TypeScript,core,high,intermediate,2,python
it_security_engineer,IT Security Engineer,ai_ml,golang,Golang,core,high,intermediate,3,typescript
it_security_engineer,IT Security Engineer,ai_ml,machine_learning,Machine Learning,core,medium,intermediate,4,golang
it_security_engineer,IT Security Engineer,ai_ml,azure,Azure,advanced,medium,advanced,5,machine_learning
it_security_engineer,IT Security Engineer,ai_ml,kubernetes,Kubernetes,advanced,medium,advanced,6,azure
it_security_engineer,IT Security Engineer,ai_ml,gcp,GCP,advanced,medium,advanced,7,kubernetes
it_security_engineer,IT Security Engineer,ai_ml,ci_cd,CI/CD,advanced,medium,advanced,8,gcp
it_security_engineer,IT Security Engineer,ai_ml,linux,Linux,advanced,medium,advanced,9,ci_cd
it_security_engineer,IT Security Engineer,ai_ml,aws,AWS,advanced,medium,advanced,10,linux
it_security_engineer,IT Security Engineer,cyber_security,python,Python,fundamental,high,basic,1,
it_security_engineer,IT Security Engineer,cyber_security,typescript,TypeScript,core,high,intermediate,2,python
it_security_engineer,IT Security Engineer,cyber_security,golang,Golang,core,high,intermediate,3,typescript
it_security_engineer,IT Security Engineer,cyber_security,machine_learning,Machine Learning,core,medium,intermediate,4,golang
it_security_engineer,IT Security Engineer,cyber_security,azure,Azure,advanced,medium,advanced,5,machine_learning
it_security_engineer,IT Security Engineer,cyber_security,kubernetes,Kubernetes,advanced,medium,advanced,6,azure
it_security_engineer,IT Security Engineer,cyber_security,gcp,GCP,advanced,medium,advanced,7,kubernetes
it_security_engineer,IT Security Engineer,cyber_security,ci_cd,CI/CD,advanced,medium,advanced,8,gcp
it_security_engineer,IT Security Engineer,cyber_security,linux,Linux,advanced,medium,advanced,9,ci_cd
it_security_engineer,IT Security Engineer,cyber_security,aws,AWS,advanced,medium,advanced,10,linux
it_security_engineer,IT Security Engineer,data_science,python,Python,fundamental,high,basic,1,
it_security_engineer,IT Security Engineer,data_science,typescript,TypeScript,core,high,intermediate,2,python
it_security_engineer,IT Security Engineer,data_science,golang,Golang,core,high,intermediate,3,typescript
it_security_engineer,IT Security Engineer,data_science,machine_learning,Machine Learning,core,medium,intermediate,4,golang
it_security_engineer,IT Security Engineer,data_science,azure,Azure,advanced,medium,advanced,5,machine_learning
it_security_engineer,IT Security Engineer,data_science,kubernetes,Kubernetes,advanced,medium,advanced,6,azure
it_security_engineer,IT Security Engineer,data_science,gcp,GCP,advanced,medium,advanced,7,kubernetes
it_security_engineer,IT Security Engineer,data_science,ci_cd,CI/CD,advanced,medium,advanced,8,gcp
it_security_engineer,IT Security Engineer,data_science,linux,Linux,advanced,medium,advanced,9,ci_cd
it_security_engineer,IT Security Engineer,data_science,aws,AWS,advanced,medium,advanced,10,linux
it_security_engineer,IT Security Engineer,devops,python,Python,fundamental,high,basic,1,
it_security_engineer,IT Security Engineer,devops,typescript,TypeScript,core,high,intermediate,2,python
it_security_engineer,IT Security Engineer,devops,golang,Golang,core,high,intermediate,3,typescript
it_security_engineer,IT Security Engineer,devops,machine_learning,Machine Learning,core,medium,intermediate,4,golang
it_security_engineer,IT Security Engineer,devops,azure,Azure,advanced,medium,advanced,5,machine_learning
it_security_engineer,IT Security Engineer,devops,kubernetes,Kubernetes,advanced,medium,advanced,6,azure
it_security_engineer,IT Security Engineer,devops,gcp,GCP,advanced,medium,advanced,7,kubernetes
it_security_engineer,IT Security Engineer,devops,ci_cd,CI/CD,advanced,medium,advanced,8,gcp
it_security_engineer,IT Security Engineer,devops,linux,Linux,advanced,medium,advanced,9,ci_cd
it_security_engineer,IT Security Engineer,devops,aws,AWS,advanced,medium,advanced,10,linux
it_security_manager,IT Security Manager,cyber_security,typescript,TypeScript,core,high,intermediate,1,
it_security_manager,IT Security Manager,cyber_security,azure,Azure,advanced,high,advanced,2,typescript
it_security_manager,IT Security Manager,cyber_security,gcp,GCP,advanced,high,advanced,3,azure
it_security_manager,IT Security Manager,cyber_security,aws,AWS,advanced,medium,advanced,4,gcp
it_security_manager,IT Security Manager,cyber_security,cybersecurity,Cybersecurity,advanced,medium,advanced,5,aws
it_security_manager,IT Security Manager,devops,typescript,TypeScript,core,high,intermediate,1,
it_security_manager,IT Security Manager,devops,azure,Azure,advanced,high,advanced,2,typescript
it_security_manager,IT Security Manager,devops,gcp,GCP,advanced,high,advanced,3,azure
it_security_manager,IT Security Manager,devops,aws,AWS,advanced,medium,advanced,4,gcp
it_security_manager,IT Security Manager,devops,cybersecurity,Cybersecurity,advanced,medium,advanced,5,aws
it_security_specialist,IT Security Specialist,cyber_security,python,Python,fundamental,high,basic,1,
it_security_specialist,IT Security Specialist,cyber_security,typescript,TypeScript,core,high,intermediate,2,python
it_security_specialist,IT Security Specialist,cyber_security,gcp,GCP,advanced,high,advanced,3,typescript
it_security_specialist,IT Security Specialist,cyber_security,penetration_testing,Penetration Testing,advanced,medium,advanced,4,gcp
it_security_specialist,IT Security Specialist,cyber_security,aws,AWS,advanced,medium,advanced,5,penetration_testing
it_security_specialist,IT Security Specialist,cyber_security,cybersecurity,Cybersecurity,advanced,medium,advanced,6,aws
it_security_specialist,IT Security Specialist,devops,python,Python,fundamental,high,basic,1,
it_security_specialist,IT Security Specialist,devops,typescript,TypeScript,core,high,intermediate,2,python
it_security_specialist,IT Security Specialist,devops,gcp,GCP,advanced,high,advanced,3,typescript
it_security_specialist,IT Security Specialist,devops,penetration_testing,Penetration Testing,advanced,medium,advanced,4,gcp
it_security_specialist,IT Security Specialist,devops,aws,AWS,advanced,medium,advanced,5,penetration_testing
it_security_specialist,IT Security Specialist,devops,cybersecurity,Cybersecurity,advanced,medium,advanced,6,aws
it_senior_specialist_manager,IT Senior Specialist/Manager,cyber_security,typescript,TypeScript,core,high,intermediate,1,
it_senior_specialist_manager,IT Senior Specialist/Manager,cyber_security,tableau,Tableau,core,high,intermediate,2,typescript
it_senior_specialist_manager,IT Senior Specialist/Manager,cyber_security,machine_learning,Machine Learning,core,high,intermediate,3,tableau
it_senior_specialist_manager,IT Senior Specialist/Manager,cyber_security,power_bi,Power BI,core,medium,intermediate,4,machine_learning
it_senior_specialist_manager,IT Senior Specialist/Manager,cyber_security,azure,Azure,advanced,medium,advanced,5,power_bi
it_senior_specialist_manager,IT Senior Specialist/Manager,cyber_security,gcp,GCP,advanced,medium,advanced,6,azure
it_senior_specialist_manager,IT Senior Specialist/Manager,cyber_security,aws,AWS,advanced,medium,advanced,7,gcp
it_senior_specialist_manager,IT Senior Specialist/Manager,cyber_security,cybersecurity,Cybersecurity,advanced,medium,advanced,8,aws
it_senior_specialist_manager,IT Senior Specialist/Manager,devops,typescript,TypeScript,core,high,intermediate,1,
it_senior_specialist_manager,IT Senior Specialist/Manager,devops,tableau,Tableau,core,high,intermediate,2,typescript
it_senior_specialist_manager,IT Senior Specialist/Manager,devops,machine_learning,Machine Learning,core,high,intermediate,3,tableau
it_senior_specialist_manager,IT Senior Specialist/Manager,devops,power_bi,Power BI,core,medium,intermediate,4,machine_learning
it_senior_specialist_manager,IT Senior Specialist/Manager,devops,azure,Azure,advanced,medium,advanced,5,power_bi
it_senior_specialist_manager,IT Senior Specialist/Manager,devops,gcp,GCP,advanced,medium,advanced,6,azure
it_senior_specialist_manager,IT Senior Specialist/Manager,devops,aws,AWS,advanced,medium,advanced,7,gcp
it_senior_specialist_manager,IT Senior Specialist/Manager,devops,cybersecurity,Cybersecurity,advanced,medium,advanced,8,aws
it_staff__network___hardware_support_,IT Staff (Network & Hardware Support),cyber_security,typescript,TypeScript,core,high,intermediate,1,
it_staff__network___hardware_support_,IT Staff (Network & Hardware Support),cyber_security,linux,Linux,advanced,high,advanced,2,typescript
it_staff__web_developer_,IT Staff (Web Developer),ai_ml,html,HTML,fundamental,high,basic,1,
it_staff__web_developer_,IT Staff (Web Developer),ai_ml,python,Python,fundamental,high,basic,2,html
it_staff__web_developer_,IT Staff (Web Developer),ai_ml,sql,SQL,fundamental,high,basic,3,python
it_staff__web_developer_,IT Staff (Web Developer),ai_ml,php,PHP,fundamental,medium,basic,4,sql
it_staff__web_developer_,IT Staff (Web Developer),ai_ml,laravel,Laravel,core,medium,intermediate,5,php
it_staff__web_developer_,IT Staff (Web Developer),ai_ml,machine_learning,Machine Learning,core,medium,intermediate,6,laravel
it_staff__web_developer_,IT Staff (Web Developer),web_development,html,HTML,fundamental,high,basic,1,
it_staff__web_developer_,IT Staff (Web Developer),web_development,python,Python,fundamental,high,basic,2,html
it_staff__web_developer_,IT Staff (Web Developer),web_development,sql,SQL,fundamental,high,basic,3,python
it_staff__web_developer_,IT Staff (Web Developer),web_development,php,PHP,fundamental,medium,basic,4,sql
it_staff__web_developer_,IT Staff (Web Developer),web_development,laravel,Laravel,core,medium,intermediate,5,php
it_staff__web_developer_,IT Staff (Web Developer),web_development,machine_learning,Machine Learning,core,medium,intermediate,6,laravel
it_system_analyst,IT System Analyst,data_science,html,HTML,fundamental,high,basic,1,
it_system_analyst,IT System Analyst,data_science,javascript,JavaScript,fundamental,high,basic,2,html
it_system_analyst,IT System Analyst,data_science,java,Java,fundamental,high,basic,3,javascript
it_system_analyst,IT System Analyst,data_science,sql,SQL,fundamental,medium,basic,4,java
it_system_analyst,IT System Analyst,data_science,php,PHP,fundamental,medium,basic,5,sql
it_system_analyst,IT System Analyst,data_science,vue_js,Vue.js,core,medium,intermediate,6,php
it_system_analyst,IT System Analyst,data_science,node_js,Node.js,core,medium,intermediate,7,vue_js
it_system_analyst,IT System Analyst,data_science,postgresql,PostgreSQL,core,medium,intermediate,8,node_js
it_system_analyst,IT System Analyst,data_science,rest_api,REST API,core,medium,intermediate,9,postgresql
it_system_analyst,IT System Analyst,data_science,react_js,React.js,core,medium,intermediate,10,rest_api
it_system_analyst,IT System Analyst,data_science,mysql,MySQL,core,medium,intermediate,11,react_js
it_system_analyst,IT System Analyst,data_science,machine_learning,Machine Learning,core,medium,intermediate,12,mysql
it_system_analyst,IT System Analyst,web_development,html,HTML,fundamental,high,basic,1,
it_system_analyst,IT System Analyst,web_development,javascript,JavaScript,fundamental,high,basic,2,html
it_system_analyst,IT System Analyst,web_development,java,Java,fundamental,high,basic,3,javascript
it_system_analyst,IT System Analyst,web_development,sql,SQL,fundamental,medium,basic,4,java
it_system_analyst,IT System Analyst,web_development,php,PHP,fundamental,medium,basic,5,sql
it_system_analyst,IT System Analyst,web_development,vue_js,Vue.js,core,medium,intermediate,6,php
it_system_analyst,IT System Analyst,web_development,node_js,Node.js,core,medium,intermediate,7,vue_js
it_system_analyst,IT System Analyst,web_development,postgresql,PostgreSQL,core,medium,intermediate,8,node_js
it_system_analyst,IT System Analyst,web_development,rest_api,REST API,core,medium,intermediate,9,postgresql
it_system_analyst,IT System Analyst,web_development,react_js,React.js,core,medium,intermediate,10,rest_api
it_system_analyst,IT System Analyst,web_development,mysql,MySQL,core,medium,intermediate,11,react_js
it_system_analyst,IT System Analyst,web_development,machine_learning,Machine Learning,core,medium,intermediate,12,mysql
it_system_engineering___administrator,IT System Engineering & Administrator,cyber_security,sql,SQL,fundamental,high,basic,1,
it_system_engineering___administrator,IT System Engineering & Administrator,cyber_security,typescript,TypeScript,core,high,intermediate,2,sql
it_system_engineering___administrator,IT System Engineering & Administrator,cyber_security,azure,Azure,advanced,high,advanced,3,typescript
it_system_engineering___administrator,IT System Engineering & Administrator,cyber_security,gcp,GCP,advanced,medium,advanced,4,azure
it_system_engineering___administrator,IT System Engineering & Administrator,cyber_security,aws,AWS,advanced,medium,advanced,5,gcp
it_trainer,IT Trainer,ai_ml,python,Python,fundamental,high,basic,1,
it_trainer,IT Trainer,ai_ml,agile_scrum,Agile/Scrum,fundamental,high,basic,2,python
it_trainer,IT Trainer,ai_ml,sql,SQL,fundamental,high,basic,3,agile_scrum
it_trainer,IT Trainer,ai_ml,r,R,fundamental,medium,basic,4,sql
it_trainer,IT Trainer,ai_ml,git,Git,fundamental,medium,basic,5,r
it_trainer,IT Trainer,ai_ml,typescript,TypeScript,core,medium,intermediate,6,git
it_trainer,IT Trainer,ai_ml,figma,Figma,core,medium,intermediate,7,typescript
it_trainer,IT Trainer,ai_ml,machine_learning,Machine Learning,core,medium,intermediate,8,figma
it_trainer,IT Trainer,ai_ml,azure,Azure,advanced,medium,advanced,9,machine_learning
it_trainer,IT Trainer,ai_ml,etl,ETL,advanced,medium,advanced,10,azure
it_trainer,IT Trainer,ai_ml,ci_cd,CI/CD,advanced,medium,advanced,11,etl
it_trainer,IT Trainer,ai_ml,tensorflow,TensorFlow,advanced,medium,advanced,12,ci_cd
it_trainer,IT Trainer,ai_ml,deep_learning,Deep Learning,advanced,medium,advanced,13,tensorflow
it_trainer,IT Trainer,ai_ml,pytorch,PyTorch,advanced,medium,advanced,14,deep_learning
it_trainer,IT Trainer,ai_ml,cybersecurity,Cybersecurity,advanced,medium,advanced,15,pytorch
it_web_developer,IT Web Developer,web_development,html,HTML,fundamental,high,basic,1,
it_web_developer,IT Web Developer,web_development,javascript,JavaScript,fundamental,high,basic,2,html
it_web_developer,IT Web Developer,web_development,sql,SQL,fundamental,high,basic,3,javascript
it_web_developer,IT Web Developer,web_development,php,PHP,fundamental,medium,basic,4,sql
it_web_developer,IT Web Developer,web_development,css,CSS,fundamental,medium,basic,5,php
it_web_developer,IT Web Developer,web_development,typescript,TypeScript,core,medium,intermediate,6,css
it_web_developer,IT Web Developer,web_development,laravel,Laravel,core,medium,intermediate,7,typescript
it_web_developer,IT Web Developer,web_development,ui_ux,UI/UX,core,medium,intermediate,8,laravel
it_web_developer,IT Web Developer,web_development,rest_api,REST API,core,medium,intermediate,9,ui_ux
it_web_developer,IT Web Developer,web_development,mysql,MySQL,core,medium,intermediate,10,rest_api
it_web_developer,IT Web Developer,web_development,machine_learning,Machine Learning,core,medium,intermediate,11,mysql
it_web_developer_programmer_staff,IT Web Developer Programmer Staff,web_development,sql,SQL,fundamental,high,basic,1,
it_web_developer_programmer_staff,IT Web Developer Programmer Staff,web_development,java,Java,fundamental,high,basic,2,sql
it_web_developer_programmer_staff,IT Web Developer Programmer Staff,web_development,css,CSS,fundamental,high,basic,3,java
it_web_developer_programmer_staff,IT Web Developer Programmer Staff,web_development,laravel,Laravel,core,medium,intermediate,4,css
industrial_software_developer___program_analyst,Industrial Software Developer & Program Analyst,web_development,python,Python,fundamental,high,basic,1,
industrial_software_developer___program_analyst,Industrial Software Developer & Program Analyst,web_development,javascript,JavaScript,fundamental,high,basic,2,python
industrial_software_developer___program_analyst,Industrial Software Developer & Program Analyst,web_development,sql,SQL,fundamental,high,basic,3,javascript
industrial_software_developer___program_analyst,Industrial Software Developer & Program Analyst,web_development,postgresql,PostgreSQL,core,medium,intermediate,4,sql
industrial_software_developer___program_analyst,Industrial Software Developer & Program Analyst,web_development,rest_api,REST API,core,medium,intermediate,5,postgresql
industrial_software_developer___program_analyst,Industrial Software Developer & Program Analyst,web_development,mysql,MySQL,core,medium,intermediate,6,rest_api
industrial_software_developer___program_analyst,Industrial Software Developer & Program Analyst,web_development,mongodb,MongoDB,core,medium,intermediate,7,mysql
industrial_software_developer___program_analyst,Industrial Software Developer & Program Analyst,web_development,etl,ETL,advanced,medium,advanced,8,mongodb
industrial_software_developer___program_analyst,Industrial Software Developer & Program Analyst,web_development,tensorflow,TensorFlow,advanced,medium,advanced,9,etl
industrial_software_developer___program_analyst,Industrial Software Developer & Program Analyst,web_development,pytorch,PyTorch,advanced,medium,advanced,10,tensorflow
information_technology__programmer_,Information Technology (Programmer),web_development,javascript,JavaScript,fundamental,high,basic,1,
information_technology__programmer_,Information Technology (Programmer),web_development,excel,Excel,fundamental,high,basic,2,javascript
information_technology__programmer_,Information Technology (Programmer),web_development,sql,SQL,fundamental,high,basic,3,excel
information_technology__programmer_,Information Technology (Programmer),web_development,php,PHP,fundamental,medium,basic,4,sql
information_technology__programmer_,Information Technology (Programmer),web_development,css,CSS,fundamental,medium,basic,5,php
infosec_analyst,Infosec Analyst,cyber_security,sql,SQL,fundamental,high,basic,1,
infosec_analyst,Infosec Analyst,cyber_security,python,Python,fundamental,high,basic,2,sql
infosec_analyst,Infosec Analyst,cyber_security,penetration_testing,Penetration Testing,advanced,high,advanced,3,python
infosec_analyst,Infosec Analyst,data_science,sql,SQL,fundamental,high,basic,1,
infosec_analyst,Infosec Analyst,data_science,python,Python,fundamental,high,basic,2,sql
infosec_analyst,Infosec Analyst,data_science,penetration_testing,Penetration Testing,advanced,high,advanced,3,python
infrastructure___server_engineer__aws__monitoring____mt5_,"Infrastructure & Server Engineer (AWS, Monitoring, & MT5)",cyber_security,python,Python,fundamental,high,basic,1,
infrastructure___server_engineer__aws__monitoring____mt5_,"Infrastructure & Server Engineer (AWS, Monitoring, & MT5)",cyber_security,problem_solving,Problem Solving,fundamental,high,basic,2,python
infrastructure___server_engineer__aws__monitoring____mt5_,"Infrastructure & Server Engineer (AWS, Monitoring, & MT5)",cyber_security,git,Git,fundamental,high,basic,3,problem_solving
infrastructure___server_engineer__aws__monitoring____mt5_,"Infrastructure & Server Engineer (AWS, Monitoring, & MT5)",cyber_security,kubernetes,Kubernetes,advanced,medium,advanced,4,git
infrastructure___server_engineer__aws__monitoring____mt5_,"Infrastructure & Server Engineer (AWS, Monitoring, & MT5)",cyber_security,docker,Docker,advanced,medium,advanced,5,kubernetes
infrastructure___server_engineer__aws__monitoring____mt5_,"Infrastructure & Server Engineer (AWS, Monitoring, & MT5)",cyber_security,ci_cd,CI/CD,advanced,medium,advanced,6,docker
infrastructure___server_engineer__aws__monitoring____mt5_,"Infrastructure & Server Engineer (AWS, Monitoring, & MT5)",cyber_security,linux,Linux,advanced,medium,advanced,7,ci_cd
infrastructure___server_engineer__aws__monitoring____mt5_,"Infrastructure & Server Engineer (AWS, Monitoring, & MT5)",cyber_security,aws,AWS,advanced,medium,advanced,8,linux
infrastructure___server_engineer__aws__monitoring____mt5_,"Infrastructure & Server Engineer (AWS, Monitoring, & MT5)",devops,python,Python,fundamental,high,basic,1,
infrastructure___server_engineer__aws__monitoring____mt5_,"Infrastructure & Server Engineer (AWS, Monitoring, & MT5)",devops,problem_solving,Problem Solving,fundamental,high,basic,2,python
infrastructure___server_engineer__aws__monitoring____mt5_,"Infrastructure & Server Engineer (AWS, Monitoring, & MT5)",devops,git,Git,fundamental,high,basic,3,problem_solving
infrastructure___server_engineer__aws__monitoring____mt5_,"Infrastructure & Server Engineer (AWS, Monitoring, & MT5)",devops,kubernetes,Kubernetes,advanced,medium,advanced,4,git
infrastructure___server_engineer__aws__monitoring____mt5_,"Infrastructure & Server Engineer (AWS, Monitoring, & MT5)",devops,docker,Docker,advanced,medium,advanced,5,kubernetes
infrastructure___server_engineer__aws__monitoring____mt5_,"Infrastructure & Server Engineer (AWS, Monitoring, & MT5)",devops,ci_cd,CI/CD,advanced,medium,advanced,6,docker
infrastructure___server_engineer__aws__monitoring____mt5_,"Infrastructure & Server Engineer (AWS, Monitoring, & MT5)",devops,linux,Linux,advanced,medium,advanced,7,ci_cd
infrastructure___server_engineer__aws__monitoring____mt5_,"Infrastructure & Server Engineer (AWS, Monitoring, & MT5)",devops,aws,AWS,advanced,medium,advanced,8,linux
infrastructure_engineer,Infrastructure Engineer,cyber_security,javascript,JavaScript,fundamental,high,basic,1,
infrastructure_engineer,Infrastructure Engineer,cyber_security,python,Python,fundamental,high,basic,2,javascript
infrastructure_engineer,Infrastructure Engineer,cyber_security,excel,Excel,fundamental,high,basic,3,python
infrastructure_engineer,Infrastructure Engineer,cyber_security,problem_solving,Problem Solving,fundamental,medium,basic,4,excel
infrastructure_engineer,Infrastructure Engineer,cyber_security,git,Git,fundamental,medium,basic,5,problem_solving
infrastructure_engineer,Infrastructure Engineer,cyber_security,typescript,TypeScript,core,medium,intermediate,6,git
infrastructure_engineer,Infrastructure Engineer,cyber_security,node_js,Node.js,core,medium,intermediate,7,typescript
infrastructure_engineer,Infrastructure Engineer,cyber_security,docker,Docker,advanced,medium,advanced,8,node_js
infrastructure_engineer,Infrastructure Engineer,cyber_security,kubernetes,Kubernetes,advanced,medium,advanced,9,docker
infrastructure_engineer,Infrastructure Engineer,cyber_security,gcp,GCP,advanced,medium,advanced,10,kubernetes
infrastructure_engineer,Infrastructure Engineer,cyber_security,ci_cd,CI/CD,advanced,medium,advanced,11,gcp
infrastructure_engineer,Infrastructure Engineer,cyber_security,linux,Linux,advanced,medium,advanced,12,ci_cd
infrastructure_engineer,Infrastructure Engineer,cyber_security,aws,AWS,advanced,medium,advanced,13,linux
infrastructure_engineer,Infrastructure Engineer,devops,javascript,JavaScript,fundamental,high,basic,1,
infrastructure_engineer,Infrastructure Engineer,devops,python,Python,fundamental,high,basic,2,javascript
infrastructure_engineer,Infrastructure Engineer,devops,excel,Excel,fundamental,high,basic,3,python
infrastructure_engineer,Infrastructure Engineer,devops,problem_solving,Problem Solving,fundamental,medium,basic,4,excel
infrastructure_engineer,Infrastructure Engineer,devops,git,Git,fundamental,medium,basic,5,problem_solving
infrastructure_engineer,Infrastructure Engineer,devops,typescript,TypeScript,core,medium,intermediate,6,git
infrastructure_engineer,Infrastructure Engineer,devops,node_js,Node.js,core,medium,intermediate,7,typescript
infrastructure_engineer,Infrastructure Engineer,devops,docker,Docker,advanced,medium,advanced,8,node_js
infrastructure_engineer,Infrastructure Engineer,devops,kubernetes,Kubernetes,advanced,medium,advanced,9,docker
infrastructure_engineer,Infrastructure Engineer,devops,gcp,GCP,advanced,medium,advanced,10,kubernetes
infrastructure_engineer,Infrastructure Engineer,devops,ci_cd,CI/CD,advanced,medium,advanced,11,gcp
infrastructure_engineer,Infrastructure Engineer,devops,linux,Linux,advanced,medium,advanced,12,ci_cd
infrastructure_engineer,Infrastructure Engineer,devops,aws,AWS,advanced,medium,advanced,13,linux
integrated_pest_management_associate_scientist,Integrated Pest Management Associate Scientist,data_science,problem_solving,Problem Solving,fundamental,high,basic,1,
integrated_pest_management_associate_scientist,Integrated Pest Management Associate Scientist,data_science,typescript,TypeScript,core,high,intermediate,2,problem_solving
interior_designer,Interior Designer,ui_ux,javascript,JavaScript,fundamental,high,basic,1,
interior_designer,Interior Designer,ui_ux,excel,Excel,fundamental,high,basic,2,javascript
interior_designer,Interior Designer,ui_ux,typescript,TypeScript,core,high,intermediate,3,excel
intermediate_asp_net_core_developer,Intermediate ASP.NET Core Developer,web_development,html,HTML,fundamental,high,basic,1,
intermediate_asp_net_core_developer,Intermediate ASP.NET Core Developer,web_development,javascript,JavaScript,fundamental,high,basic,2,html
intermediate_asp_net_core_developer,Intermediate ASP.NET Core Developer,web_development,sql,SQL,fundamental,high,basic,3,javascript
intermediate_asp_net_core_developer,Intermediate ASP.NET Core Developer,web_development,git,Git,fundamental,medium,basic,4,sql
intermediate_asp_net_core_developer,Intermediate ASP.NET Core Developer,web_development,css,CSS,fundamental,medium,basic,5,git
intermediate_asp_net_core_developer,Intermediate ASP.NET Core Developer,web_development,typescript,TypeScript,core,medium,intermediate,6,css
intermediate_asp_net_core_developer,Intermediate ASP.NET Core Developer,web_development,vue_js,Vue.js,core,medium,intermediate,7,typescript
intermediate_asp_net_core_developer,Intermediate ASP.NET Core Developer,web_development,_net,.NET,core,medium,intermediate,8,vue_js
intermediate_asp_net_core_developer,Intermediate ASP.NET Core Developer,web_development,rest_api,REST API,core,medium,intermediate,9,_net
intermediate_asp_net_core_developer,Intermediate ASP.NET Core Developer,web_development,machine_learning,Machine Learning,core,medium,intermediate,10,rest_api
intern_data_engineer,Intern Data Engineer,ai_ml,python,Python,fundamental,high,basic,1,
intern_data_engineer,Intern Data Engineer,ai_ml,typescript,TypeScript,core,high,intermediate,2,python
intern_data_engineer,Intern Data Engineer,ai_ml,machine_learning,Machine Learning,core,high,intermediate,3,typescript
intern_data_engineer,Intern Data Engineer,ai_ml,docker,Docker,advanced,medium,advanced,4,machine_learning
intern_data_engineer,Intern Data Engineer,ai_ml,tensorflow,TensorFlow,advanced,medium,advanced,5,docker
intern_data_engineer,Intern Data Engineer,ai_ml,aws,AWS,advanced,medium,advanced,6,tensorflow
intern__gip____product_management___product_design,Intern [GIP] - Product Management & Product Design,ui_ux,excel,Excel,fundamental,high,basic,1,
intern__gip____product_management___product_design,Intern [GIP] - Product Management & Product Design,ui_ux,prototyping,Prototyping,core,high,intermediate,2,excel
intern__gip____product_management___product_design,Intern [GIP] - Product Management & Product Design,ui_ux,typescript,TypeScript,core,high,intermediate,3,prototyping
intern__gip____product_management___product_design,Intern [GIP] - Product Management & Product Design,ui_ux,figma,Figma,core,medium,intermediate,4,typescript
intern__gip____research___data_analytics,Intern [GIP] - Research & Data Analytics,data_science,sql,SQL,fundamental,high,basic,1,
intern__gip____research___data_analytics,Intern [GIP] - Research & Data Analytics,data_science,excel,Excel,fundamental,high,basic,2,sql
intern__gip____research___data_analytics,Intern [GIP] - Research & Data Analytics,data_science,typescript,TypeScript,core,high,intermediate,3,excel
internal_audit_it_supervisor,Internal Audit IT Supervisor,cyber_security,typescript,TypeScript,core,high,intermediate,1,
internal_audit_it_supervisor,Internal Audit IT Supervisor,cyber_security,cybersecurity,Cybersecurity,advanced,high,advanced,2,typescript
internal_product_engineer___full_stack_developer,Internal Product Engineer / Full Stack Developer,web_development,html,HTML,fundamental,high,basic,1,
internal_product_engineer___full_stack_developer,Internal Product Engineer / Full Stack Developer,web_development,javascript,JavaScript,fundamental,high,basic,2,html
internal_product_engineer___full_stack_developer,Internal Product Engineer / Full Stack Developer,web_development,css,CSS,fundamental,high,basic,3,javascript
internal_product_engineer___full_stack_developer,Internal Product Engineer / Full Stack Developer,web_development,typescript,TypeScript,core,medium,intermediate,4,css
internal_product_engineer___full_stack_developer,Internal Product Engineer / Full Stack Developer,web_development,ui_ux,UI/UX,core,medium,intermediate,5,typescript
internal_product_engineer___full_stack_developer,Internal Product Engineer / Full Stack Developer,web_development,node_js,Node.js,core,medium,intermediate,6,ui_ux
internal_product_engineer___full_stack_developer,Internal Product Engineer / Full Stack Developer,web_development,rest_api,REST API,core,medium,intermediate,7,node_js
internal_product_engineer___full_stack_developer,Internal Product Engineer / Full Stack Developer,web_development,react_js,React.js,core,medium,intermediate,8,rest_api
internal_product_engineer___full_stack_developer,Internal Product Engineer / Full Stack Developer,web_development,machine_learning,Machine Learning,core,medium,intermediate,9,react_js
internal_product_engineer___full_stack_developer,Internal Product Engineer / Full Stack Developer,web_development,next_js,Next.js,core,medium,intermediate,10,machine_learning
interns__data_analyst_intern__digital_media_intern__it_intern_,"Interns (Data Analyst Intern, Digital Media Intern, IT Intern)",data_science,excel,Excel,fundamental,high,basic,1,
interns__data_analyst_intern__digital_media_intern__it_intern_,"Interns (Data Analyst Intern, Digital Media Intern, IT Intern)",data_science,typescript,TypeScript,core,high,intermediate,2,excel
java_developer_expert__it_audit___regulatory_compliance_,JAVA Developer Expert (IT Audit & Regulatory Compliance),web_development,java,Java,fundamental,high,basic,1,
java_developer_expert__it_audit___regulatory_compliance_,JAVA Developer Expert (IT Audit & Regulatory Compliance),web_development,sql,SQL,fundamental,high,basic,2,java
java_developer_expert__it_audit___regulatory_compliance_,JAVA Developer Expert (IT Audit & Regulatory Compliance),web_development,r,R,fundamental,high,basic,3,sql
java_developer_expert__it_audit___regulatory_compliance_,JAVA Developer Expert (IT Audit & Regulatory Compliance),web_development,typescript,TypeScript,core,medium,intermediate,4,r
java_developer_expert__it_audit___regulatory_compliance_,JAVA Developer Expert (IT Audit & Regulatory Compliance),web_development,microservices,Microservices,advanced,medium,advanced,5,typescript
java_developer_expert__it_audit___regulatory_compliance_,JAVA Developer Expert (IT Audit & Regulatory Compliance),web_development,cybersecurity,Cybersecurity,advanced,medium,advanced,6,microservices
junior_ai_engineer,JUNIOR AI ENGINEER,ai_ml,python,Python,fundamental,high,basic,1,
junior_ai_engineer,JUNIOR AI ENGINEER,ai_ml,scikit_learn,Scikit-Learn,core,high,intermediate,2,python
junior_ai_engineer,JUNIOR AI ENGINEER,ai_ml,machine_learning,Machine Learning,core,high,intermediate,3,scikit_learn
junior_ai_engineer,JUNIOR AI ENGINEER,ai_ml,tensorflow,TensorFlow,advanced,medium,advanced,4,machine_learning
junior_ai_engineer,JUNIOR AI ENGINEER,ai_ml,deep_learning,Deep Learning,advanced,medium,advanced,5,tensorflow
junior_ai_engineer,JUNIOR AI ENGINEER,ai_ml,pytorch,PyTorch,advanced,medium,advanced,6,deep_learning
junior_data_analyst,JUNIOR DATA ANALYST,ai_ml,python,Python,fundamental,high,basic,1,
junior_data_analyst,JUNIOR DATA ANALYST,ai_ml,excel,Excel,fundamental,high,basic,2,python
junior_data_analyst,JUNIOR DATA ANALYST,ai_ml,sql,SQL,fundamental,high,basic,3,excel
junior_data_analyst,JUNIOR DATA ANALYST,ai_ml,r,R,fundamental,medium,basic,4,sql
junior_data_analyst,JUNIOR DATA ANALYST,ai_ml,tableau,Tableau,core,medium,intermediate,5,r
junior_data_analyst,JUNIOR DATA ANALYST,ai_ml,power_bi,Power BI,core,medium,intermediate,6,tableau
java_developer,Java Developer,devops,java,Java,fundamental,high,basic,1,
java_developer,Java Developer,devops,excel,Excel,fundamental,high,basic,2,java
java_developer,Java Developer,devops,typescript,TypeScript,core,high,intermediate,3,excel
java_developer,Java Developer,devops,ui_ux,UI/UX,core,medium,intermediate,4,typescript
java_developer,Java Developer,devops,bootstrap,Bootstrap,core,medium,intermediate,5,ui_ux
java_developer,Java Developer,devops,postgresql,PostgreSQL,core,medium,intermediate,6,bootstrap
java_developer,Java Developer,devops,react_js,React.js,core,medium,intermediate,7,postgresql
java_developer,Java Developer,devops,spring_boot,Spring Boot,core,medium,intermediate,8,react_js
java_developer,Java Developer,devops,aws,AWS,advanced,medium,advanced,9,spring_boot
java_developer,Java Developer,web_development,java,Java,fundamental,high,basic,1,
java_developer,Java Developer,web_development,excel,Excel,fundamental,high,basic,2,java
java_developer,Java Developer,web_development,problem_solving,Problem Solving,fundamental,high,basic,3,excel
java_developer,Java Developer,web_development,javascript,JavaScript,fundamental,medium,basic,4,problem_solving
java_developer,Java Developer,web_development,agile_scrum,Agile/Scrum,fundamental,medium,basic,5,javascript
java_developer,Java Developer,web_development,typescript,TypeScript,core,medium,intermediate,6,agile_scrum
java_developer,Java Developer,web_development,ui_ux,UI/UX,core,medium,intermediate,7,typescript
java_developer,Java Developer,web_development,bootstrap,Bootstrap,core,medium,intermediate,8,ui_ux
java_developer,Java Developer,web_development,postgresql,PostgreSQL,core,medium,intermediate,9,bootstrap
java_developer,Java Developer,web_development,rest_api,REST API,core,medium,intermediate,10,postgresql
java_developer,Java Developer,web_development,react_js,React.js,core,medium,intermediate,11,rest_api
java_developer,Java Developer,web_development,spring_boot,Spring Boot,core,medium,intermediate,12,react_js
java_developer,Java Developer,web_development,microservices,Microservices,advanced,medium,advanced,13,spring_boot
java_developer,Java Developer,web_development,aws,AWS,advanced,medium,advanced,14,microservices
java_developer___wfo___jakarta__id__571237_,Java Developer - WFO - Jakarta (ID: 571237),web_development,java,Java,fundamental,high,basic,1,
java_developer___wfo___jakarta__id__571237_,Java Developer - WFO - Jakarta (ID: 571237),web_development,typescript,TypeScript,core,high,intermediate,2,java
java_spring_boot_developer,Java Spring Boot Developer,web_development,java,Java,fundamental,high,basic,1,
java_spring_boot_developer,Java Spring Boot Developer,web_development,agile_scrum,Agile/Scrum,fundamental,high,basic,2,java
java_spring_boot_developer,Java Spring Boot Developer,web_development,git,Git,fundamental,high,basic,3,agile_scrum
java_spring_boot_developer,Java Spring Boot Developer,web_development,typescript,TypeScript,core,medium,intermediate,4,git
java_spring_boot_developer,Java Spring Boot Developer,web_development,ui_ux,UI/UX,core,medium,intermediate,5,typescript
java_spring_boot_developer,Java Spring Boot Developer,web_development,postgresql,PostgreSQL,core,medium,intermediate,6,ui_ux
java_spring_boot_developer,Java Spring Boot Developer,web_development,rest_api,REST API,core,medium,intermediate,7,postgresql
java_spring_boot_developer,Java Spring Boot Developer,web_development,spring_boot,Spring Boot,core,medium,intermediate,8,rest_api
java_full_stack_developer,Java/Full-Stack Developer,web_development,java,Java,fundamental,high,basic,1,
java_full_stack_developer,Java/Full-Stack Developer,web_development,javascript,JavaScript,fundamental,high,basic,2,java
java_full_stack_developer,Java/Full-Stack Developer,web_development,excel,Excel,fundamental,high,basic,3,javascript
java_full_stack_developer,Java/Full-Stack Developer,web_development,sql,SQL,fundamental,medium,basic,4,excel
java_full_stack_developer,Java/Full-Stack Developer,web_development,agile_scrum,Agile/Scrum,fundamental,medium,basic,5,sql
java_full_stack_developer,Java/Full-Stack Developer,web_development,git,Git,fundamental,medium,basic,6,agile_scrum
java_full_stack_developer,Java/Full-Stack Developer,web_development,typescript,TypeScript,core,medium,intermediate,7,git
java_full_stack_developer,Java/Full-Stack Developer,web_development,vue_js,Vue.js,core,medium,intermediate,8,typescript
java_full_stack_developer,Java/Full-Stack Developer,web_development,angular,Angular,core,medium,intermediate,9,vue_js
java_full_stack_developer,Java/Full-Stack Developer,web_development,postgresql,PostgreSQL,core,medium,intermediate,10,angular
java_full_stack_developer,Java/Full-Stack Developer,web_development,rest_api,REST API,core,medium,intermediate,11,postgresql
java_full_stack_developer,Java/Full-Stack Developer,web_development,react_js,React.js,core,medium,intermediate,12,rest_api
java_full_stack_developer,Java/Full-Stack Developer,web_development,spring_boot,Spring Boot,core,medium,intermediate,13,react_js
java_full_stack_developer,Java/Full-Stack Developer,web_development,docker,Docker,advanced,medium,advanced,14,spring_boot
java_full_stack_developer,Java/Full-Stack Developer,web_development,kubernetes,Kubernetes,advanced,medium,advanced,15,docker
java_full_stack_developer,Java/Full-Stack Developer,web_development,microservices,Microservices,advanced,medium,advanced,16,kubernetes
javascript_developer,Javascript Developer,web_development,html,HTML,fundamental,high,basic,1,
javascript_developer,Javascript Developer,web_development,javascript,JavaScript,fundamental,high,basic,2,html
javascript_developer,Javascript Developer,web_development,excel,Excel,fundamental,high,basic,3,javascript
javascript_developer,Javascript Developer,web_development,git,Git,fundamental,medium,basic,4,excel
javascript_developer,Javascript Developer,web_development,css,CSS,fundamental,medium,basic,5,git
javascript_developer,Javascript Developer,web_development,typescript,TypeScript,core,medium,intermediate,6,css
javascript_developer,Javascript Developer,web_development,vue_js,Vue.js,core,medium,intermediate,7,typescript
javascript_developer,Javascript Developer,web_development,angular,Angular,core,medium,intermediate,8,vue_js
javascript_developer,Javascript Developer,web_development,node_js,Node.js,core,medium,intermediate,9,angular
javascript_developer,Javascript Developer,web_development,rest_api,REST API,core,medium,intermediate,10,node_js
javascript_developer,Javascript Developer,web_development,react_js,React.js,core,medium,intermediate,11,rest_api
javascript_developer,Javascript Developer,web_development,machine_learning,Machine Learning,core,medium,intermediate,12,react_js
jr__backend_developer,Jr. Backend Developer,web_development,javascript,JavaScript,fundamental,high,basic,1,
jr__backend_developer,Jr. Backend Developer,web_development,typescript,TypeScript,core,high,intermediate,2,javascript
jr__backend_developer,Jr. Backend Developer,web_development,node_js,Node.js,core,high,intermediate,3,typescript
jr__backend_developer,Jr. Backend Developer,web_development,postgresql,PostgreSQL,core,medium,intermediate,4,node_js
jr__backend_developer,Jr. Backend Developer,web_development,rest_api,REST API,core,medium,intermediate,5,postgresql
jr__backend_developer,Jr. Backend Developer,web_development,mysql,MySQL,core,medium,intermediate,6,rest_api
jr__backend_developer,Jr. Backend Developer,web_development,graphql,GraphQL,core,medium,intermediate,7,mysql
jr__backend_developer,Jr. Backend Developer,web_development,microservices,Microservices,advanced,medium,advanced,8,graphql
jr__backend_developer,Jr. Backend Developer,web_development,ci_cd,CI/CD,advanced,medium,advanced,9,microservices
jr__data_scientist,Jr. Data Scientist,ai_ml,python,Python,fundamental,high,basic,1,
jr__data_scientist,Jr. Data Scientist,ai_ml,sql,SQL,fundamental,high,basic,2,python
jr__data_scientist,Jr. Data Scientist,ai_ml,typescript,TypeScript,core,high,intermediate,3,sql
jr__data_scientist,Jr. Data Scientist,ai_ml,machine_learning,Machine Learning,core,medium,intermediate,4,typescript
jr__data_scientist,Jr. Data Scientist,ai_ml,gcp,GCP,advanced,medium,advanced,5,machine_learning
jr__specialist_data_stewards,Jr. Specialist Data Stewards,data_science,excel,Excel,fundamental,high,basic,1,
jr__specialist_data_stewards,Jr. Specialist Data Stewards,data_science,typescript,TypeScript,core,high,intermediate,2,excel
junior_data_engineer,Junior Data Engineer,ai_ml,python,Python,fundamental,high,basic,1,
junior_data_engineer,Junior Data Engineer,ai_ml,sql,SQL,fundamental,high,basic,2,python
junior_data_engineer,Junior Data Engineer,ai_ml,typescript,TypeScript,core,high,intermediate,3,sql
junior_data_engineer,Junior Data Engineer,ai_ml,rest_api,REST API,core,medium,intermediate,4,typescript
junior_data_engineer,Junior Data Engineer,ai_ml,tableau,Tableau,core,medium,intermediate,5,rest_api
junior_data_engineer,Junior Data Engineer,ai_ml,etl,ETL,advanced,medium,advanced,6,tableau
junior_data_engineer,Junior Data Engineer,ai_ml,docker,Docker,advanced,medium,advanced,7,etl
junior_data_engineer,Junior Data Engineer,ai_ml,gcp,GCP,advanced,medium,advanced,8,docker
junior_data_engineer,Junior Data Engineer,ai_ml,ci_cd,CI/CD,advanced,medium,advanced,9,gcp
junior_data_engineer,Junior Data Engineer,ai_ml,linux,Linux,advanced,medium,advanced,10,ci_cd
junior_data_engineer,Junior Data Engineer,ai_ml,bigquery,BigQuery,advanced,medium,advanced,11,linux
junior_data_scientist,Junior Data Scientist,ai_ml,sql,SQL,fundamental,high,basic,1,
junior_data_scientist,Junior Data Scientist,ai_ml,python,Python,fundamental,high,basic,2,sql
junior_data_scientist,Junior Data Scientist,ai_ml,excel,Excel,fundamental,high,basic,3,python
junior_data_scientist,Junior Data Scientist,ai_ml,typescript,TypeScript,core,medium,intermediate,4,excel
junior_data_scientist,Junior Data Scientist,data_science,sql,SQL,fundamental,high,basic,1,
junior_data_scientist,Junior Data Scientist,data_science,python,Python,fundamental,high,basic,2,sql
junior_data_scientist,Junior Data Scientist,data_science,excel,Excel,fundamental,high,basic,3,python
junior_data_scientist,Junior Data Scientist,data_science,typescript,TypeScript,core,medium,intermediate,4,excel
junior_full_stack_developer__java_,Junior Full Stack Developer (Java),web_development,java,Java,fundamental,high,basic,1,
junior_full_stack_developer__java_,Junior Full Stack Developer (Java),web_development,javascript,JavaScript,fundamental,high,basic,2,java
junior_full_stack_developer__java_,Junior Full Stack Developer (Java),web_development,agile_scrum,Agile/Scrum,fundamental,high,basic,3,javascript
junior_full_stack_developer__java_,Junior Full Stack Developer (Java),web_development,problem_solving,Problem Solving,fundamental,medium,basic,4,agile_scrum
junior_full_stack_developer__java_,Junior Full Stack Developer (Java),web_development,typescript,TypeScript,core,medium,intermediate,5,problem_solving
junior_full_stack_developer__java_,Junior Full Stack Developer (Java),web_development,angular,Angular,core,medium,intermediate,6,typescript
junior_full_stack_developer__java_,Junior Full Stack Developer (Java),web_development,vue_js,Vue.js,core,medium,intermediate,7,angular
junior_full_stack_developer__java_,Junior Full Stack Developer (Java),web_development,rest_api,REST API,core,medium,intermediate,8,vue_js
junior_full_stack_developer__java_,Junior Full Stack Developer (Java),web_development,react_js,React.js,core,medium,intermediate,9,rest_api
junior_it_programmer,Junior IT Programmer,web_development,java,Java,fundamental,high,basic,1,
junior_it_programmer,Junior IT Programmer,web_development,javascript,JavaScript,fundamental,high,basic,2,java
junior_it_programmer,Junior IT Programmer,web_development,sql,SQL,fundamental,high,basic,3,javascript
junior_it_programmer,Junior IT Programmer,web_development,git,Git,fundamental,medium,basic,4,sql
junior_it_programmer,Junior IT Programmer,web_development,php,PHP,fundamental,medium,basic,5,git
junior_it_programmer,Junior IT Programmer,web_development,vue_js,Vue.js,core,medium,intermediate,6,php
junior_it_programmer,Junior IT Programmer,web_development,laravel,Laravel,core,medium,intermediate,7,vue_js
junior_it_programmer,Junior IT Programmer,web_development,postgresql,PostgreSQL,core,medium,intermediate,8,laravel
junior_it_programmer,Junior IT Programmer,web_development,rest_api,REST API,core,medium,intermediate,9,postgresql
junior_it_programmer,Junior IT Programmer,web_development,react_js,React.js,core,medium,intermediate,10,rest_api
junior_it_programmer,Junior IT Programmer,web_development,mysql,MySQL,core,medium,intermediate,11,react_js
junior_it_programmer,Junior IT Programmer,web_development,microservices,Microservices,advanced,medium,advanced,12,mysql
junior_it_programmer,Junior IT Programmer,web_development,docker,Docker,advanced,medium,advanced,13,microservices
junior_it_programmer,Junior IT Programmer,web_development,ci_cd,CI/CD,advanced,medium,advanced,14,docker
junior_it_programmer,Junior IT Programmer,web_development,linux,Linux,advanced,medium,advanced,15,ci_cd
junior_product_developer,Junior Product Developer,ui_ux,excel,Excel,fundamental,high,basic,1,
junior_product_developer,Junior Product Developer,ui_ux,typescript,TypeScript,core,high,intermediate,2,excel
junior_product_developer,Junior Product Developer,ui_ux,golang,Golang,core,high,intermediate,3,typescript
junior_software_developer,Junior Software Developer,web_development,java,Java,fundamental,high,basic,1,
junior_software_developer,Junior Software Developer,web_development,sql,SQL,fundamental,high,basic,2,java
junior_software_developer,Junior Software Developer,web_development,git,Git,fundamental,high,basic,3,sql
junior_software_developer,Junior Software Developer,web_development,typescript,TypeScript,core,medium,intermediate,4,git
junior_software_developer,Junior Software Developer,web_development,postgresql,PostgreSQL,core,medium,intermediate,5,typescript
junior_software_developer,Junior Software Developer,web_development,rest_api,REST API,core,medium,intermediate,6,postgresql
junior_software_developer,Junior Software Developer,web_development,mysql,MySQL,core,medium,intermediate,7,rest_api
junior_software_engineer,Junior Software Engineer,ai_ml,javascript,JavaScript,fundamental,high,basic,1,
junior_software_engineer,Junior Software Engineer,ai_ml,sql,SQL,fundamental,high,basic,2,javascript
junior_software_engineer,Junior Software Engineer,ai_ml,html,HTML,fundamental,high,basic,3,sql
junior_software_engineer,Junior Software Engineer,ai_ml,java,Java,fundamental,medium,basic,4,html
junior_software_engineer,Junior Software Engineer,ai_ml,python,Python,fundamental,medium,basic,5,java
junior_software_engineer,Junior Software Engineer,ai_ml,agile_scrum,Agile/Scrum,fundamental,medium,basic,6,python
junior_software_engineer,Junior Software Engineer,ai_ml,ruby,Ruby,fundamental,medium,basic,7,agile_scrum
junior_software_engineer,Junior Software Engineer,ai_ml,git,Git,fundamental,medium,basic,8,ruby
junior_software_engineer,Junior Software Engineer,ai_ml,css,CSS,fundamental,medium,basic,9,git
junior_software_engineer,Junior Software Engineer,ai_ml,typescript,TypeScript,core,medium,intermediate,10,css
junior_software_engineer,Junior Software Engineer,ai_ml,machine_learning,Machine Learning,core,medium,intermediate,11,typescript
junior_software_engineer,Junior Software Engineer,ai_ml,angular,Angular,core,medium,intermediate,12,machine_learning
junior_software_engineer,Junior Software Engineer,ai_ml,node_js,Node.js,core,medium,intermediate,13,angular
junior_software_engineer,Junior Software Engineer,ai_ml,vue_js,Vue.js,core,medium,intermediate,14,node_js
junior_software_engineer,Junior Software Engineer,ai_ml,rest_api,REST API,core,medium,intermediate,15,vue_js
junior_software_engineer,Junior Software Engineer,ai_ml,react_js,React.js,core,medium,intermediate,16,rest_api
junior_software_engineer,Junior Software Engineer,ai_ml,docker,Docker,advanced,medium,advanced,17,react_js
junior_software_engineer,Junior Software Engineer,ai_ml,aws,AWS,advanced,medium,advanced,18,docker
junior_software_engineer,Junior Software Engineer,ai_ml,kubernetes,Kubernetes,advanced,medium,advanced,19,aws
junior_software_engineer,Junior Software Engineer,ai_ml,gcp,GCP,advanced,medium,advanced,20,kubernetes
junior_software_engineer,Junior Software Engineer,ai_ml,ci_cd,CI/CD,advanced,medium,advanced,21,gcp
junior_software_engineer,Junior Software Engineer,devops,javascript,JavaScript,fundamental,high,basic,1,
junior_software_engineer,Junior Software Engineer,devops,sql,SQL,fundamental,high,basic,2,javascript
junior_software_engineer,Junior Software Engineer,devops,html,HTML,fundamental,high,basic,3,sql
junior_software_engineer,Junior Software Engineer,devops,java,Java,fundamental,medium,basic,4,html
junior_software_engineer,Junior Software Engineer,devops,python,Python,fundamental,medium,basic,5,java
junior_software_engineer,Junior Software Engineer,devops,agile_scrum,Agile/Scrum,fundamental,medium,basic,6,python
junior_software_engineer,Junior Software Engineer,devops,ruby,Ruby,fundamental,medium,basic,7,agile_scrum
junior_software_engineer,Junior Software Engineer,devops,git,Git,fundamental,medium,basic,8,ruby
junior_software_engineer,Junior Software Engineer,devops,css,CSS,fundamental,medium,basic,9,git
junior_software_engineer,Junior Software Engineer,devops,typescript,TypeScript,core,medium,intermediate,10,css
junior_software_engineer,Junior Software Engineer,devops,machine_learning,Machine Learning,core,medium,intermediate,11,typescript
junior_software_engineer,Junior Software Engineer,devops,angular,Angular,core,medium,intermediate,12,machine_learning
junior_software_engineer,Junior Software Engineer,devops,node_js,Node.js,core,medium,intermediate,13,angular
junior_software_engineer,Junior Software Engineer,devops,vue_js,Vue.js,core,medium,intermediate,14,node_js
junior_software_engineer,Junior Software Engineer,devops,rest_api,REST API,core,medium,intermediate,15,vue_js
junior_software_engineer,Junior Software Engineer,devops,react_js,React.js,core,medium,intermediate,16,rest_api
junior_software_engineer,Junior Software Engineer,devops,docker,Docker,advanced,medium,advanced,17,react_js
junior_software_engineer,Junior Software Engineer,devops,aws,AWS,advanced,medium,advanced,18,docker
junior_software_engineer,Junior Software Engineer,devops,kubernetes,Kubernetes,advanced,medium,advanced,19,aws
junior_software_engineer,Junior Software Engineer,devops,gcp,GCP,advanced,medium,advanced,20,kubernetes
junior_software_engineer,Junior Software Engineer,devops,ci_cd,CI/CD,advanced,medium,advanced,21,gcp
junior_software_engineer,Junior Software Engineer,web_development,javascript,JavaScript,fundamental,high,basic,1,
junior_software_engineer,Junior Software Engineer,web_development,sql,SQL,fundamental,high,basic,2,javascript
junior_software_engineer,Junior Software Engineer,web_development,html,HTML,fundamental,high,basic,3,sql
junior_software_engineer,Junior Software Engineer,web_development,java,Java,fundamental,medium,basic,4,html
junior_software_engineer,Junior Software Engineer,web_development,python,Python,fundamental,medium,basic,5,java
junior_software_engineer,Junior Software Engineer,web_development,agile_scrum,Agile/Scrum,fundamental,medium,basic,6,python
junior_software_engineer,Junior Software Engineer,web_development,ruby,Ruby,fundamental,medium,basic,7,agile_scrum
junior_software_engineer,Junior Software Engineer,web_development,git,Git,fundamental,medium,basic,8,ruby
junior_software_engineer,Junior Software Engineer,web_development,css,CSS,fundamental,medium,basic,9,git
junior_software_engineer,Junior Software Engineer,web_development,typescript,TypeScript,core,medium,intermediate,10,css
junior_software_engineer,Junior Software Engineer,web_development,machine_learning,Machine Learning,core,medium,intermediate,11,typescript
junior_software_engineer,Junior Software Engineer,web_development,angular,Angular,core,medium,intermediate,12,machine_learning
junior_software_engineer,Junior Software Engineer,web_development,node_js,Node.js,core,medium,intermediate,13,angular
junior_software_engineer,Junior Software Engineer,web_development,vue_js,Vue.js,core,medium,intermediate,14,node_js
junior_software_engineer,Junior Software Engineer,web_development,rest_api,REST API,core,medium,intermediate,15,vue_js
junior_software_engineer,Junior Software Engineer,web_development,react_js,React.js,core,medium,intermediate,16,rest_api
junior_software_engineer,Junior Software Engineer,web_development,docker,Docker,advanced,medium,advanced,17,react_js
junior_software_engineer,Junior Software Engineer,web_development,aws,AWS,advanced,medium,advanced,18,docker
junior_software_engineer,Junior Software Engineer,web_development,kubernetes,Kubernetes,advanced,medium,advanced,19,aws
junior_software_engineer,Junior Software Engineer,web_development,gcp,GCP,advanced,medium,advanced,20,kubernetes
junior_software_engineer,Junior Software Engineer,web_development,ci_cd,CI/CD,advanced,medium,advanced,21,gcp
junior_web_developer,Junior Web Developer,ui_ux,javascript,JavaScript,fundamental,high,basic,1,
junior_web_developer,Junior Web Developer,ui_ux,problem_solving,Problem Solving,fundamental,high,basic,2,javascript
junior_web_developer,Junior Web Developer,ui_ux,laravel,Laravel,core,high,intermediate,3,problem_solving
junior_web_developer,Junior Web Developer,ui_ux,ui_ux,UI/UX,core,medium,intermediate,4,laravel
junior_web_developer,Junior Web Developer,ui_ux,rest_api,REST API,core,medium,intermediate,5,ui_ux
junior_web_developer,Junior Web Developer,ui_ux,react_js,React.js,core,medium,intermediate,6,rest_api
junior_web_developer,Junior Web Developer,ui_ux,mysql,MySQL,core,medium,intermediate,7,react_js
junior_web_developer,Junior Web Developer,web_development,javascript,JavaScript,fundamental,high,basic,1,
junior_web_developer,Junior Web Developer,web_development,problem_solving,Problem Solving,fundamental,high,basic,2,javascript
junior_web_developer,Junior Web Developer,web_development,laravel,Laravel,core,high,intermediate,3,problem_solving
junior_web_developer,Junior Web Developer,web_development,ui_ux,UI/UX,core,medium,intermediate,4,laravel
junior_web_developer,Junior Web Developer,web_development,rest_api,REST API,core,medium,intermediate,5,ui_ux
junior_web_developer,Junior Web Developer,web_development,react_js,React.js,core,medium,intermediate,6,rest_api
junior_web_developer,Junior Web Developer,web_development,mysql,MySQL,core,medium,intermediate,7,react_js
lscm_excellence_analyst,LSCM Excellence Analyst,data_science,excel,Excel,fundamental,high,basic,1,
lscm_excellence_analyst,LSCM Excellence Analyst,data_science,typescript,TypeScript,core,high,intermediate,2,excel
lead_data_scientist,Lead Data Scientist,ai_ml,python,Python,fundamental,high,basic,1,
lead_data_scientist,Lead Data Scientist,ai_ml,typescript,TypeScript,core,high,intermediate,2,python
lead_data_scientist,Lead Data Scientist,ai_ml,scikit_learn,Scikit-Learn,core,high,intermediate,3,typescript
lead_data_scientist,Lead Data Scientist,ai_ml,machine_learning,Machine Learning,core,medium,intermediate,4,scikit_learn
lead_data_scientist,Lead Data Scientist,ai_ml,pytorch,PyTorch,advanced,medium,advanced,5,machine_learning
lead_data_scientist,Lead Data Scientist,ai_ml,data_modeling,Data Modeling,advanced,medium,advanced,6,pytorch
lead_data_scientist,Lead Data Scientist,ai_ml,bigquery,BigQuery,advanced,medium,advanced,7,data_modeling
lead_developer__python_,Lead Developer (Python),ai_ml,javascript,JavaScript,fundamental,high,basic,1,
lead_developer__python_,Lead Developer (Python),ai_ml,python,Python,fundamental,high,basic,2,javascript
lead_developer__python_,Lead Developer (Python),ai_ml,typescript,TypeScript,core,high,intermediate,3,python
lead_developer__python_,Lead Developer (Python),ai_ml,vue_js,Vue.js,core,medium,intermediate,4,typescript
lead_developer__python_,Lead Developer (Python),ai_ml,django,Django,core,medium,intermediate,5,vue_js
lead_developer__python_,Lead Developer (Python),ai_ml,node_js,Node.js,core,medium,intermediate,6,django
lead_developer__python_,Lead Developer (Python),ai_ml,postgresql,PostgreSQL,core,medium,intermediate,7,node_js
lead_developer__python_,Lead Developer (Python),ai_ml,rest_api,REST API,core,medium,intermediate,8,postgresql
lead_developer__python_,Lead Developer (Python),ai_ml,golang,Golang,core,medium,intermediate,9,rest_api
lead_developer__python_,Lead Developer (Python),ai_ml,mysql,MySQL,core,medium,intermediate,10,golang
lead_developer__python_,Lead Developer (Python),web_development,javascript,JavaScript,fundamental,high,basic,1,
lead_developer__python_,Lead Developer (Python),web_development,python,Python,fundamental,high,basic,2,javascript
lead_developer__python_,Lead Developer (Python),web_development,typescript,TypeScript,core,high,intermediate,3,python
lead_developer__python_,Lead Developer (Python),web_development,vue_js,Vue.js,core,medium,intermediate,4,typescript
lead_developer__python_,Lead Developer (Python),web_development,django,Django,core,medium,intermediate,5,vue_js
lead_developer__python_,Lead Developer (Python),web_development,node_js,Node.js,core,medium,intermediate,6,django
lead_developer__python_,Lead Developer (Python),web_development,postgresql,PostgreSQL,core,medium,intermediate,7,node_js
lead_developer__python_,Lead Developer (Python),web_development,rest_api,REST API,core,medium,intermediate,8,postgresql
lead_developer__python_,Lead Developer (Python),web_development,golang,Golang,core,medium,intermediate,9,rest_api
lead_developer__python_,Lead Developer (Python),web_development,mysql,MySQL,core,medium,intermediate,10,golang
lead_engineer__ai_agents___backend_platforms,"Lead Engineer, AI Agents & Backend Platforms",devops,excel,Excel,fundamental,high,basic,1,
lead_engineer__ai_agents___backend_platforms,"Lead Engineer, AI Agents & Backend Platforms",devops,typescript,TypeScript,core,high,intermediate,2,excel
lead_engineer__ai_agents___backend_platforms,"Lead Engineer, AI Agents & Backend Platforms",devops,rest_api,REST API,core,high,intermediate,3,typescript
lead_engineer__ai_agents___backend_platforms,"Lead Engineer, AI Agents & Backend Platforms",devops,golang,Golang,core,medium,intermediate,4,rest_api
lead_engineer__ai_agents___backend_platforms,"Lead Engineer, AI Agents & Backend Platforms",devops,microservices,Microservices,advanced,medium,advanced,5,golang
lead_engineer__ai_agents___backend_platforms,"Lead Engineer, AI Agents & Backend Platforms",devops,ci_cd,CI/CD,advanced,medium,advanced,6,microservices
lead_engineer__ai_agents___backend_platforms,"Lead Engineer, AI Agents & Backend Platforms",web_development,excel,Excel,fundamental,high,basic,1,
lead_engineer__ai_agents___backend_platforms,"Lead Engineer, AI Agents & Backend Platforms",web_development,typescript,TypeScript,core,high,intermediate,2,excel
lead_engineer__ai_agents___backend_platforms,"Lead Engineer, AI Agents & Backend Platforms",web_development,rest_api,REST API,core,high,intermediate,3,typescript
lead_engineer__ai_agents___backend_platforms,"Lead Engineer, AI Agents & Backend Platforms",web_development,golang,Golang,core,medium,intermediate,4,rest_api
lead_engineer__ai_agents___backend_platforms,"Lead Engineer, AI Agents & Backend Platforms",web_development,microservices,Microservices,advanced,medium,advanced,5,golang
lead_engineer__ai_agents___backend_platforms,"Lead Engineer, AI Agents & Backend Platforms",web_development,ci_cd,CI/CD,advanced,medium,advanced,6,microservices
lead_it_auditor,Lead IT Auditor,cyber_security,excel,Excel,fundamental,high,basic,1,
lead_it_auditor,Lead IT Auditor,cyber_security,typescript,TypeScript,core,high,intermediate,2,excel
lead_it_auditor,Lead IT Auditor,cyber_security,golang,Golang,core,high,intermediate,3,typescript
learning_experience_designer__videographer_,Learning Experience Designer (Videographer),ui_ux,excel,Excel,fundamental,high,basic,1,
learning_experience_designer__videographer_,Learning Experience Designer (Videographer),ui_ux,typescript,TypeScript,core,high,intermediate,2,excel
learning_experience_designer__videographer_,Learning Experience Designer (Videographer),ui_ux,ui_ux,UI/UX,core,high,intermediate,3,typescript
learning_experience_designer__videographer_,Learning Experience Designer (Videographer),ui_ux,figma,Figma,core,medium,intermediate,4,ui_ux
lowongan_kerja_ui_ux_designer_internship,Lowongan Kerja UI/UX Designer Internship,ui_ux,wireframing,Wireframing,fundamental,high,basic,1,
lowongan_kerja_ui_ux_designer_internship,Lowongan Kerja UI/UX Designer Internship,ui_ux,ui_ux,UI/UX,core,high,intermediate,2,wireframing
lowongan_kerja_ui_ux_designer_internship,Lowongan Kerja UI/UX Designer Internship,ui_ux,figma,Figma,core,high,intermediate,3,ui_ux
myp_ai__coding___digital_curriculum_specialist__ict____binus_school_simprug,"MYP AI, Coding & Digital Curriculum Specialist (ICT) - BINUS SCHOOL Simprug",ai_ml,python,Python,fundamental,high,basic,1,
myp_ai__coding___digital_curriculum_specialist__ict____binus_school_simprug,"MYP AI, Coding & Digital Curriculum Specialist (ICT) - BINUS SCHOOL Simprug",ai_ml,excel,Excel,fundamental,high,basic,2,python
myp_ai__coding___digital_curriculum_specialist__ict____binus_school_simprug,"MYP AI, Coding & Digital Curriculum Specialist (ICT) - BINUS SCHOOL Simprug",ai_ml,typescript,TypeScript,core,high,intermediate,3,excel
myp_ai__coding___digital_curriculum_specialist__ict____binus_school_simprug,"MYP AI, Coding & Digital Curriculum Specialist (ICT) - BINUS SCHOOL Simprug",data_science,python,Python,fundamental,high,basic,1,
myp_ai__coding___digital_curriculum_specialist__ict____binus_school_simprug,"MYP AI, Coding & Digital Curriculum Specialist (ICT) - BINUS SCHOOL Simprug",data_science,excel,Excel,fundamental,high,basic,2,python
myp_ai__coding___digital_curriculum_specialist__ict____binus_school_simprug,"MYP AI, Coding & Digital Curriculum Specialist (ICT) - BINUS SCHOOL Simprug",data_science,typescript,TypeScript,core,high,intermediate,3,excel
machine_learning_engineering_section_head,Machine Learning Engineering Section Head,ai_ml,excel,Excel,fundamental,high,basic,1,
machine_learning_engineering_section_head,Machine Learning Engineering Section Head,ai_ml,typescript,TypeScript,core,high,intermediate,2,excel
machine_learning_engineering_section_head,Machine Learning Engineering Section Head,ai_ml,machine_learning,Machine Learning,core,high,intermediate,3,typescript
machine_learning_engineering_section_head,Machine Learning Engineering Section Head,ai_ml,ci_cd,CI/CD,advanced,medium,advanced,4,machine_learning
machine_learning_engineering_section_head,Machine Learning Engineering Section Head,ai_ml,deep_learning,Deep Learning,advanced,medium,advanced,5,ci_cd
machine_learning_engineering_section_head,Machine Learning Engineering Section Head,data_science,excel,Excel,fundamental,high,basic,1,
machine_learning_engineering_section_head,Machine Learning Engineering Section Head,data_science,typescript,TypeScript,core,high,intermediate,2,excel
machine_learning_engineering_section_head,Machine Learning Engineering Section Head,data_science,machine_learning,Machine Learning,core,high,intermediate,3,typescript
machine_learning_engineering_section_head,Machine Learning Engineering Section Head,data_science,ci_cd,CI/CD,advanced,medium,advanced,4,machine_learning
machine_learning_engineering_section_head,Machine Learning Engineering Section Head,data_science,deep_learning,Deep Learning,advanced,medium,advanced,5,ci_cd
manager_consultant__cybersecurity_,Manager Consultant (Cybersecurity),cyber_security,typescript,TypeScript,core,high,intermediate,1,
manager_consultant__cybersecurity_,Manager Consultant (Cybersecurity),cyber_security,rest_api,REST API,core,high,intermediate,2,typescript
manager_consultant__cybersecurity_,Manager Consultant (Cybersecurity),cyber_security,penetration_testing,Penetration Testing,advanced,high,advanced,3,rest_api
manager_consultant__cybersecurity_,Manager Consultant (Cybersecurity),cyber_security,cybersecurity,Cybersecurity,advanced,medium,advanced,4,penetration_testing
market_analyst_staff,Market Analyst Staff,data_science,excel,Excel,fundamental,high,basic,1,
market_analyst_staff,Market Analyst Staff,data_science,typescript,TypeScript,core,high,intermediate,2,excel
market_data_engineer,Market Data Engineer,ai_ml,python,Python,fundamental,high,basic,1,
market_data_engineer,Market Data Engineer,ai_ml,typescript,TypeScript,core,high,intermediate,2,python
market_data_engineer,Market Data Engineer,ai_ml,docker,Docker,advanced,high,advanced,3,typescript
market_data_engineer,Market Data Engineer,ai_ml,gcp,GCP,advanced,medium,advanced,4,docker
market_data_engineer,Market Data Engineer,ai_ml,linux,Linux,advanced,medium,advanced,5,gcp
market_data_engineer,Market Data Engineer,ai_ml,aws,AWS,advanced,medium,advanced,6,linux
marketing_intelligence_staff,Marketing Intelligence Staff,data_science,excel,Excel,fundamental,high,basic,1,
marketing_intelligence_staff,Marketing Intelligence Staff,data_science,typescript,TypeScript,core,high,intermediate,2,excel
master_data_engineer__analyst_,Master Data Engineer (Analyst),ai_ml,java,Java,fundamental,high,basic,1,
master_data_engineer__analyst_,Master Data Engineer (Analyst),ai_ml,excel,Excel,fundamental,high,basic,2,java
master_data_engineer__analyst_,Master Data Engineer (Analyst),ai_ml,sql,SQL,fundamental,high,basic,3,excel
master_data_engineer__analyst_,Master Data Engineer (Analyst),ai_ml,typescript,TypeScript,core,medium,intermediate,4,sql
master_data_engineer__analyst_,Master Data Engineer (Analyst),ai_ml,power_bi,Power BI,core,medium,intermediate,5,typescript
master_data_engineer__analyst_,Master Data Engineer (Analyst),ai_ml,azure,Azure,advanced,medium,advanced,6,power_bi
master_data_engineer__analyst_,Master Data Engineer (Analyst),ai_ml,etl,ETL,advanced,medium,advanced,7,azure
master_data_engineer__analyst_,Master Data Engineer (Analyst),data_science,java,Java,fundamental,high,basic,1,
master_data_engineer__analyst_,Master Data Engineer (Analyst),data_science,excel,Excel,fundamental,high,basic,2,java
master_data_engineer__analyst_,Master Data Engineer (Analyst),data_science,sql,SQL,fundamental,high,basic,3,excel
master_data_engineer__analyst_,Master Data Engineer (Analyst),data_science,typescript,TypeScript,core,medium,intermediate,4,sql
master_data_engineer__analyst_,Master Data Engineer (Analyst),data_science,power_bi,Power BI,core,medium,intermediate,5,typescript
master_data_engineer__analyst_,Master Data Engineer (Analyst),data_science,azure,Azure,advanced,medium,advanced,6,power_bi
master_data_engineer__analyst_,Master Data Engineer (Analyst),data_science,etl,ETL,advanced,medium,advanced,7,azure
metrodata_data_camp,Metrodata Data Camp,data_science,sql,SQL,fundamental,high,basic,1,
metrodata_data_camp,Metrodata Data Camp,data_science,typescript,TypeScript,core,high,intermediate,2,sql
microsoft_security_consultant__presales___delivery_,Microsoft Security Consultant (Presales & Delivery),cyber_security,typescript,TypeScript,core,high,intermediate,1,
microsoft_security_consultant__presales___delivery_,Microsoft Security Consultant (Presales & Delivery),cyber_security,golang,Golang,core,high,intermediate,2,typescript
microsoft_security_consultant__presales___delivery_,Microsoft Security Consultant (Presales & Delivery),cyber_security,azure,Azure,advanced,high,advanced,3,golang
microsoft_security_consultant__presales___delivery_,Microsoft Security Consultant (Presales & Delivery),cyber_security,cybersecurity,Cybersecurity,advanced,medium,advanced,4,azure
middle_ai_engineer,Middle AI Engineer,ai_ml,javascript,JavaScript,fundamental,high,basic,1,
middle_ai_engineer,Middle AI Engineer,ai_ml,python,Python,fundamental,high,basic,2,javascript
middle_ai_engineer,Middle AI Engineer,ai_ml,excel,Excel,fundamental,high,basic,3,python
middle_ai_engineer,Middle AI Engineer,ai_ml,sql,SQL,fundamental,medium,basic,4,excel
middle_ai_engineer,Middle AI Engineer,ai_ml,git,Git,fundamental,medium,basic,5,sql
middle_ai_engineer,Middle AI Engineer,ai_ml,scikit_learn,Scikit-Learn,core,medium,intermediate,6,git
middle_ai_engineer,Middle AI Engineer,ai_ml,typescript,TypeScript,core,medium,intermediate,7,scikit_learn
middle_ai_engineer,Middle AI Engineer,ai_ml,postgresql,PostgreSQL,core,medium,intermediate,8,typescript
middle_ai_engineer,Middle AI Engineer,ai_ml,rest_api,REST API,core,medium,intermediate,9,postgresql
middle_ai_engineer,Middle AI Engineer,ai_ml,fastapi,FastAPI,core,medium,intermediate,10,rest_api
middle_ai_engineer,Middle AI Engineer,ai_ml,mysql,MySQL,core,medium,intermediate,11,fastapi
middle_ai_engineer,Middle AI Engineer,ai_ml,machine_learning,Machine Learning,core,medium,intermediate,12,mysql
middle_ai_engineer,Middle AI Engineer,ai_ml,azure,Azure,advanced,medium,advanced,13,machine_learning
middle_ai_engineer,Middle AI Engineer,ai_ml,docker,Docker,advanced,medium,advanced,14,azure
middle_ai_engineer,Middle AI Engineer,ai_ml,gcp,GCP,advanced,medium,advanced,15,docker
middle_ai_engineer,Middle AI Engineer,ai_ml,tensorflow,TensorFlow,advanced,medium,advanced,16,gcp
middle_ai_engineer,Middle AI Engineer,ai_ml,pytorch,PyTorch,advanced,medium,advanced,17,tensorflow
middle_ai_engineer,Middle AI Engineer,ai_ml,aws,AWS,advanced,medium,advanced,18,pytorch
middle_ai_engineer,Middle AI Engineer,data_science,javascript,JavaScript,fundamental,high,basic,1,
middle_ai_engineer,Middle AI Engineer,data_science,python,Python,fundamental,high,basic,2,javascript
middle_ai_engineer,Middle AI Engineer,data_science,excel,Excel,fundamental,high,basic,3,python
middle_ai_engineer,Middle AI Engineer,data_science,sql,SQL,fundamental,medium,basic,4,excel
middle_ai_engineer,Middle AI Engineer,data_science,git,Git,fundamental,medium,basic,5,sql
middle_ai_engineer,Middle AI Engineer,data_science,scikit_learn,Scikit-Learn,core,medium,intermediate,6,git
middle_ai_engineer,Middle AI Engineer,data_science,typescript,TypeScript,core,medium,intermediate,7,scikit_learn
middle_ai_engineer,Middle AI Engineer,data_science,postgresql,PostgreSQL,core,medium,intermediate,8,typescript
middle_ai_engineer,Middle AI Engineer,data_science,rest_api,REST API,core,medium,intermediate,9,postgresql
middle_ai_engineer,Middle AI Engineer,data_science,fastapi,FastAPI,core,medium,intermediate,10,rest_api
middle_ai_engineer,Middle AI Engineer,data_science,mysql,MySQL,core,medium,intermediate,11,fastapi
middle_ai_engineer,Middle AI Engineer,data_science,machine_learning,Machine Learning,core,medium,intermediate,12,mysql
middle_ai_engineer,Middle AI Engineer,data_science,azure,Azure,advanced,medium,advanced,13,machine_learning
middle_ai_engineer,Middle AI Engineer,data_science,docker,Docker,advanced,medium,advanced,14,azure
middle_ai_engineer,Middle AI Engineer,data_science,gcp,GCP,advanced,medium,advanced,15,docker
middle_ai_engineer,Middle AI Engineer,data_science,tensorflow,TensorFlow,advanced,medium,advanced,16,gcp
middle_ai_engineer,Middle AI Engineer,data_science,pytorch,PyTorch,advanced,medium,advanced,17,tensorflow
middle_ai_engineer,Middle AI Engineer,data_science,aws,AWS,advanced,medium,advanced,18,pytorch
middle_iot_engineer,Middle IOT Engineer,devops,javascript,JavaScript,fundamental,high,basic,1,
middle_iot_engineer,Middle IOT Engineer,devops,python,Python,fundamental,high,basic,2,javascript
middle_iot_engineer,Middle IOT Engineer,devops,node_js,Node.js,core,high,intermediate,3,python
middleware_junior___middle,Middleware Junior & Middle,devops,excel,Excel,fundamental,high,basic,1,
middleware_junior___middle,Middleware Junior & Middle,devops,typescript,TypeScript,core,high,intermediate,2,excel
middleware_junior___middle,Middleware Junior & Middle,devops,rest_api,REST API,core,high,intermediate,3,typescript
middleware_junior___middle,Middleware Junior & Middle,devops,microservices,Microservices,advanced,medium,advanced,4,rest_api
mine_analyst,Mine Analyst,data_science,excel,Excel,fundamental,high,basic,1,
mine_analyst,Mine Analyst,data_science,tableau,Tableau,core,high,intermediate,2,excel
mine_analyst,Mine Analyst,data_science,power_bi,Power BI,core,high,intermediate,3,tableau
mobile_app_flutter_developer__internship_,Mobile App Flutter Developer (Internship),ui_ux,git,Git,fundamental,high,basic,1,
mobile_app_flutter_developer__internship_,Mobile App Flutter Developer (Internship),ui_ux,ui_ux,UI/UX,core,high,intermediate,2,git
mobile_app_flutter_developer__internship_,Mobile App Flutter Developer (Internship),ui_ux,rest_api,REST API,core,high,intermediate,3,ui_ux
mobile_developer,Mobile Developer,ui_ux,java,Java,fundamental,high,basic,1,
mobile_developer,Mobile Developer,ui_ux,agile_scrum,Agile/Scrum,fundamental,high,basic,2,java
mobile_developer,Mobile Developer,ui_ux,git,Git,fundamental,high,basic,3,agile_scrum
mobile_developer,Mobile Developer,ui_ux,typescript,TypeScript,core,medium,intermediate,4,git
mobile_developer,Mobile Developer,ui_ux,ui_ux,UI/UX,core,medium,intermediate,5,typescript
mobile_developer,Mobile Developer,ui_ux,rest_api,REST API,core,medium,intermediate,6,ui_ux
mobile_developer_kotlin___gramedia_digital,Mobile Developer Kotlin | Gramedia Digital,ui_ux,wireframing,Wireframing,fundamental,high,basic,1,
mobile_developer_kotlin___gramedia_digital,Mobile Developer Kotlin | Gramedia Digital,ui_ux,git,Git,fundamental,high,basic,2,wireframing
mobile_developer_kotlin___gramedia_digital,Mobile Developer Kotlin | Gramedia Digital,ui_ux,ui_ux,UI/UX,core,high,intermediate,3,git
mobile_developer_kotlin___gramedia_digital,Mobile Developer Kotlin | Gramedia Digital,ui_ux,rest_api,REST API,core,medium,intermediate,4,ui_ux
mobile_front_end_developer,Mobile Front-end Developer,web_development,html,HTML,fundamental,high,basic,1,
mobile_front_end_developer,Mobile Front-end Developer,web_development,javascript,JavaScript,fundamental,high,basic,2,html
mobile_front_end_developer,Mobile Front-end Developer,web_development,excel,Excel,fundamental,high,basic,3,javascript
mobile_front_end_developer,Mobile Front-end Developer,web_development,git,Git,fundamental,medium,basic,4,excel
mobile_front_end_developer,Mobile Front-end Developer,web_development,css,CSS,fundamental,medium,basic,5,git
mobile_front_end_developer,Mobile Front-end Developer,web_development,typescript,TypeScript,core,medium,intermediate,6,css
mobile_front_end_developer,Mobile Front-end Developer,web_development,vue_js,Vue.js,core,medium,intermediate,7,typescript
mobile_front_end_developer,Mobile Front-end Developer,web_development,rest_api,REST API,core,medium,intermediate,8,vue_js
mobile_front_end_developer,Mobile Front-end Developer,web_development,react_js,React.js,core,medium,intermediate,9,rest_api
multimedia_creative_content_designer__fashion___lifestyle_,Multimedia Creative Content Designer (Fashion & Lifestyle),ui_ux,typescript,TypeScript,core,high,intermediate,1,
multimedia_creative_content_designer__fashion___lifestyle_,Multimedia Creative Content Designer (Fashion & Lifestyle),ui_ux,etl,ETL,advanced,high,advanced,2,typescript
noc_engineer_support___project,NOC Engineer Support - Project,devops,excel,Excel,fundamental,high,basic,1,
noc_engineer_support___project,NOC Engineer Support - Project,devops,typescript,TypeScript,core,high,intermediate,2,excel
network___security_engineer,Network & Security Engineer,cyber_security,typescript,TypeScript,core,high,intermediate,1,
network___security_engineer,Network & Security Engineer,cyber_security,cybersecurity,Cybersecurity,advanced,high,advanced,2,typescript
network___security_engineer,Network & Security Engineer,devops,typescript,TypeScript,core,high,intermediate,1,
network___security_engineer,Network & Security Engineer,devops,cybersecurity,Cybersecurity,advanced,high,advanced,2,typescript
network_engineer,Network Engineer,cyber_security,excel,Excel,fundamental,high,basic,1,
network_engineer,Network Engineer,cyber_security,typescript,TypeScript,core,high,intermediate,2,excel
network_engineer,Network Engineer,cyber_security,linux,Linux,advanced,high,advanced,3,typescript
network_engineer,Network Engineer,devops,typescript,TypeScript,core,high,intermediate,1,
network_engineer,Network Engineer,devops,linux,Linux,advanced,high,advanced,2,typescript
new_technology___digitalization_development_specialist,New Technology & Digitalization Development Specialist,data_science,excel,Excel,fundamental,high,basic,1,
new_technology___digitalization_development_specialist,New Technology & Digitalization Development Specialist,data_science,typescript,TypeScript,core,high,intermediate,2,excel
node_js_developer,Node.js Developer,web_development,javascript,JavaScript,fundamental,high,basic,1,
node_js_developer,Node.js Developer,web_development,git,Git,fundamental,high,basic,2,javascript
node_js_developer,Node.js Developer,web_development,node_js,Node.js,core,high,intermediate,3,git
node_js_developer,Node.js Developer,web_development,postgresql,PostgreSQL,core,medium,intermediate,4,node_js
node_js_developer,Node.js Developer,web_development,rest_api,REST API,core,medium,intermediate,5,postgresql
node_js_developer,Node.js Developer,web_development,mysql,MySQL,core,medium,intermediate,6,rest_api
node_js_developer,Node.js Developer,web_development,mongodb,MongoDB,core,medium,intermediate,7,mysql
node_js_developer,Node.js Developer,web_development,ci_cd,CI/CD,advanced,medium,advanced,8,mongodb
ot_cybersecurity_consultant,OT Cybersecurity Consultant,cyber_security,typescript,TypeScript,core,high,intermediate,1,
ot_cybersecurity_consultant,OT Cybersecurity Consultant,cyber_security,penetration_testing,Penetration Testing,advanced,high,advanced,2,typescript
ot_cybersecurity_consultant,OT Cybersecurity Consultant,cyber_security,cybersecurity,Cybersecurity,advanced,high,advanced,3,penetration_testing
odoo_developer__odoo_erp_mandatory_,Odoo Developer (Odoo ERP mandatory),ai_ml,javascript,JavaScript,fundamental,high,basic,1,
odoo_developer__odoo_erp_mandatory_,Odoo Developer (Odoo ERP mandatory),ai_ml,python,Python,fundamental,high,basic,2,javascript
odoo_developer__odoo_erp_mandatory_,Odoo Developer (Odoo ERP mandatory),ai_ml,git,Git,fundamental,high,basic,3,python
odoo_developer__odoo_erp_mandatory_,Odoo Developer (Odoo ERP mandatory),ai_ml,typescript,TypeScript,core,medium,intermediate,4,git
odoo_developer__odoo_erp_mandatory_,Odoo Developer (Odoo ERP mandatory),ai_ml,postgresql,PostgreSQL,core,medium,intermediate,5,typescript
odoo_developer__odoo_erp_mandatory_,Odoo Developer (Odoo ERP mandatory),ai_ml,rest_api,REST API,core,medium,intermediate,6,postgresql
odoo_developer__odoo_erp_mandatory_,Odoo Developer (Odoo ERP mandatory),ai_ml,machine_learning,Machine Learning,core,medium,intermediate,7,rest_api
odoo_developer__odoo_erp_mandatory_,Odoo Developer (Odoo ERP mandatory),ai_ml,linux,Linux,advanced,medium,advanced,8,machine_learning
odoo_developer__python_programmer_,Odoo Developer (Python Programmer),ai_ml,python,Python,fundamental,high,basic,1,
odoo_developer__python_programmer_,Odoo Developer (Python Programmer),ai_ml,excel,Excel,fundamental,high,basic,2,python
odoo_developer__python_programmer_,Odoo Developer (Python Programmer),ai_ml,sql,SQL,fundamental,high,basic,3,excel
odoo_developer__python_programmer_,Odoo Developer (Python Programmer),ai_ml,git,Git,fundamental,medium,basic,4,sql
odoo_developer__python_programmer_,Odoo Developer (Python Programmer),ai_ml,typescript,TypeScript,core,medium,intermediate,5,git
odoo_developer__python_programmer_,Odoo Developer (Python Programmer),ai_ml,rest_api,REST API,core,medium,intermediate,6,typescript
odoo_developer__python_programmer_,Odoo Developer (Python Programmer),ai_ml,machine_learning,Machine Learning,core,medium,intermediate,7,rest_api
odoo_developer_intern,Odoo Developer Intern,web_development,html,HTML,fundamental,high,basic,1,
odoo_developer_intern,Odoo Developer Intern,web_development,javascript,JavaScript,fundamental,high,basic,2,html
odoo_developer_intern,Odoo Developer Intern,web_development,python,Python,fundamental,high,basic,3,javascript
odoo_developer_intern,Odoo Developer Intern,web_development,css,CSS,fundamental,medium,basic,4,python
odoo_developer_intern,Odoo Developer Intern,web_development,typescript,TypeScript,core,medium,intermediate,5,css
odoo_developer_intern,Odoo Developer Intern,web_development,postgresql,PostgreSQL,core,medium,intermediate,6,typescript
odoo_developer_intern,Odoo Developer Intern,web_development,rest_api,REST API,core,medium,intermediate,7,postgresql
odoo_developer_intern,Odoo Developer Intern,web_development,machine_learning,Machine Learning,core,medium,intermediate,8,rest_api
odoo_functional,Odoo Functional,data_science,excel,Excel,fundamental,high,basic,1,
odoo_functional,Odoo Functional,data_science,typescript,TypeScript,core,high,intermediate,2,excel
odoo_specialist,Odoo Specialist,data_science,python,Python,fundamental,high,basic,1,
odoo_specialist,Odoo Specialist,data_science,git,Git,fundamental,high,basic,2,python
odoo_specialist,Odoo Specialist,data_science,postgresql,PostgreSQL,core,high,intermediate,3,git
odoo_specialist,Odoo Specialist,data_science,rest_api,REST API,core,medium,intermediate,4,postgresql
odoo_specialist,Odoo Specialist,data_science,golang,Golang,core,medium,intermediate,5,rest_api
officer_programmer_python,Officer Programmer Python,ai_ml,problem_solving,Problem Solving,fundamental,high,basic,1,
officer_programmer_python,Officer Programmer Python,ai_ml,git,Git,fundamental,high,basic,2,problem_solving
php_developer,PHP Developer,web_development,javascript,JavaScript,fundamental,high,basic,1,
php_developer,PHP Developer,web_development,excel,Excel,fundamental,high,basic,2,javascript
php_developer,PHP Developer,web_development,problem_solving,Problem Solving,fundamental,high,basic,3,excel
php_developer,PHP Developer,web_development,php,PHP,fundamental,medium,basic,4,problem_solving
php_developer,PHP Developer,web_development,typescript,TypeScript,core,medium,intermediate,5,php
php_developer,PHP Developer,web_development,mysql,MySQL,core,medium,intermediate,6,typescript
php_full_stack_development__on_site_bali_,PHP Full Stack Development (on-Site Bali),web_development,html,HTML,fundamental,high,basic,1,
php_full_stack_development__on_site_bali_,PHP Full Stack Development (on-Site Bali),web_development,javascript,JavaScript,fundamental,high,basic,2,html
php_full_stack_development__on_site_bali_,PHP Full Stack Development (on-Site Bali),web_development,sql,SQL,fundamental,high,basic,3,javascript
php_full_stack_development__on_site_bali_,PHP Full Stack Development (on-Site Bali),web_development,git,Git,fundamental,medium,basic,4,sql
php_full_stack_development__on_site_bali_,PHP Full Stack Development (on-Site Bali),web_development,php,PHP,fundamental,medium,basic,5,git
php_full_stack_development__on_site_bali_,PHP Full Stack Development (on-Site Bali),web_development,css,CSS,fundamental,medium,basic,6,php
php_full_stack_development__on_site_bali_,PHP Full Stack Development (on-Site Bali),web_development,typescript,TypeScript,core,medium,intermediate,7,css
php_full_stack_development__on_site_bali_,PHP Full Stack Development (on-Site Bali),web_development,vue_js,Vue.js,core,medium,intermediate,8,typescript
php_full_stack_development__on_site_bali_,PHP Full Stack Development (on-Site Bali),web_development,laravel,Laravel,core,medium,intermediate,9,vue_js
php_full_stack_development__on_site_bali_,PHP Full Stack Development (on-Site Bali),web_development,bootstrap,Bootstrap,core,medium,intermediate,10,laravel
php_full_stack_development__on_site_bali_,PHP Full Stack Development (on-Site Bali),web_development,mysql,MySQL,core,medium,intermediate,11,bootstrap
pmo_administrator,PMO Administrator,data_science,excel,Excel,fundamental,high,basic,1,
pmo_administrator,PMO Administrator,data_science,typescript,TypeScript,core,high,intermediate,2,excel
pmo_administrator,PMO Administrator,data_science,golang,Golang,core,high,intermediate,3,typescript
programmer,PROGRAMMER,web_development,java,Java,fundamental,high,basic,1,
programmer,PROGRAMMER,web_development,typescript,TypeScript,core,high,intermediate,2,java
programmer_web,PROGRAMMER WEB,web_development,java,Java,fundamental,high,basic,1,
programmer_web,PROGRAMMER WEB,web_development,javascript,JavaScript,fundamental,high,basic,2,java
programmer_web,PROGRAMMER WEB,web_development,agile_scrum,Agile/Scrum,fundamental,high,basic,3,javascript
programmer_web,PROGRAMMER WEB,web_development,sql,SQL,fundamental,medium,basic,4,agile_scrum
programmer_web,PROGRAMMER WEB,web_development,git,Git,fundamental,medium,basic,5,sql
programmer_web,PROGRAMMER WEB,web_development,php,PHP,fundamental,medium,basic,6,git
programmer_web,PROGRAMMER WEB,web_development,_net,.NET,core,medium,intermediate,7,php
programmer_web,PROGRAMMER WEB,web_development,rest_api,REST API,core,medium,intermediate,8,_net
programmer_web,PROGRAMMER WEB,web_development,azure,Azure,advanced,medium,advanced,9,rest_api
programmer_web,PROGRAMMER WEB,web_development,gcp,GCP,advanced,medium,advanced,10,azure
programmer_web,PROGRAMMER WEB,web_development,aws,AWS,advanced,medium,advanced,11,gcp
pentester,Pentester,cyber_security,java,Java,fundamental,high,basic,1,
pentester,Pentester,cyber_security,python,Python,fundamental,high,basic,2,java
pentester,Pentester,cyber_security,excel,Excel,fundamental,high,basic,3,python
pentester,Pentester,cyber_security,typescript,TypeScript,core,medium,intermediate,4,excel
pentester,Pentester,cyber_security,azure,Azure,advanced,medium,advanced,5,typescript
pentester,Pentester,cyber_security,gcp,GCP,advanced,medium,advanced,6,azure
pentester,Pentester,cyber_security,penetration_testing,Penetration Testing,advanced,medium,advanced,7,gcp
pentester,Pentester,cyber_security,aws,AWS,advanced,medium,advanced,8,penetration_testing
pentester,Pentester,cyber_security,cybersecurity,Cybersecurity,advanced,medium,advanced,9,aws
pharmacy_activation_data_intern,Pharmacy Activation Data Intern,data_science,excel,Excel,fundamental,high,basic,1,
pharmacy_activation_data_intern,Pharmacy Activation Data Intern,data_science,typescript,TypeScript,core,high,intermediate,2,excel
pharmacy_activation_data_intern,Pharmacy Activation Data Intern,data_science,power_bi,Power BI,core,high,intermediate,3,typescript
pre_sales_engineer___network_energy,Pre-Sales Engineer – Network Energy,devops,excel,Excel,fundamental,high,basic,1,
pre_sales_engineer___network_energy,Pre-Sales Engineer – Network Energy,devops,typescript,TypeScript,core,high,intermediate,2,excel
presales___it_server_and_cloud,Presales - IT Server and Cloud,cyber_security,azure,Azure,advanced,high,advanced,1,
presales___it_server_and_cloud,Presales - IT Server and Cloud,cyber_security,gcp,GCP,advanced,high,advanced,2,azure
presales___it_server_and_cloud,Presales - IT Server and Cloud,cyber_security,aws,AWS,advanced,high,advanced,3,gcp
presales___it_server_and_cloud,Presales - IT Server and Cloud,data_science,azure,Azure,advanced,high,advanced,1,
presales___it_server_and_cloud,Presales - IT Server and Cloud,data_science,gcp,GCP,advanced,high,advanced,2,azure
presales___it_server_and_cloud,Presales - IT Server and Cloud,data_science,aws,AWS,advanced,high,advanced,3,gcp
presales___it_server_and_cloud,Presales - IT Server and Cloud,devops,azure,Azure,advanced,high,advanced,1,
presales___it_server_and_cloud,Presales - IT Server and Cloud,devops,gcp,GCP,advanced,high,advanced,2,azure
presales___it_server_and_cloud,Presales - IT Server and Cloud,devops,aws,AWS,advanced,high,advanced,3,gcp
presales_it_security,Presales IT Security,cyber_security,typescript,TypeScript,core,high,intermediate,1,
presales_it_security,Presales IT Security,cyber_security,cybersecurity,Cybersecurity,advanced,high,advanced,2,typescript
presales_it_security,Presales IT Security,devops,typescript,TypeScript,core,high,intermediate,1,
presales_it_security,Presales IT Security,devops,cybersecurity,Cybersecurity,advanced,high,advanced,2,typescript
presales_specialist,Presales Specialist,cyber_security,problem_solving,Problem Solving,fundamental,high,basic,1,
presales_specialist,Presales Specialist,cyber_security,typescript,TypeScript,core,high,intermediate,2,problem_solving
presales_specialist,Presales Specialist,cyber_security,cybersecurity,Cybersecurity,advanced,high,advanced,3,typescript
pricing_actuarial,Pricing Actuarial,data_science,excel,Excel,fundamental,high,basic,1,
pricing_actuarial,Pricing Actuarial,data_science,typescript,TypeScript,core,high,intermediate,2,excel
procurement_analyst,Procurement Analyst,data_science,excel,Excel,fundamental,high,basic,1,
procurement_analyst,Procurement Analyst,data_science,tableau,Tableau,core,high,intermediate,2,excel
procurement_analyst,Procurement Analyst,data_science,typescript,TypeScript,core,high,intermediate,3,tableau
procurement_analyst,Procurement Analyst,data_science,power_bi,Power BI,core,medium,intermediate,4,typescript
product___presales__cybersecurity_,Product & Presales (Cybersecurity),cyber_security,excel,Excel,fundamental,high,basic,1,
product___presales__cybersecurity_,Product & Presales (Cybersecurity),cyber_security,typescript,TypeScript,core,high,intermediate,2,excel
product_design,Product Design,ui_ux,wireframing,Wireframing,fundamental,high,basic,1,
product_design,Product Design,ui_ux,problem_solving,Problem Solving,fundamental,high,basic,2,wireframing
product_design,Product Design,ui_ux,typescript,TypeScript,core,high,intermediate,3,problem_solving
product_design,Product Design,ui_ux,figma,Figma,core,medium,intermediate,4,typescript
product_designer,Product Designer,ui_ux,wireframing,Wireframing,fundamental,high,basic,1,
product_designer,Product Designer,ui_ux,excel,Excel,fundamental,high,basic,2,wireframing
product_designer,Product Designer,ui_ux,agile_scrum,Agile/Scrum,fundamental,high,basic,3,excel
product_designer,Product Designer,ui_ux,typescript,TypeScript,core,medium,intermediate,4,agile_scrum
product_designer,Product Designer,ui_ux,prototyping,Prototyping,core,medium,intermediate,5,typescript
product_designer,Product Designer,ui_ux,ui_ux,UI/UX,core,medium,intermediate,6,prototyping
product_designer,Product Designer,ui_ux,rest_api,REST API,core,medium,intermediate,7,ui_ux
product_designer,Product Designer,ui_ux,figma,Figma,core,medium,intermediate,8,rest_api
product_designer__mid___senior_level_,Product Designer (Mid - Senior Level),ui_ux,html,HTML,fundamental,high,basic,1,
product_designer__mid___senior_level_,Product Designer (Mid - Senior Level),ui_ux,wireframing,Wireframing,fundamental,high,basic,2,html
product_designer__mid___senior_level_,Product Designer (Mid - Senior Level),ui_ux,css,CSS,fundamental,high,basic,3,wireframing
product_designer__mid___senior_level_,Product Designer (Mid - Senior Level),ui_ux,typescript,TypeScript,core,medium,intermediate,4,css
product_designer__mid___senior_level_,Product Designer (Mid - Senior Level),ui_ux,ui_ux,UI/UX,core,medium,intermediate,5,typescript
product_designer__mid___senior_level_,Product Designer (Mid - Senior Level),ui_ux,prototyping,Prototyping,core,medium,intermediate,6,ui_ux
product_designer__mid___senior_level_,Product Designer (Mid - Senior Level),ui_ux,figma,Figma,core,medium,intermediate,7,prototyping
product_designer__mid___senior_level_,Product Designer (Mid - Senior Level),ui_ux,machine_learning,Machine Learning,core,medium,intermediate,8,figma
product_designer__packaging___brand_experience_,Product Designer (Packaging & Brand Experience),ui_ux,excel,Excel,fundamental,high,basic,1,
product_designer__packaging___brand_experience_,Product Designer (Packaging & Brand Experience),ui_ux,prototyping,Prototyping,core,high,intermediate,2,excel
product_designer__packaging___brand_experience_,Product Designer (Packaging & Brand Experience),ui_ux,typescript,TypeScript,core,high,intermediate,3,prototyping
product_designer__ux_,Product Designer (UX),ui_ux,html,HTML,fundamental,high,basic,1,
product_designer__ux_,Product Designer (UX),ui_ux,wireframing,Wireframing,fundamental,high,basic,2,html
product_designer__ux_,Product Designer (UX),ui_ux,css,CSS,fundamental,high,basic,3,wireframing
product_designer__ux_,Product Designer (UX),ui_ux,typescript,TypeScript,core,medium,intermediate,4,css
product_designer__ux_,Product Designer (UX),ui_ux,ui_ux,UI/UX,core,medium,intermediate,5,typescript
product_designer__ux_,Product Designer (UX),ui_ux,prototyping,Prototyping,core,medium,intermediate,6,ui_ux
product_designer__ux_,Product Designer (UX),ui_ux,figma,Figma,core,medium,intermediate,7,prototyping
product_designer__ux_,Product Designer (UX),ui_ux,machine_learning,Machine Learning,core,medium,intermediate,8,figma
product_designer___corporate_lab,Product Designer - Corporate Lab,ui_ux,typescript,TypeScript,core,high,intermediate,1,
product_designer___corporate_lab,Product Designer - Corporate Lab,ui_ux,ui_ux,UI/UX,core,high,intermediate,2,typescript
product_designer___corporate_lab,Product Designer - Corporate Lab,ui_ux,figma,Figma,core,high,intermediate,3,ui_ux
product_development___individual_pricing_l_h_staff__actuary_,Product Development & Individual Pricing L&H Staff (Actuary),data_science,excel,Excel,fundamental,high,basic,1,
product_development___individual_pricing_l_h_staff__actuary_,Product Development & Individual Pricing L&H Staff (Actuary),data_science,r,R,fundamental,high,basic,2,excel
product_development___individual_pricing_l_h_staff__actuary_,Product Development & Individual Pricing L&H Staff (Actuary),data_science,typescript,TypeScript,core,high,intermediate,3,r
product_development_manager,Product Development Manager,ui_ux,r,R,fundamental,high,basic,1,
product_development_manager,Product Development Manager,ui_ux,typescript,TypeScript,core,high,intermediate,2,r
product_intern,Product Intern,ui_ux,sql,SQL,fundamental,high,basic,1,
product_intern,Product Intern,ui_ux,excel,Excel,fundamental,high,basic,2,sql
product_intern,Product Intern,ui_ux,typescript,TypeScript,core,high,intermediate,3,excel
product_manager__security___surveillance_,Product Manager (Security & Surveillance),cyber_security,typescript,TypeScript,core,high,intermediate,1,
product_manager__security___surveillance_,Product Manager (Security & Surveillance),cyber_security,golang,Golang,core,high,intermediate,2,typescript
product_owner,Product Owner,data_science,agile_scrum,Agile/Scrum,fundamental,high,basic,1,
product_owner,Product Owner,data_science,excel,Excel,fundamental,high,basic,2,agile_scrum
product_owner,Product Owner,data_science,typescript,TypeScript,core,high,intermediate,3,excel
product_owner,Product Owner,data_science,figma,Figma,core,medium,intermediate,4,typescript
product_sales_manager,Product Sales Manager,cyber_security,excel,Excel,fundamental,high,basic,1,
product_sales_manager,Product Sales Manager,cyber_security,typescript,TypeScript,core,high,intermediate,2,excel
product_sales_manager,Product Sales Manager,cyber_security,cybersecurity,Cybersecurity,advanced,high,advanced,3,typescript
program_analyst___sql___reporting,Program Analyst – SQL & Reporting,data_science,sql,SQL,fundamental,high,basic,1,
program_analyst___sql___reporting,Program Analyst – SQL & Reporting,data_science,excel,Excel,fundamental,high,basic,2,sql
program_analyst___sql___reporting,Program Analyst – SQL & Reporting,data_science,typescript,TypeScript,core,high,intermediate,3,excel
program_analyst___sql___reporting,Program Analyst – SQL & Reporting,data_science,data_modeling,Data Modeling,advanced,medium,advanced,4,typescript
programmer,Programmer,web_development,javascript,JavaScript,fundamental,high,basic,1,
programmer,Programmer,web_development,sql,SQL,fundamental,high,basic,2,javascript
programmer,Programmer,web_development,html,HTML,fundamental,high,basic,3,sql
programmer,Programmer,web_development,java,Java,fundamental,medium,basic,4,html
programmer,Programmer,web_development,python,Python,fundamental,medium,basic,5,java
programmer,Programmer,web_development,php,PHP,fundamental,medium,basic,6,python
programmer,Programmer,web_development,excel,Excel,fundamental,medium,basic,7,php
programmer,Programmer,web_development,git,Git,fundamental,medium,basic,8,excel
programmer,Programmer,web_development,css,CSS,fundamental,medium,basic,9,git
programmer,Programmer,web_development,typescript,TypeScript,core,medium,intermediate,10,css
programmer,Programmer,web_development,machine_learning,Machine Learning,core,medium,intermediate,11,typescript
programmer,Programmer,web_development,angular,Angular,core,medium,intermediate,12,machine_learning
programmer,Programmer,web_development,golang,Golang,core,medium,intermediate,13,angular
programmer,Programmer,web_development,mysql,MySQL,core,medium,intermediate,14,golang
programmer,Programmer,web_development,laravel,Laravel,core,medium,intermediate,15,mysql
programmer,Programmer,web_development,postgresql,PostgreSQL,core,medium,intermediate,16,laravel
programmer,Programmer,web_development,vue_js,Vue.js,core,medium,intermediate,17,postgresql
programmer,Programmer,web_development,rest_api,REST API,core,medium,intermediate,18,vue_js
programmer,Programmer,web_development,react_js,React.js,core,medium,intermediate,19,rest_api
programmer,Programmer,web_development,mongodb,MongoDB,core,medium,intermediate,20,react_js
programmer__it_developer,Programmer/ IT Developer,web_development,javascript,JavaScript,fundamental,high,basic,1,
programmer__it_developer,Programmer/ IT Developer,web_development,python,Python,fundamental,high,basic,2,javascript
programmer__it_developer,Programmer/ IT Developer,web_development,sql,SQL,fundamental,high,basic,3,python
programmer__it_developer,Programmer/ IT Developer,web_development,rest_api,REST API,core,medium,intermediate,4,sql
programmer__it_developer,Programmer/ IT Developer,web_development,mysql,MySQL,core,medium,intermediate,5,rest_api
programmer__it_developer,Programmer/ IT Developer,web_development,next_js,Next.js,core,medium,intermediate,6,mysql
project_manager,Project Manager,ai_ml,excel,Excel,fundamental,high,basic,1,
project_manager,Project Manager,ai_ml,machine_learning,Machine Learning,core,high,intermediate,2,excel
project_manager,Project Manager,ai_ml,typescript,TypeScript,core,high,intermediate,3,machine_learning
project_manager,Project Manager,cyber_security,agile_scrum,Agile/Scrum,fundamental,high,basic,1,
project_manager,Project Manager,cyber_security,excel,Excel,fundamental,high,basic,2,agile_scrum
project_manager,Project Manager,cyber_security,typescript,TypeScript,core,high,intermediate,3,excel
project_manager,Project Manager,cyber_security,machine_learning,Machine Learning,core,medium,intermediate,4,typescript
project_manager,Project Manager,cyber_security,cybersecurity,Cybersecurity,advanced,medium,advanced,5,machine_learning
project_manager,Project Manager,data_science,excel,Excel,fundamental,high,basic,1,
project_manager,Project Manager,data_science,machine_learning,Machine Learning,core,high,intermediate,2,excel
project_manager,Project Manager,data_science,typescript,TypeScript,core,high,intermediate,3,machine_learning
project_manager__cybersecurity_,Project Manager (Cybersecurity),cyber_security,agile_scrum,Agile/Scrum,fundamental,high,basic,1,
project_manager__cybersecurity_,Project Manager (Cybersecurity),cyber_security,typescript,TypeScript,core,high,intermediate,2,agile_scrum
project_manager__cybersecurity_,Project Manager (Cybersecurity),cyber_security,penetration_testing,Penetration Testing,advanced,high,advanced,3,typescript
project_manager__cybersecurity_,Project Manager (Cybersecurity),cyber_security,cybersecurity,Cybersecurity,advanced,medium,advanced,4,penetration_testing
python_developer,Python Developer,ai_ml,python,Python,fundamental,high,basic,1,
python_developer,Python Developer,ai_ml,postgresql,PostgreSQL,core,high,intermediate,2,python
python_developer,Python Developer,ai_ml,linux,Linux,advanced,high,advanced,3,postgresql
python_developer___ai_solutions_company___remote,Python Developer - AI Solutions Company - Remote,ai_ml,python,Python,fundamental,high,basic,1,
python_developer___ai_solutions_company___remote,Python Developer - AI Solutions Company - Remote,ai_ml,typescript,TypeScript,core,high,intermediate,2,python
python_developer___ai_solutions_company___remote,Python Developer - AI Solutions Company - Remote,ai_ml,django,Django,core,high,intermediate,3,typescript
python_developer___ai_solutions_company___remote,Python Developer - AI Solutions Company - Remote,ai_ml,postgresql,PostgreSQL,core,medium,intermediate,4,django
python_developer___ai_solutions_company___remote,Python Developer - AI Solutions Company - Remote,ai_ml,rest_api,REST API,core,medium,intermediate,5,postgresql
python_developer___ai_solutions_company___remote,Python Developer - AI Solutions Company - Remote,ai_ml,fastapi,FastAPI,core,medium,intermediate,6,rest_api
python_developer___ai_solutions_company___remote,Python Developer - AI Solutions Company - Remote,ai_ml,golang,Golang,core,medium,intermediate,7,fastapi
python_developer___ai_solutions_company___remote,Python Developer - AI Solutions Company - Remote,ai_ml,mysql,MySQL,core,medium,intermediate,8,golang
python_developer___ai_solutions_company___remote,Python Developer - AI Solutions Company - Remote,ai_ml,machine_learning,Machine Learning,core,medium,intermediate,9,mysql
python_developer___ai_solutions_company___remote,Python Developer - AI Solutions Company - Remote,ai_ml,azure,Azure,advanced,medium,advanced,10,machine_learning
python_developer___ai_solutions_company___remote,Python Developer - AI Solutions Company - Remote,ai_ml,microservices,Microservices,advanced,medium,advanced,11,azure
python_developer___ai_solutions_company___remote,Python Developer - AI Solutions Company - Remote,ai_ml,gcp,GCP,advanced,medium,advanced,12,microservices
python_developer___ai_solutions_company___remote,Python Developer - AI Solutions Company - Remote,ai_ml,tensorflow,TensorFlow,advanced,medium,advanced,13,gcp
python_developer___ai_solutions_company___remote,Python Developer - AI Solutions Company - Remote,ai_ml,pytorch,PyTorch,advanced,medium,advanced,14,tensorflow
python_developer___ai_solutions_company___remote,Python Developer - AI Solutions Company - Remote,ai_ml,aws,AWS,advanced,medium,advanced,15,pytorch
python_developer___django__experienced_,Python Developer - Django (Experienced),ai_ml,python,Python,fundamental,high,basic,1,
python_developer___django__experienced_,Python Developer - Django (Experienced),ai_ml,excel,Excel,fundamental,high,basic,2,python
python_developer___django__experienced_,Python Developer - Django (Experienced),ai_ml,typescript,TypeScript,core,high,intermediate,3,excel
python_developer___django__experienced_,Python Developer - Django (Experienced),ai_ml,django,Django,core,medium,intermediate,4,typescript
python_developer___django__experienced_,Python Developer - Django (Experienced),ai_ml,postgresql,PostgreSQL,core,medium,intermediate,5,django
python_developer___django__experienced_,Python Developer - Django (Experienced),ai_ml,rest_api,REST API,core,medium,intermediate,6,postgresql
python_developer___django__experienced_,Python Developer - Django (Experienced),ai_ml,golang,Golang,core,medium,intermediate,7,rest_api
python_developer___django__experienced_,Python Developer - Django (Experienced),ai_ml,microservices,Microservices,advanced,medium,advanced,8,golang
python_developer___django__experienced_,Python Developer - Django (Experienced),data_science,python,Python,fundamental,high,basic,1,
python_developer___django__experienced_,Python Developer - Django (Experienced),data_science,excel,Excel,fundamental,high,basic,2,python
python_developer___django__experienced_,Python Developer - Django (Experienced),data_science,typescript,TypeScript,core,high,intermediate,3,excel
python_developer___django__experienced_,Python Developer - Django (Experienced),data_science,django,Django,core,medium,intermediate,4,typescript
python_developer___django__experienced_,Python Developer - Django (Experienced),data_science,postgresql,PostgreSQL,core,medium,intermediate,5,django
python_developer___django__experienced_,Python Developer - Django (Experienced),data_science,rest_api,REST API,core,medium,intermediate,6,postgresql
python_developer___django__experienced_,Python Developer - Django (Experienced),data_science,golang,Golang,core,medium,intermediate,7,rest_api
python_developer___django__experienced_,Python Developer - Django (Experienced),data_science,microservices,Microservices,advanced,medium,advanced,8,golang
python_developer___django__experienced_,Python Developer - Django (Experienced),web_development,python,Python,fundamental,high,basic,1,
python_developer___django__experienced_,Python Developer - Django (Experienced),web_development,excel,Excel,fundamental,high,basic,2,python
python_developer___django__experienced_,Python Developer - Django (Experienced),web_development,typescript,TypeScript,core,high,intermediate,3,excel
python_developer___django__experienced_,Python Developer - Django (Experienced),web_development,django,Django,core,medium,intermediate,4,typescript
python_developer___django__experienced_,Python Developer - Django (Experienced),web_development,postgresql,PostgreSQL,core,medium,intermediate,5,django
python_developer___django__experienced_,Python Developer - Django (Experienced),web_development,rest_api,REST API,core,medium,intermediate,6,postgresql
python_developer___django__experienced_,Python Developer - Django (Experienced),web_development,golang,Golang,core,medium,intermediate,7,rest_api
python_developer___django__experienced_,Python Developer - Django (Experienced),web_development,microservices,Microservices,advanced,medium,advanced,8,golang
python__sql__and_ai_ml_developer,"Python, SQL, and AI/ML Developer",ai_ml,sql,SQL,fundamental,high,basic,1,
python__sql__and_ai_ml_developer,"Python, SQL, and AI/ML Developer",ai_ml,python,Python,fundamental,high,basic,2,sql
python__sql__and_ai_ml_developer,"Python, SQL, and AI/ML Developer",ai_ml,excel,Excel,fundamental,high,basic,3,python
python__sql__and_ai_ml_developer,"Python, SQL, and AI/ML Developer",ai_ml,git,Git,fundamental,medium,basic,4,excel
python__sql__and_ai_ml_developer,"Python, SQL, and AI/ML Developer",ai_ml,typescript,TypeScript,core,medium,intermediate,5,git
python__sql__and_ai_ml_developer,"Python, SQL, and AI/ML Developer",ai_ml,scikit_learn,Scikit-Learn,core,medium,intermediate,6,typescript
python__sql__and_ai_ml_developer,"Python, SQL, and AI/ML Developer",ai_ml,machine_learning,Machine Learning,core,medium,intermediate,7,scikit_learn
python__sql__and_ai_ml_developer,"Python, SQL, and AI/ML Developer",ai_ml,django,Django,core,medium,intermediate,8,machine_learning
python__sql__and_ai_ml_developer,"Python, SQL, and AI/ML Developer",ai_ml,fastapi,FastAPI,core,medium,intermediate,9,django
python__sql__and_ai_ml_developer,"Python, SQL, and AI/ML Developer",ai_ml,golang,Golang,core,medium,intermediate,10,fastapi
python__sql__and_ai_ml_developer,"Python, SQL, and AI/ML Developer",ai_ml,mysql,MySQL,core,medium,intermediate,11,golang
python__sql__and_ai_ml_developer,"Python, SQL, and AI/ML Developer",ai_ml,postgresql,PostgreSQL,core,medium,intermediate,12,mysql
python__sql__and_ai_ml_developer,"Python, SQL, and AI/ML Developer",ai_ml,rest_api,REST API,core,medium,intermediate,13,postgresql
python__sql__and_ai_ml_developer,"Python, SQL, and AI/ML Developer",ai_ml,mongodb,MongoDB,core,medium,intermediate,14,rest_api
python__sql__and_ai_ml_developer,"Python, SQL, and AI/ML Developer",ai_ml,docker,Docker,advanced,medium,advanced,15,mongodb
python__sql__and_ai_ml_developer,"Python, SQL, and AI/ML Developer",ai_ml,tensorflow,TensorFlow,advanced,medium,advanced,16,docker
python__sql__and_ai_ml_developer,"Python, SQL, and AI/ML Developer",ai_ml,hadoop,Hadoop,advanced,medium,advanced,17,tensorflow
python__sql__and_ai_ml_developer,"Python, SQL, and AI/ML Developer",ai_ml,aws,AWS,advanced,medium,advanced,18,hadoop
python__sql__and_ai_ml_developer,"Python, SQL, and AI/ML Developer",ai_ml,azure,Azure,advanced,medium,advanced,19,aws
python__sql__and_ai_ml_developer,"Python, SQL, and AI/ML Developer",ai_ml,etl,ETL,advanced,medium,advanced,20,azure
python__sql__and_ai_ml_developer,"Python, SQL, and AI/ML Developer",ai_ml,gcp,GCP,advanced,medium,advanced,21,etl
python__sql__and_ai_ml_developer,"Python, SQL, and AI/ML Developer",ai_ml,pytorch,PyTorch,advanced,medium,advanced,22,gcp
python__sql__and_ai_ml_developer,"Python, SQL, and AI/ML Developer",ai_ml,spark,Spark,advanced,medium,advanced,23,pytorch
quality_data_analyst,QUALITY DATA ANALYST,data_science,excel,Excel,fundamental,high,basic,1,
quality_data_analyst,QUALITY DATA ANALYST,data_science,tableau,Tableau,core,high,intermediate,2,excel
quality_data_analyst,QUALITY DATA ANALYST,data_science,power_bi,Power BI,core,high,intermediate,3,tableau
quality_assurance,Quality Assurance,ui_ux,sql,SQL,fundamental,high,basic,1,
quality_assurance,Quality Assurance,ui_ux,agile_scrum,Agile/Scrum,fundamental,high,basic,2,sql
quality_assurance,Quality Assurance,ui_ux,ui_ux,UI/UX,core,high,intermediate,3,agile_scrum
quality_assurance_team_lead,Quality Assurance Team Lead,ui_ux,typescript,TypeScript,core,high,intermediate,1,
quality_assurance_team_lead,Quality Assurance Team Lead,ui_ux,ui_ux,UI/UX,core,high,intermediate,2,typescript
reporting_and_data_analyst,REPORTING AND DATA ANALYST,data_science,python,Python,fundamental,high,basic,1,
reporting_and_data_analyst,REPORTING AND DATA ANALYST,data_science,sql,SQL,fundamental,high,basic,2,python
reporting_and_data_analyst,REPORTING AND DATA ANALYST,data_science,typescript,TypeScript,core,high,intermediate,3,sql
reporting_and_data_analyst,REPORTING AND DATA ANALYST,data_science,power_bi,Power BI,core,medium,intermediate,4,typescript
reporting_and_data_analyst,REPORTING AND DATA ANALYST,data_science,etl,ETL,advanced,medium,advanced,5,power_bi
react_native_developer__junior_,React Native Developer (Junior),web_development,javascript,JavaScript,fundamental,high,basic,1,
react_native_developer__junior_,React Native Developer (Junior),web_development,git,Git,fundamental,high,basic,2,javascript
react_native_developer__junior_,React Native Developer (Junior),web_development,typescript,TypeScript,core,high,intermediate,3,git
react_native_developer__junior_,React Native Developer (Junior),web_development,react_native,React Native,core,medium,intermediate,4,typescript
react_native_developer__junior_,React Native Developer (Junior),web_development,rest_api,REST API,core,medium,intermediate,5,react_native
react_native_developer__junior_,React Native Developer (Junior),web_development,react_js,React.js,core,medium,intermediate,6,rest_api
react_native_developer__junior_,React Native Developer (Junior),web_development,figma,Figma,core,medium,intermediate,7,react_js
remote_api_integration_developer__wix___ac,Remote API Integration Developer (Wix & Ac,web_development,javascript,JavaScript,fundamental,high,basic,1,
remote_api_integration_developer__wix___ac,Remote API Integration Developer (Wix & Ac,web_development,python,Python,fundamental,high,basic,2,javascript
remote_api_integration_developer__wix___ac,Remote API Integration Developer (Wix & Ac,web_development,sql,SQL,fundamental,high,basic,3,python
remote_api_integration_developer__wix___ac,Remote API Integration Developer (Wix & Ac,web_development,git,Git,fundamental,medium,basic,4,sql
remote_api_integration_developer__wix___ac,Remote API Integration Developer (Wix & Ac,web_development,typescript,TypeScript,core,medium,intermediate,5,git
remote_api_integration_developer__wix___ac,Remote API Integration Developer (Wix & Ac,web_development,ui_ux,UI/UX,core,medium,intermediate,6,typescript
remote_api_integration_developer__wix___ac,Remote API Integration Developer (Wix & Ac,web_development,node_js,Node.js,core,medium,intermediate,7,ui_ux
remote_api_integration_developer__wix___ac,Remote API Integration Developer (Wix & Ac,web_development,postgresql,PostgreSQL,core,medium,intermediate,8,node_js
remote_api_integration_developer__wix___ac,Remote API Integration Developer (Wix & Ac,web_development,rest_api,REST API,core,medium,intermediate,9,postgresql
remote_api_integration_developer__wix___ac,Remote API Integration Developer (Wix & Ac,web_development,golang,Golang,core,medium,intermediate,10,rest_api
remote_api_integration_developer__wix___ac,Remote API Integration Developer (Wix & Ac,web_development,mysql,MySQL,core,medium,intermediate,11,golang
remote_api_integration_developer__wix___ac,Remote API Integration Developer (Wix & Ac,web_development,aws,AWS,advanced,medium,advanced,12,mysql
research_assistant__ai_it_machine_learning_,Research Assistant (AI/IT/Machine Learning),ai_ml,excel,Excel,fundamental,high,basic,1,
research_assistant__ai_it_machine_learning_,Research Assistant (AI/IT/Machine Learning),ai_ml,machine_learning,Machine Learning,core,high,intermediate,2,excel
research_assistant__ai_it_machine_learning_,Research Assistant (AI/IT/Machine Learning),ai_ml,typescript,TypeScript,core,high,intermediate,3,machine_learning
research_intern___ai_for_science,Research Intern - AI for Science,ai_ml,python,Python,fundamental,high,basic,1,
research_intern___ai_for_science,Research Intern - AI for Science,ai_ml,typescript,TypeScript,core,high,intermediate,2,python
research_intern___ai_for_science,Research Intern - AI for Science,ai_ml,machine_learning,Machine Learning,core,high,intermediate,3,typescript
research_intern___ai_for_science,Research Intern - AI for Science,ai_ml,deep_learning,Deep Learning,advanced,medium,advanced,4,machine_learning
research_intern___ai_for_science,Research Intern - AI for Science,ai_ml,pytorch,PyTorch,advanced,medium,advanced,5,deep_learning
research_manager___strategic_research_partner,Research Manager & Strategic Research Partner,data_science,java,Java,fundamental,high,basic,1,
research_manager___strategic_research_partner,Research Manager & Strategic Research Partner,data_science,excel,Excel,fundamental,high,basic,2,java
research_manager___strategic_research_partner,Research Manager & Strategic Research Partner,data_science,r,R,fundamental,high,basic,3,excel
research_manager___strategic_research_partner,Research Manager & Strategic Research Partner,data_science,typescript,TypeScript,core,medium,intermediate,4,r
risk_management_lead,Risk Management Lead,cyber_security,sql,SQL,fundamental,high,basic,1,
risk_management_lead,Risk Management Lead,cyber_security,python,Python,fundamental,high,basic,2,sql
risk_management_lead,Risk Management Lead,cyber_security,excel,Excel,fundamental,high,basic,3,python
risk_management_lead,Risk Management Lead,cyber_security,typescript,TypeScript,core,medium,intermediate,4,excel
rollout_engineer,Rollout Engineer,cyber_security,cybersecurity,Cybersecurity,advanced,high,advanced,1,
rollout_engineer,Rollout Engineer,cyber_security,linux,Linux,advanced,high,advanced,2,cybersecurity
sap_abap_developer___global_it_consulting_company,SAP ABAP Developer - Global IT Consulting Company,devops,problem_solving,Problem Solving,fundamental,high,basic,1,
sap_abap_developer___global_it_consulting_company,SAP ABAP Developer - Global IT Consulting Company,devops,excel,Excel,fundamental,high,basic,2,problem_solving
sap_abap_developer___global_it_consulting_company,SAP ABAP Developer - Global IT Consulting Company,devops,sql,SQL,fundamental,high,basic,3,excel
sap_abap_developer___global_it_consulting_company,SAP ABAP Developer - Global IT Consulting Company,devops,typescript,TypeScript,core,medium,intermediate,4,sql
sap_abap_developer___global_it_consulting_company,SAP ABAP Developer - Global IT Consulting Company,devops,rest_api,REST API,core,medium,intermediate,5,typescript
sap_abap_developer___global_it_consulting_company,SAP ABAP Developer - Global IT Consulting Company,web_development,problem_solving,Problem Solving,fundamental,high,basic,1,
sap_abap_developer___global_it_consulting_company,SAP ABAP Developer - Global IT Consulting Company,web_development,excel,Excel,fundamental,high,basic,2,problem_solving
sap_abap_developer___global_it_consulting_company,SAP ABAP Developer - Global IT Consulting Company,web_development,sql,SQL,fundamental,high,basic,3,excel
sap_abap_developer___global_it_consulting_company,SAP ABAP Developer - Global IT Consulting Company,web_development,typescript,TypeScript,core,medium,intermediate,4,sql
sap_abap_developer___global_it_consulting_company,SAP ABAP Developer - Global IT Consulting Company,web_development,rest_api,REST API,core,medium,intermediate,5,typescript
senior_graphic_designer,SENIOR GRAPHIC DESIGNER,ui_ux,javascript,JavaScript,fundamental,high,basic,1,
senior_graphic_designer,SENIOR GRAPHIC DESIGNER,ui_ux,excel,Excel,fundamental,high,basic,2,javascript
senior_graphic_designer,SENIOR GRAPHIC DESIGNER,ui_ux,typescript,TypeScript,core,high,intermediate,3,excel
senior_graphic_designer,SENIOR GRAPHIC DESIGNER,ui_ux,next_js,Next.js,core,medium,intermediate,4,typescript
seo___local_seo_strategist,SEO & Local SEO Strategist,data_science,html,HTML,fundamental,high,basic,1,
seo___local_seo_strategist,SEO & Local SEO Strategist,data_science,javascript,JavaScript,fundamental,high,basic,2,html
seo___local_seo_strategist,SEO & Local SEO Strategist,data_science,excel,Excel,fundamental,high,basic,3,javascript
seo___local_seo_strategist,SEO & Local SEO Strategist,data_science,css,CSS,fundamental,medium,basic,4,excel
seo___local_seo_strategist,SEO & Local SEO Strategist,data_science,typescript,TypeScript,core,medium,intermediate,5,css
seo___local_seo_strategist,SEO & Local SEO Strategist,data_science,machine_learning,Machine Learning,core,medium,intermediate,6,typescript
seo___local_seo_strategist,SEO & Local SEO Strategist,data_science,next_js,Next.js,core,medium,intermediate,7,machine_learning
seo_analyst,SEO Analyst,data_science,javascript,JavaScript,fundamental,high,basic,1,
seo_analyst,SEO Analyst,data_science,typescript,TypeScript,core,high,intermediate,2,javascript
seo_specialist,SEO Specialist,data_science,html,HTML,fundamental,high,basic,1,
seo_specialist,SEO Specialist,data_science,excel,Excel,fundamental,high,basic,2,html
seo_specialist,SEO Specialist,data_science,css,CSS,fundamental,high,basic,3,excel
seo_specialist,SEO Specialist,data_science,typescript,TypeScript,core,medium,intermediate,4,css
seo_specialist,SEO Specialist,data_science,golang,Golang,core,medium,intermediate,5,typescript
seo_specialist,SEO Specialist,data_science,machine_learning,Machine Learning,core,medium,intermediate,6,golang
soc_team_level_3___soc_analysts,SOC Team Level 3 – SOC Analysts,cyber_security,typescript,TypeScript,core,high,intermediate,1,
soc_team_level_3___soc_analysts,SOC Team Level 3 – SOC Analysts,cyber_security,cybersecurity,Cybersecurity,advanced,high,advanced,2,typescript
soc_threat_analyst__l2___l3_,SOC Threat Analyst (L2 & L3),cyber_security,typescript,TypeScript,core,high,intermediate,1,
soc_threat_analyst__l2___l3_,SOC Threat Analyst (L2 & L3),cyber_security,cybersecurity,Cybersecurity,advanced,high,advanced,2,typescript
soc_threat_analyst__l2___l3_,SOC Threat Analyst (L2 & L3),cyber_security,linux,Linux,advanced,high,advanced,3,cybersecurity
software_engineer,SOFTWARE ENGINEER,web_development,javascript,JavaScript,fundamental,high,basic,1,
software_engineer,SOFTWARE ENGINEER,web_development,python,Python,fundamental,high,basic,2,javascript
software_engineer,SOFTWARE ENGINEER,web_development,php,PHP,fundamental,high,basic,3,python
software_engineer,SOFTWARE ENGINEER,web_development,postgresql,PostgreSQL,core,medium,intermediate,4,php
software_engineer,SOFTWARE ENGINEER,web_development,rest_api,REST API,core,medium,intermediate,5,postgresql
software_engineer,SOFTWARE ENGINEER,web_development,mysql,MySQL,core,medium,intermediate,6,rest_api
sales_data_analyst__english_speaker_,Sales Data Analyst (English Speaker),data_science,excel,Excel,fundamental,high,basic,1,
sales_data_analyst__english_speaker_,Sales Data Analyst (English Speaker),data_science,typescript,TypeScript,core,high,intermediate,2,excel
sales_data_analyst__mandarin_speaker_,Sales Data Analyst (Mandarin Speaker),data_science,excel,Excel,fundamental,high,basic,1,
sales_data_analyst__mandarin_speaker_,Sales Data Analyst (Mandarin Speaker),data_science,tableau,Tableau,core,high,intermediate,2,excel
sales_data_analyst__mandarin_speaker_,Sales Data Analyst (Mandarin Speaker),data_science,typescript,TypeScript,core,high,intermediate,3,tableau
sales_data_analyst__mandarin_speaker_,Sales Data Analyst (Mandarin Speaker),data_science,power_bi,Power BI,core,medium,intermediate,4,typescript
sales_development_specialist___cloud_it_security_telco,Sales Development Specialist - Cloud/IT/Security/Telco,cyber_security,react_js,React.js,core,high,intermediate,1,
sales_development_specialist___cloud_it_security_telco,Sales Development Specialist - Cloud/IT/Security/Telco,cyber_security,typescript,TypeScript,core,high,intermediate,2,react_js
sales_performance_and_strategy_analyst_staff,Sales Performance and Strategy Analyst Staff,data_science,excel,Excel,fundamental,high,basic,1,
sales_performance_and_strategy_analyst_staff,Sales Performance and Strategy Analyst Staff,data_science,sql,SQL,fundamental,high,basic,2,excel
sales_performance_and_strategy_analyst_staff,Sales Performance and Strategy Analyst Staff,data_science,typescript,TypeScript,core,high,intermediate,3,sql
sales_performance_and_strategy_analyst_staff,Sales Performance and Strategy Analyst Staff,data_science,rest_api,REST API,core,medium,intermediate,4,typescript
sales_performance_and_strategy_analyst_staff,Sales Performance and Strategy Analyst Staff,data_science,tableau,Tableau,core,medium,intermediate,5,rest_api
sales_performance_and_strategy_analyst_staff,Sales Performance and Strategy Analyst Staff,data_science,power_bi,Power BI,core,medium,intermediate,6,tableau
salesforce_data_analysis_manager__apac,"Salesforce Data Analysis Manager, APAC",data_science,tableau,Tableau,core,high,intermediate,1,
salesforce_data_analysis_manager__apac,"Salesforce Data Analysis Manager, APAC",data_science,typescript,TypeScript,core,high,intermediate,2,tableau
salesforce_data_analysis_manager__apac,"Salesforce Data Analysis Manager, APAC",data_science,golang,Golang,core,high,intermediate,3,typescript
salesforce_developer,Salesforce Developer,web_development,javascript,JavaScript,fundamental,high,basic,1,
salesforce_developer,Salesforce Developer,web_development,agile_scrum,Agile/Scrum,fundamental,high,basic,2,javascript
salesforce_developer,Salesforce Developer,web_development,sql,SQL,fundamental,high,basic,3,agile_scrum
salesforce_developer,Salesforce Developer,web_development,typescript,TypeScript,core,medium,intermediate,4,sql
salesforce_developer,Salesforce Developer,web_development,rest_api,REST API,core,medium,intermediate,5,typescript
salesforce_developer,Salesforce Developer,web_development,ci_cd,CI/CD,advanced,medium,advanced,6,rest_api
security_analyst___soc_analyst_l2__th___incident_response_,Security Analyst - SOC Analyst L2 (TH – Incident Response),cyber_security,python,Python,fundamental,high,basic,1,
security_analyst___soc_analyst_l2__th___incident_response_,Security Analyst - SOC Analyst L2 (TH – Incident Response),cyber_security,excel,Excel,fundamental,high,basic,2,python
security_analyst___soc_analyst_l2__th___incident_response_,Security Analyst - SOC Analyst L2 (TH – Incident Response),cyber_security,typescript,TypeScript,core,high,intermediate,3,excel
security_analyst___soc_analyst_l2__th___incident_response_,Security Analyst - SOC Analyst L2 (TH – Incident Response),cyber_security,linux,Linux,advanced,medium,advanced,4,typescript
security_analyst___soc_analyst_l2__th___incident_response_,Security Analyst - SOC Analyst L2 (TH – Incident Response),cyber_security,aws,AWS,advanced,medium,advanced,5,linux
security_analyst___soc_analyst_l2__th___incident_response_,Security Analyst - SOC Analyst L2 (TH – Incident Response),cyber_security,cybersecurity,Cybersecurity,advanced,medium,advanced,6,aws
security_analyst___soc_analyst_l2__th___incident_response_,Security Analyst - SOC Analyst L2 (TH – Incident Response),data_science,python,Python,fundamental,high,basic,1,
security_analyst___soc_analyst_l2__th___incident_response_,Security Analyst - SOC Analyst L2 (TH – Incident Response),data_science,excel,Excel,fundamental,high,basic,2,python
security_analyst___soc_analyst_l2__th___incident_response_,Security Analyst - SOC Analyst L2 (TH – Incident Response),data_science,typescript,TypeScript,core,high,intermediate,3,excel
security_analyst___soc_analyst_l2__th___incident_response_,Security Analyst - SOC Analyst L2 (TH – Incident Response),data_science,linux,Linux,advanced,medium,advanced,4,typescript
security_analyst___soc_analyst_l2__th___incident_response_,Security Analyst - SOC Analyst L2 (TH – Incident Response),data_science,aws,AWS,advanced,medium,advanced,5,linux
security_analyst___soc_analyst_l2__th___incident_response_,Security Analyst - SOC Analyst L2 (TH – Incident Response),data_science,cybersecurity,Cybersecurity,advanced,medium,advanced,6,aws
security_analyst_supervisor,Security Analyst Supervisor,cyber_security,excel,Excel,fundamental,high,basic,1,
security_analyst_supervisor,Security Analyst Supervisor,cyber_security,typescript,TypeScript,core,high,intermediate,2,excel
security_analyst_supervisor,Security Analyst Supervisor,cyber_security,cybersecurity,Cybersecurity,advanced,high,advanced,3,typescript
security_architect___engineering,Security Architect & Engineering,cyber_security,typescript,TypeScript,core,high,intermediate,1,
security_architect___engineering,Security Architect & Engineering,cyber_security,azure,Azure,advanced,high,advanced,2,typescript
security_architect___engineering,Security Architect & Engineering,cyber_security,gcp,GCP,advanced,high,advanced,3,azure
security_architect___engineering,Security Architect & Engineering,cyber_security,ci_cd,CI/CD,advanced,medium,advanced,4,gcp
security_architect___engineering,Security Architect & Engineering,cyber_security,aws,AWS,advanced,medium,advanced,5,ci_cd
security_architect___engineering,Security Architect & Engineering,devops,typescript,TypeScript,core,high,intermediate,1,
security_architect___engineering,Security Architect & Engineering,devops,azure,Azure,advanced,high,advanced,2,typescript
security_architect___engineering,Security Architect & Engineering,devops,gcp,GCP,advanced,high,advanced,3,azure
security_architect___engineering,Security Architect & Engineering,devops,ci_cd,CI/CD,advanced,medium,advanced,4,gcp
security_architect___engineering,Security Architect & Engineering,devops,aws,AWS,advanced,medium,advanced,5,ci_cd
security_engineer,Security Engineer,cyber_security,python,Python,fundamental,high,basic,1,
security_engineer,Security Engineer,cyber_security,excel,Excel,fundamental,high,basic,2,python
security_engineer,Security Engineer,cyber_security,typescript,TypeScript,core,high,intermediate,3,excel
security_engineer,Security Engineer,cyber_security,rest_api,REST API,core,medium,intermediate,4,typescript
security_engineer,Security Engineer,cyber_security,azure,Azure,advanced,medium,advanced,5,rest_api
security_engineer,Security Engineer,cyber_security,gcp,GCP,advanced,medium,advanced,6,azure
security_engineer,Security Engineer,cyber_security,penetration_testing,Penetration Testing,advanced,medium,advanced,7,gcp
security_engineer,Security Engineer,cyber_security,ci_cd,CI/CD,advanced,medium,advanced,8,penetration_testing
security_engineer,Security Engineer,cyber_security,linux,Linux,advanced,medium,advanced,9,ci_cd
security_engineer,Security Engineer,cyber_security,aws,AWS,advanced,medium,advanced,10,linux
security_engineer,Security Engineer,cyber_security,cybersecurity,Cybersecurity,advanced,medium,advanced,11,aws
security_engineer,Security Engineer,devops,python,Python,fundamental,high,basic,1,
security_engineer,Security Engineer,devops,excel,Excel,fundamental,high,basic,2,python
security_engineer,Security Engineer,devops,typescript,TypeScript,core,high,intermediate,3,excel
security_engineer,Security Engineer,devops,rest_api,REST API,core,medium,intermediate,4,typescript
security_engineer,Security Engineer,devops,azure,Azure,advanced,medium,advanced,5,rest_api
security_engineer,Security Engineer,devops,ci_cd,CI/CD,advanced,medium,advanced,6,azure
security_engineer,Security Engineer,devops,penetration_testing,Penetration Testing,advanced,medium,advanced,7,ci_cd
security_engineer,Security Engineer,devops,gcp,GCP,advanced,medium,advanced,8,penetration_testing
security_engineer,Security Engineer,devops,linux,Linux,advanced,medium,advanced,9,gcp
security_engineer,Security Engineer,devops,aws,AWS,advanced,medium,advanced,10,linux
security_engineer,Security Engineer,devops,cybersecurity,Cybersecurity,advanced,medium,advanced,11,aws
security_manager,Security Manager,cyber_security,excel,Excel,fundamental,high,basic,1,
security_manager,Security Manager,cyber_security,typescript,TypeScript,core,high,intermediate,2,excel
security_manager__jakarta_raya__indonesia_,"Security Manager (Jakarta Raya, Indonesia)",cyber_security,excel,Excel,fundamental,high,basic,1,
security_manager__jakarta_raya__indonesia_,"Security Manager (Jakarta Raya, Indonesia)",cyber_security,typescript,TypeScript,core,high,intermediate,2,excel
senior__net_full_stack_engineer__english_speaker_,Senior .NET Full Stack Engineer (English Speaker),devops,python,Python,fundamental,high,basic,1,
senior__net_full_stack_engineer__english_speaker_,Senior .NET Full Stack Engineer (English Speaker),devops,excel,Excel,fundamental,high,basic,2,python
senior__net_full_stack_engineer__english_speaker_,Senior .NET Full Stack Engineer (English Speaker),devops,agile_scrum,Agile/Scrum,fundamental,high,basic,3,excel
senior__net_full_stack_engineer__english_speaker_,Senior .NET Full Stack Engineer (English Speaker),devops,sql,SQL,fundamental,medium,basic,4,agile_scrum
senior__net_full_stack_engineer__english_speaker_,Senior .NET Full Stack Engineer (English Speaker),devops,typescript,TypeScript,core,medium,intermediate,5,sql
senior__net_full_stack_engineer__english_speaker_,Senior .NET Full Stack Engineer (English Speaker),devops,angular,Angular,core,medium,intermediate,6,typescript
senior__net_full_stack_engineer__english_speaker_,Senior .NET Full Stack Engineer (English Speaker),devops,_net,.NET,core,medium,intermediate,7,angular
senior__net_full_stack_engineer__english_speaker_,Senior .NET Full Stack Engineer (English Speaker),devops,rest_api,REST API,core,medium,intermediate,8,_net
senior__net_full_stack_engineer__english_speaker_,Senior .NET Full Stack Engineer (English Speaker),devops,react_js,React.js,core,medium,intermediate,9,rest_api
senior__net_full_stack_engineer__english_speaker_,Senior .NET Full Stack Engineer (English Speaker),devops,mongodb,MongoDB,core,medium,intermediate,10,react_js
senior__net_full_stack_engineer__english_speaker_,Senior .NET Full Stack Engineer (English Speaker),devops,azure,Azure,advanced,medium,advanced,11,mongodb
senior__net_full_stack_engineer__english_speaker_,Senior .NET Full Stack Engineer (English Speaker),devops,ci_cd,CI/CD,advanced,medium,advanced,12,azure
senior__net_full_stack_engineer__english_speaker_,Senior .NET Full Stack Engineer (English Speaker),web_development,python,Python,fundamental,high,basic,1,
senior__net_full_stack_engineer__english_speaker_,Senior .NET Full Stack Engineer (English Speaker),web_development,excel,Excel,fundamental,high,basic,2,python
senior__net_full_stack_engineer__english_speaker_,Senior .NET Full Stack Engineer (English Speaker),web_development,agile_scrum,Agile/Scrum,fundamental,high,basic,3,excel
senior__net_full_stack_engineer__english_speaker_,Senior .NET Full Stack Engineer (English Speaker),web_development,sql,SQL,fundamental,medium,basic,4,agile_scrum
senior__net_full_stack_engineer__english_speaker_,Senior .NET Full Stack Engineer (English Speaker),web_development,typescript,TypeScript,core,medium,intermediate,5,sql
senior__net_full_stack_engineer__english_speaker_,Senior .NET Full Stack Engineer (English Speaker),web_development,angular,Angular,core,medium,intermediate,6,typescript
senior__net_full_stack_engineer__english_speaker_,Senior .NET Full Stack Engineer (English Speaker),web_development,_net,.NET,core,medium,intermediate,7,angular
senior__net_full_stack_engineer__english_speaker_,Senior .NET Full Stack Engineer (English Speaker),web_development,rest_api,REST API,core,medium,intermediate,8,_net
senior__net_full_stack_engineer__english_speaker_,Senior .NET Full Stack Engineer (English Speaker),web_development,react_js,React.js,core,medium,intermediate,9,rest_api
senior__net_full_stack_engineer__english_speaker_,Senior .NET Full Stack Engineer (English Speaker),web_development,mongodb,MongoDB,core,medium,intermediate,10,react_js
senior__net_full_stack_engineer__english_speaker_,Senior .NET Full Stack Engineer (English Speaker),web_development,azure,Azure,advanced,medium,advanced,11,mongodb
senior__net_full_stack_engineer__english_speaker_,Senior .NET Full Stack Engineer (English Speaker),web_development,ci_cd,CI/CD,advanced,medium,advanced,12,azure
senior_ai_programmer___architect,Senior AI Programmer / Architect,ai_ml,javascript,JavaScript,fundamental,high,basic,1,
senior_ai_programmer___architect,Senior AI Programmer / Architect,ai_ml,python,Python,fundamental,high,basic,2,javascript
senior_ai_programmer___architect,Senior AI Programmer / Architect,ai_ml,typescript,TypeScript,core,high,intermediate,3,python
senior_ai_programmer___architect,Senior AI Programmer / Architect,ai_ml,node_js,Node.js,core,medium,intermediate,4,typescript
senior_ai_programmer___architect,Senior AI Programmer / Architect,ai_ml,rest_api,REST API,core,medium,intermediate,5,node_js
senior_ai_programmer___architect,Senior AI Programmer / Architect,ai_ml,golang,Golang,core,medium,intermediate,6,rest_api
senior_ai_programmer___architect,Senior AI Programmer / Architect,ai_ml,kubernetes,Kubernetes,advanced,medium,advanced,7,golang
senior_ai_programmer___architect,Senior AI Programmer / Architect,ai_ml,docker,Docker,advanced,medium,advanced,8,kubernetes
senior_ai_programmer___architect,Senior AI Programmer / Architect,ai_ml,microservices,Microservices,advanced,medium,advanced,9,docker
senior_ai_programmer___architect,Senior AI Programmer / Architect,web_development,javascript,JavaScript,fundamental,high,basic,1,
senior_ai_programmer___architect,Senior AI Programmer / Architect,web_development,python,Python,fundamental,high,basic,2,javascript
senior_ai_programmer___architect,Senior AI Programmer / Architect,web_development,typescript,TypeScript,core,high,intermediate,3,python
senior_ai_programmer___architect,Senior AI Programmer / Architect,web_development,node_js,Node.js,core,medium,intermediate,4,typescript
senior_ai_programmer___architect,Senior AI Programmer / Architect,web_development,rest_api,REST API,core,medium,intermediate,5,node_js
senior_ai_programmer___architect,Senior AI Programmer / Architect,web_development,golang,Golang,core,medium,intermediate,6,rest_api
senior_ai_programmer___architect,Senior AI Programmer / Architect,web_development,kubernetes,Kubernetes,advanced,medium,advanced,7,golang
senior_ai_programmer___architect,Senior AI Programmer / Architect,web_development,docker,Docker,advanced,medium,advanced,8,kubernetes
senior_ai_programmer___architect,Senior AI Programmer / Architect,web_development,microservices,Microservices,advanced,medium,advanced,9,docker
senior_analyst___nickel_market,Senior Analyst - Nickel Market,data_science,problem_solving,Problem Solving,fundamental,high,basic,1,
senior_analyst___nickel_market,Senior Analyst - Nickel Market,data_science,typescript,TypeScript,core,high,intermediate,2,problem_solving
senior_azure_engineer___entra_id_,Senior Azure Engineer  (Entra ID),cyber_security,typescript,TypeScript,core,high,intermediate,1,
senior_azure_engineer___entra_id_,Senior Azure Engineer  (Entra ID),cyber_security,rest_api,REST API,core,high,intermediate,2,typescript
senior_azure_engineer___entra_id_,Senior Azure Engineer  (Entra ID),cyber_security,machine_learning,Machine Learning,core,high,intermediate,3,rest_api
senior_azure_engineer___entra_id_,Senior Azure Engineer  (Entra ID),cyber_security,azure,Azure,advanced,medium,advanced,4,machine_learning
senior_azure_engineer___entra_id_,Senior Azure Engineer  (Entra ID),cyber_security,cybersecurity,Cybersecurity,advanced,medium,advanced,5,azure
senior_azure_engineer___entra_id_,Senior Azure Engineer  (Entra ID),devops,typescript,TypeScript,core,high,intermediate,1,
senior_azure_engineer___entra_id_,Senior Azure Engineer  (Entra ID),devops,rest_api,REST API,core,high,intermediate,2,typescript
senior_azure_engineer___entra_id_,Senior Azure Engineer  (Entra ID),devops,machine_learning,Machine Learning,core,high,intermediate,3,rest_api
senior_azure_engineer___entra_id_,Senior Azure Engineer  (Entra ID),devops,azure,Azure,advanced,medium,advanced,4,machine_learning
senior_azure_engineer___entra_id_,Senior Azure Engineer  (Entra ID),devops,cybersecurity,Cybersecurity,advanced,medium,advanced,5,azure
senior_azure_engineer__azure_arc_,Senior Azure Engineer (Azure ARC),devops,typescript,TypeScript,core,high,intermediate,1,
senior_azure_engineer__azure_arc_,Senior Azure Engineer (Azure ARC),devops,azure,Azure,advanced,high,advanced,2,typescript
senior_azure_engineer__azure_arc_,Senior Azure Engineer (Azure ARC),devops,kubernetes,Kubernetes,advanced,high,advanced,3,azure
senior_azure_engineer___ms_office_apps,Senior Azure Engineer - MS Office Apps,devops,excel,Excel,fundamental,high,basic,1,
senior_azure_engineer___ms_office_apps,Senior Azure Engineer - MS Office Apps,devops,typescript,TypeScript,core,high,intermediate,2,excel
senior_back_end_engineer,Senior Back End Engineer,web_development,python,Python,fundamental,high,basic,1,
senior_back_end_engineer,Senior Back End Engineer,web_development,git,Git,fundamental,high,basic,2,python
senior_back_end_engineer,Senior Back End Engineer,web_development,php,PHP,fundamental,high,basic,3,git
senior_back_end_engineer,Senior Back End Engineer,web_development,typescript,TypeScript,core,medium,intermediate,4,php
senior_back_end_engineer,Senior Back End Engineer,web_development,laravel,Laravel,core,medium,intermediate,5,typescript
senior_back_end_engineer,Senior Back End Engineer,web_development,bootstrap,Bootstrap,core,medium,intermediate,6,laravel
senior_back_end_engineer,Senior Back End Engineer,web_development,postgresql,PostgreSQL,core,medium,intermediate,7,bootstrap
senior_back_end_engineer,Senior Back End Engineer,web_development,golang,Golang,core,medium,intermediate,8,postgresql
senior_back_end_engineer,Senior Back End Engineer,web_development,mysql,MySQL,core,medium,intermediate,9,golang
senior_back_end_engineer,Senior Back End Engineer,web_development,kubernetes,Kubernetes,advanced,medium,advanced,10,mysql
senior_back_end_engineer,Senior Back End Engineer,web_development,docker,Docker,advanced,medium,advanced,11,kubernetes
senior_back_end_engineer,Senior Back End Engineer,web_development,gcp,GCP,advanced,medium,advanced,12,docker
senior_back_end_engineer,Senior Back End Engineer,web_development,aws,AWS,advanced,medium,advanced,13,gcp
senior_back_end_typescript_developer,Senior Back-End TypeScript Developer,web_development,javascript,JavaScript,fundamental,high,basic,1,
senior_back_end_typescript_developer,Senior Back-End TypeScript Developer,web_development,git,Git,fundamental,high,basic,2,javascript
senior_back_end_typescript_developer,Senior Back-End TypeScript Developer,web_development,typescript,TypeScript,core,high,intermediate,3,git
senior_back_end_typescript_developer,Senior Back-End TypeScript Developer,web_development,node_js,Node.js,core,medium,intermediate,4,typescript
senior_back_end_typescript_developer,Senior Back-End TypeScript Developer,web_development,postgresql,PostgreSQL,core,medium,intermediate,5,node_js
senior_back_end_typescript_developer,Senior Back-End TypeScript Developer,web_development,rest_api,REST API,core,medium,intermediate,6,postgresql
senior_back_end_typescript_developer,Senior Back-End TypeScript Developer,web_development,machine_learning,Machine Learning,core,medium,intermediate,7,rest_api
senior_back_end_typescript_developer,Senior Back-End TypeScript Developer,web_development,next_js,Next.js,core,medium,intermediate,8,machine_learning
senior_back_end_typescript_developer,Senior Back-End TypeScript Developer,web_development,docker,Docker,advanced,medium,advanced,9,next_js
senior_back_end_typescript_developer,Senior Back-End TypeScript Developer,web_development,aws,AWS,advanced,medium,advanced,10,docker
senior_backend_engineer,Senior Backend Engineer,devops,java,Java,fundamental,high,basic,1,
senior_backend_engineer,Senior Backend Engineer,devops,golang,Golang,core,high,intermediate,2,java
senior_backend_engineer,Senior Backend Engineer,devops,postgresql,PostgreSQL,core,high,intermediate,3,golang
senior_backend_engineer,Senior Backend Engineer,web_development,java,Java,fundamental,high,basic,1,
senior_backend_engineer,Senior Backend Engineer,web_development,golang,Golang,core,high,intermediate,2,java
senior_backend_engineer,Senior Backend Engineer,web_development,postgresql,PostgreSQL,core,high,intermediate,3,golang
senior_backend_engineer__application_,Senior Backend Engineer (Application),devops,sql,SQL,fundamental,high,basic,1,
senior_backend_engineer__application_,Senior Backend Engineer (Application),devops,java,Java,fundamental,high,basic,2,sql
senior_backend_engineer__application_,Senior Backend Engineer (Application),devops,golang,Golang,core,high,intermediate,3,java
senior_backend_engineer__application_,Senior Backend Engineer (Application),web_development,sql,SQL,fundamental,high,basic,1,
senior_backend_engineer__application_,Senior Backend Engineer (Application),web_development,java,Java,fundamental,high,basic,2,sql
senior_backend_engineer__application_,Senior Backend Engineer (Application),web_development,golang,Golang,core,high,intermediate,3,java
senior_backend_programmer,Senior Backend Programmer,web_development,sql,SQL,fundamental,high,basic,1,
senior_backend_programmer,Senior Backend Programmer,web_development,typescript,TypeScript,core,high,intermediate,2,sql
senior_backend_programmer,Senior Backend Programmer,web_development,ci_cd,CI/CD,advanced,high,advanced,3,typescript
senior_data_architect,Senior Data Architect,data_science,sql,SQL,fundamental,high,basic,1,
senior_data_architect,Senior Data Architect,data_science,typescript,TypeScript,core,high,intermediate,2,sql
senior_data_architect,Senior Data Architect,data_science,data_modeling,Data Modeling,advanced,high,advanced,3,typescript
senior_data_engineer,Senior Data Engineer,ai_ml,python,Python,fundamental,high,basic,1,
senior_data_engineer,Senior Data Engineer,ai_ml,java,Java,fundamental,high,basic,2,python
senior_data_engineer,Senior Data Engineer,ai_ml,sql,SQL,fundamental,high,basic,3,java
senior_data_engineer,Senior Data Engineer,ai_ml,r,R,fundamental,medium,basic,4,sql
senior_data_engineer,Senior Data Engineer,ai_ml,typescript,TypeScript,core,medium,intermediate,5,r
senior_data_engineer,Senior Data Engineer,ai_ml,rest_api,REST API,core,medium,intermediate,6,typescript
senior_data_engineer,Senior Data Engineer,ai_ml,tableau,Tableau,core,medium,intermediate,7,rest_api
senior_data_engineer,Senior Data Engineer,ai_ml,mongodb,MongoDB,core,medium,intermediate,8,tableau
senior_data_engineer,Senior Data Engineer,ai_ml,power_bi,Power BI,core,medium,intermediate,9,mongodb
senior_data_engineer,Senior Data Engineer,ai_ml,snowflake,Snowflake,advanced,medium,advanced,10,power_bi
senior_data_engineer,Senior Data Engineer,ai_ml,etl,ETL,advanced,medium,advanced,11,snowflake
senior_data_engineer,Senior Data Engineer,ai_ml,gcp,GCP,advanced,medium,advanced,12,etl
senior_data_engineer,Senior Data Engineer,ai_ml,hadoop,Hadoop,advanced,medium,advanced,13,gcp
senior_data_engineer,Senior Data Engineer,ai_ml,spark,Spark,advanced,medium,advanced,14,hadoop
senior_data_engineer,Senior Data Engineer,ai_ml,aws,AWS,advanced,medium,advanced,15,spark
senior_data_engineer,Senior Data Engineer,ai_ml,bigquery,BigQuery,advanced,medium,advanced,16,aws
senior_data_engineer,Senior Data Engineer,data_science,python,Python,fundamental,high,basic,1,
senior_data_engineer,Senior Data Engineer,data_science,sql,SQL,fundamental,high,basic,2,python
senior_data_engineer,Senior Data Engineer,data_science,r,R,fundamental,high,basic,3,sql
senior_data_engineer,Senior Data Engineer,data_science,typescript,TypeScript,core,medium,intermediate,4,r
senior_data_engineer,Senior Data Engineer,data_science,rest_api,REST API,core,medium,intermediate,5,typescript
senior_data_engineer,Senior Data Engineer,data_science,tableau,Tableau,core,medium,intermediate,6,rest_api
senior_data_engineer,Senior Data Engineer,data_science,power_bi,Power BI,core,medium,intermediate,7,tableau
senior_data_engineer,Senior Data Engineer,data_science,snowflake,Snowflake,advanced,medium,advanced,8,power_bi
senior_data_engineer,Senior Data Engineer,data_science,bigquery,BigQuery,advanced,medium,advanced,9,snowflake
senior_data_scientist,Senior Data Scientist,ai_ml,python,Python,fundamental,high,basic,1,
senior_data_scientist,Senior Data Scientist,ai_ml,typescript,TypeScript,core,high,intermediate,2,python
senior_data_scientist,Senior Data Scientist,ai_ml,rest_api,REST API,core,high,intermediate,3,typescript
senior_data_scientist,Senior Data Scientist,ai_ml,machine_learning,Machine Learning,core,medium,intermediate,4,rest_api
senior_data_scientist,Senior Data Scientist,ai_ml,azure,Azure,advanced,medium,advanced,5,machine_learning
senior_data_scientist,Senior Data Scientist,ai_ml,gcp,GCP,advanced,medium,advanced,6,azure
senior_data_scientist,Senior Data Scientist,ai_ml,ci_cd,CI/CD,advanced,medium,advanced,7,gcp
senior_data_scientist,Senior Data Scientist,ai_ml,tensorflow,TensorFlow,advanced,medium,advanced,8,ci_cd
senior_data_scientist,Senior Data Scientist,ai_ml,aws,AWS,advanced,medium,advanced,9,tensorflow
senior_data_scientist,Senior Data Scientist,ai_ml,deep_learning,Deep Learning,advanced,medium,advanced,10,aws
senior_data_scientist,Senior Data Scientist,ai_ml,pytorch,PyTorch,advanced,medium,advanced,11,deep_learning
senior_data_scientist__analytics____gfin,Senior Data Scientist (Analytics) - GFin,ai_ml,python,Python,fundamental,high,basic,1,
senior_data_scientist__analytics____gfin,Senior Data Scientist (Analytics) - GFin,ai_ml,excel,Excel,fundamental,high,basic,2,python
senior_data_scientist__analytics____gfin,Senior Data Scientist (Analytics) - GFin,ai_ml,sql,SQL,fundamental,high,basic,3,excel
senior_data_scientist__analytics____gfin,Senior Data Scientist (Analytics) - GFin,ai_ml,r,R,fundamental,medium,basic,4,sql
senior_data_scientist__analytics____gfin,Senior Data Scientist (Analytics) - GFin,ai_ml,typescript,TypeScript,core,medium,intermediate,5,r
senior_data_scientist__analytics____gfin,Senior Data Scientist (Analytics) - GFin,ai_ml,ui_ux,UI/UX,core,medium,intermediate,6,typescript
senior_data_scientist__analytics____gfin,Senior Data Scientist (Analytics) - GFin,ai_ml,rest_api,REST API,core,medium,intermediate,7,ui_ux
senior_data_scientist__analytics____gfin,Senior Data Scientist (Analytics) - GFin,data_science,python,Python,fundamental,high,basic,1,
senior_data_scientist__analytics____gfin,Senior Data Scientist (Analytics) - GFin,data_science,excel,Excel,fundamental,high,basic,2,python
senior_data_scientist__analytics____gfin,Senior Data Scientist (Analytics) - GFin,data_science,sql,SQL,fundamental,high,basic,3,excel
senior_data_scientist__analytics____gfin,Senior Data Scientist (Analytics) - GFin,data_science,r,R,fundamental,medium,basic,4,sql
senior_data_scientist__analytics____gfin,Senior Data Scientist (Analytics) - GFin,data_science,typescript,TypeScript,core,medium,intermediate,5,r
senior_data_scientist__analytics____gfin,Senior Data Scientist (Analytics) - GFin,data_science,ui_ux,UI/UX,core,medium,intermediate,6,typescript
senior_data_scientist__analytics____gfin,Senior Data Scientist (Analytics) - GFin,data_science,rest_api,REST API,core,medium,intermediate,7,ui_ux
senior_data_scientist__analytics____grab_financial_services,Senior Data Scientist (Analytics) - Grab Financial Services,ai_ml,javascript,JavaScript,fundamental,high,basic,1,
senior_data_scientist__analytics____grab_financial_services,Senior Data Scientist (Analytics) - Grab Financial Services,ai_ml,python,Python,fundamental,high,basic,2,javascript
senior_data_scientist__analytics____grab_financial_services,Senior Data Scientist (Analytics) - Grab Financial Services,ai_ml,excel,Excel,fundamental,high,basic,3,python
senior_data_scientist__analytics____grab_financial_services,Senior Data Scientist (Analytics) - Grab Financial Services,ai_ml,sql,SQL,fundamental,medium,basic,4,excel
senior_data_scientist__analytics____grab_financial_services,Senior Data Scientist (Analytics) - Grab Financial Services,ai_ml,typescript,TypeScript,core,medium,intermediate,5,sql
senior_data_scientist__analytics____grab_financial_services,Senior Data Scientist (Analytics) - Grab Financial Services,ai_ml,ui_ux,UI/UX,core,medium,intermediate,6,typescript
senior_data_scientist__analytics____grab_financial_services,Senior Data Scientist (Analytics) - Grab Financial Services,ai_ml,rest_api,REST API,core,medium,intermediate,7,ui_ux
senior_data_scientist__analytics____grab_financial_services,Senior Data Scientist (Analytics) - Grab Financial Services,ai_ml,power_bi,Power BI,core,medium,intermediate,8,rest_api
senior_data_scientist__analytics____grab_financial_services,Senior Data Scientist (Analytics) - Grab Financial Services,data_science,javascript,JavaScript,fundamental,high,basic,1,
senior_data_scientist__analytics____grab_financial_services,Senior Data Scientist (Analytics) - Grab Financial Services,data_science,python,Python,fundamental,high,basic,2,javascript
senior_data_scientist__analytics____grab_financial_services,Senior Data Scientist (Analytics) - Grab Financial Services,data_science,excel,Excel,fundamental,high,basic,3,python
senior_data_scientist__analytics____grab_financial_services,Senior Data Scientist (Analytics) - Grab Financial Services,data_science,sql,SQL,fundamental,medium,basic,4,excel
senior_data_scientist__analytics____grab_financial_services,Senior Data Scientist (Analytics) - Grab Financial Services,data_science,typescript,TypeScript,core,medium,intermediate,5,sql
senior_data_scientist__analytics____grab_financial_services,Senior Data Scientist (Analytics) - Grab Financial Services,data_science,ui_ux,UI/UX,core,medium,intermediate,6,typescript
senior_data_scientist__analytics____grab_financial_services,Senior Data Scientist (Analytics) - Grab Financial Services,data_science,rest_api,REST API,core,medium,intermediate,7,ui_ux
senior_data_scientist__analytics____grab_financial_services,Senior Data Scientist (Analytics) - Grab Financial Services,data_science,power_bi,Power BI,core,medium,intermediate,8,rest_api
senior_devops,Senior DevOps,devops,python,Python,fundamental,high,basic,1,
senior_devops,Senior DevOps,devops,excel,Excel,fundamental,high,basic,2,python
senior_devops,Senior DevOps,devops,typescript,TypeScript,core,high,intermediate,3,excel
senior_devops,Senior DevOps,devops,golang,Golang,core,medium,intermediate,4,typescript
senior_devops,Senior DevOps,devops,next_js,Next.js,core,medium,intermediate,5,golang
senior_devops,Senior DevOps,devops,azure,Azure,advanced,medium,advanced,6,next_js
senior_devops,Senior DevOps,devops,kubernetes,Kubernetes,advanced,medium,advanced,7,azure
senior_devops,Senior DevOps,devops,docker,Docker,advanced,medium,advanced,8,kubernetes
senior_devops,Senior DevOps,devops,gcp,GCP,advanced,medium,advanced,9,docker
senior_devops,Senior DevOps,devops,ci_cd,CI/CD,advanced,medium,advanced,10,gcp
senior_devops,Senior DevOps,devops,aws,AWS,advanced,medium,advanced,11,ci_cd
senior_devops_engineer,Senior DevOps Engineer,cyber_security,java,Java,fundamental,high,basic,1,
senior_devops_engineer,Senior DevOps Engineer,cyber_security,python,Python,fundamental,high,basic,2,java
senior_devops_engineer,Senior DevOps Engineer,cyber_security,excel,Excel,fundamental,high,basic,3,python
senior_devops_engineer,Senior DevOps Engineer,cyber_security,git,Git,fundamental,medium,basic,4,excel
senior_devops_engineer,Senior DevOps Engineer,cyber_security,typescript,TypeScript,core,medium,intermediate,5,git
senior_devops_engineer,Senior DevOps Engineer,cyber_security,ui_ux,UI/UX,core,medium,intermediate,6,typescript
senior_devops_engineer,Senior DevOps Engineer,cyber_security,ci_cd,CI/CD,advanced,medium,advanced,7,ui_ux
senior_devops_engineer,Senior DevOps Engineer,cyber_security,linux,Linux,advanced,medium,advanced,8,ci_cd
senior_devops_engineer,Senior DevOps Engineer,devops,java,Java,fundamental,high,basic,1,
senior_devops_engineer,Senior DevOps Engineer,devops,python,Python,fundamental,high,basic,2,java
senior_devops_engineer,Senior DevOps Engineer,devops,excel,Excel,fundamental,high,basic,3,python
senior_devops_engineer,Senior DevOps Engineer,devops,git,Git,fundamental,medium,basic,4,excel
senior_devops_engineer,Senior DevOps Engineer,devops,typescript,TypeScript,core,medium,intermediate,5,git
senior_devops_engineer,Senior DevOps Engineer,devops,ui_ux,UI/UX,core,medium,intermediate,6,typescript
senior_devops_engineer,Senior DevOps Engineer,devops,ci_cd,CI/CD,advanced,medium,advanced,7,ui_ux
senior_devops_engineer,Senior DevOps Engineer,devops,linux,Linux,advanced,medium,advanced,8,ci_cd
senior_fp_a,Senior FP&A,data_science,excel,Excel,fundamental,high,basic,1,
senior_fp_a,Senior FP&A,data_science,typescript,TypeScript,core,high,intermediate,2,excel
senior_full_stack_developer,Senior Full Stack Developer,web_development,html,HTML,fundamental,high,basic,1,
senior_full_stack_developer,Senior Full Stack Developer,web_development,agile_scrum,Agile/Scrum,fundamental,high,basic,2,html
senior_full_stack_developer,Senior Full Stack Developer,web_development,git,Git,fundamental,high,basic,3,agile_scrum
senior_full_stack_developer,Senior Full Stack Developer,web_development,css,CSS,fundamental,medium,basic,4,git
senior_full_stack_developer,Senior Full Stack Developer,web_development,typescript,TypeScript,core,medium,intermediate,5,css
senior_full_stack_developer,Senior Full Stack Developer,web_development,angular,Angular,core,medium,intermediate,6,typescript
senior_full_stack_developer,Senior Full Stack Developer,web_development,rest_api,REST API,core,medium,intermediate,7,angular
senior_full_stack_developer,Senior Full Stack Developer,web_development,ci_cd,CI/CD,advanced,medium,advanced,8,rest_api
senior_fullstack_backend_developer,Senior Fullstack Backend Developer,web_development,javascript,JavaScript,fundamental,high,basic,1,
senior_fullstack_backend_developer,Senior Fullstack Backend Developer,web_development,sql,SQL,fundamental,high,basic,2,javascript
senior_fullstack_backend_developer,Senior Fullstack Backend Developer,web_development,html,HTML,fundamental,high,basic,3,sql
senior_fullstack_backend_developer,Senior Fullstack Backend Developer,web_development,java,Java,fundamental,medium,basic,4,html
senior_fullstack_backend_developer,Senior Fullstack Backend Developer,web_development,php,PHP,fundamental,medium,basic,5,java
senior_fullstack_backend_developer,Senior Fullstack Backend Developer,web_development,excel,Excel,fundamental,medium,basic,6,php
senior_fullstack_backend_developer,Senior Fullstack Backend Developer,web_development,git,Git,fundamental,medium,basic,7,excel
senior_fullstack_backend_developer,Senior Fullstack Backend Developer,web_development,css,CSS,fundamental,medium,basic,8,git
senior_fullstack_backend_developer,Senior Fullstack Backend Developer,web_development,typescript,TypeScript,core,medium,intermediate,9,css
senior_fullstack_backend_developer,Senior Fullstack Backend Developer,web_development,machine_learning,Machine Learning,core,medium,intermediate,10,typescript
senior_fullstack_backend_developer,Senior Fullstack Backend Developer,web_development,golang,Golang,core,medium,intermediate,11,machine_learning
senior_fullstack_backend_developer,Senior Fullstack Backend Developer,web_development,postgresql,PostgreSQL,core,medium,intermediate,12,golang
senior_fullstack_backend_developer,Senior Fullstack Backend Developer,web_development,vue_js,Vue.js,core,medium,intermediate,13,postgresql
senior_fullstack_backend_developer,Senior Fullstack Backend Developer,web_development,rest_api,REST API,core,medium,intermediate,14,vue_js
senior_fullstack_backend_developer,Senior Fullstack Backend Developer,web_development,react_js,React.js,core,medium,intermediate,15,rest_api
senior_fullstack_backend_developer,Senior Fullstack Backend Developer,web_development,mongodb,MongoDB,core,medium,intermediate,16,react_js
senior_fullstack_backend_developer,Senior Fullstack Backend Developer,web_development,docker,Docker,advanced,medium,advanced,17,mongodb
senior_fullstack_backend_developer,Senior Fullstack Backend Developer,web_development,aws,AWS,advanced,medium,advanced,18,docker
senior_fullstack_backend_developer,Senior Fullstack Backend Developer,web_development,azure,Azure,advanced,medium,advanced,19,aws
senior_fullstack_backend_developer,Senior Fullstack Backend Developer,web_development,kubernetes,Kubernetes,advanced,medium,advanced,20,azure
senior_fullstack_backend_developer,Senior Fullstack Backend Developer,web_development,microservices,Microservices,advanced,medium,advanced,21,kubernetes
senior_fullstack_backend_developer,Senior Fullstack Backend Developer,web_development,gcp,GCP,advanced,medium,advanced,22,microservices
senior_fullstack_developer,Senior Fullstack Developer,web_development,javascript,JavaScript,fundamental,high,basic,1,
senior_fullstack_developer,Senior Fullstack Developer,web_development,html,HTML,fundamental,high,basic,2,javascript
senior_fullstack_developer,Senior Fullstack Developer,web_development,excel,Excel,fundamental,high,basic,3,html
senior_fullstack_developer,Senior Fullstack Developer,web_development,git,Git,fundamental,medium,basic,4,excel
senior_fullstack_developer,Senior Fullstack Developer,web_development,css,CSS,fundamental,medium,basic,5,git
senior_fullstack_developer,Senior Fullstack Developer,web_development,typescript,TypeScript,core,medium,intermediate,6,css
senior_fullstack_developer,Senior Fullstack Developer,web_development,ui_ux,UI/UX,core,medium,intermediate,7,typescript
senior_fullstack_developer,Senior Fullstack Developer,web_development,tailwind_css,Tailwind CSS,core,medium,intermediate,8,ui_ux
senior_fullstack_developer,Senior Fullstack Developer,web_development,golang,Golang,core,medium,intermediate,9,tailwind_css
senior_fullstack_developer,Senior Fullstack Developer,web_development,mysql,MySQL,core,medium,intermediate,10,golang
senior_fullstack_developer,Senior Fullstack Developer,web_development,figma,Figma,core,medium,intermediate,11,mysql
senior_fullstack_developer,Senior Fullstack Developer,web_development,node_js,Node.js,core,medium,intermediate,12,figma
senior_fullstack_developer,Senior Fullstack Developer,web_development,postgresql,PostgreSQL,core,medium,intermediate,13,node_js
senior_fullstack_developer,Senior Fullstack Developer,web_development,next_js,Next.js,core,medium,intermediate,14,postgresql
senior_fullstack_developer,Senior Fullstack Developer,web_development,bootstrap,Bootstrap,core,medium,intermediate,15,next_js
senior_fullstack_developer,Senior Fullstack Developer,web_development,rest_api,REST API,core,medium,intermediate,16,bootstrap
senior_fullstack_developer,Senior Fullstack Developer,web_development,react_js,React.js,core,medium,intermediate,17,rest_api
senior_fullstack_developer,Senior Fullstack Developer,web_development,graphql,GraphQL,core,medium,intermediate,18,react_js
senior_fullstack_developer,Senior Fullstack Developer,web_development,aws,AWS,advanced,medium,advanced,19,graphql
senior_fullstack_developer,Senior Fullstack Developer,web_development,azure,Azure,advanced,medium,advanced,20,aws
senior_fullstack_developer,Senior Fullstack Developer,web_development,microservices,Microservices,advanced,medium,advanced,21,azure
senior_fullstack_developer,Senior Fullstack Developer,web_development,gcp,GCP,advanced,medium,advanced,22,microservices
senior_fullstack_developer,Senior Fullstack Developer,web_development,ci_cd,CI/CD,advanced,medium,advanced,23,gcp
senior_game_designer,Senior Game Designer,ui_ux,excel,Excel,fundamental,high,basic,1,
senior_game_designer,Senior Game Designer,ui_ux,typescript,TypeScript,core,high,intermediate,2,excel
senior_game_designer,Senior Game Designer,ui_ux,ui_ux,UI/UX,core,high,intermediate,3,typescript
senior_game_designer,Senior Game Designer,ui_ux,figma,Figma,core,medium,intermediate,4,ui_ux
senior_graphic_designer,Senior Graphic Designer,ui_ux,excel,Excel,fundamental,high,basic,1,
senior_graphic_designer,Senior Graphic Designer,ui_ux,typescript,TypeScript,core,high,intermediate,2,excel
senior_it_auditor,Senior IT Auditor,cyber_security,excel,Excel,fundamental,high,basic,1,
senior_it_auditor,Senior IT Auditor,cyber_security,typescript,TypeScript,core,high,intermediate,2,excel
senior_it_auditor,Senior IT Auditor,cyber_security,cybersecurity,Cybersecurity,advanced,high,advanced,3,typescript
senior_infrastructure_read_team_specialis,Senior Infrastructure Read Team Specialis,cyber_security,python,Python,fundamental,high,basic,1,
senior_infrastructure_read_team_specialis,Senior Infrastructure Read Team Specialis,cyber_security,r,R,fundamental,high,basic,2,python
senior_infrastructure_read_team_specialis,Senior Infrastructure Read Team Specialis,cyber_security,typescript,TypeScript,core,high,intermediate,3,r
senior_infrastructure_read_team_specialis,Senior Infrastructure Read Team Specialis,cyber_security,golang,Golang,core,medium,intermediate,4,typescript
senior_infrastructure_read_team_specialis,Senior Infrastructure Read Team Specialis,cyber_security,penetration_testing,Penetration Testing,advanced,medium,advanced,5,golang
senior_infrastructure_read_team_specialis,Senior Infrastructure Read Team Specialis,cyber_security,linux,Linux,advanced,medium,advanced,6,penetration_testing
senior_infrastructure_read_team_specialis,Senior Infrastructure Read Team Specialis,devops,python,Python,fundamental,high,basic,1,
senior_infrastructure_read_team_specialis,Senior Infrastructure Read Team Specialis,devops,r,R,fundamental,high,basic,2,python
senior_infrastructure_read_team_specialis,Senior Infrastructure Read Team Specialis,devops,typescript,TypeScript,core,high,intermediate,3,r
senior_infrastructure_read_team_specialis,Senior Infrastructure Read Team Specialis,devops,golang,Golang,core,medium,intermediate,4,typescript
senior_infrastructure_read_team_specialis,Senior Infrastructure Read Team Specialis,devops,penetration_testing,Penetration Testing,advanced,medium,advanced,5,golang
senior_infrastructure_read_team_specialis,Senior Infrastructure Read Team Specialis,devops,linux,Linux,advanced,medium,advanced,6,penetration_testing
senior_machine_learning_engineer,Senior Machine Learning Engineer,ai_ml,python,Python,fundamental,high,basic,1,
senior_machine_learning_engineer,Senior Machine Learning Engineer,ai_ml,git,Git,fundamental,high,basic,2,python
senior_machine_learning_engineer,Senior Machine Learning Engineer,ai_ml,typescript,TypeScript,core,high,intermediate,3,git
senior_machine_learning_engineer,Senior Machine Learning Engineer,ai_ml,rest_api,REST API,core,medium,intermediate,4,typescript
senior_machine_learning_engineer,Senior Machine Learning Engineer,ai_ml,machine_learning,Machine Learning,core,medium,intermediate,5,rest_api
senior_machine_learning_engineer,Senior Machine Learning Engineer,ai_ml,microservices,Microservices,advanced,medium,advanced,6,machine_learning
senior_machine_learning_engineer,Senior Machine Learning Engineer,ai_ml,docker,Docker,advanced,medium,advanced,7,microservices
senior_machine_learning_engineer,Senior Machine Learning Engineer,ai_ml,ci_cd,CI/CD,advanced,medium,advanced,8,docker
senior_machine_learning_engineer,Senior Machine Learning Engineer,ai_ml,tensorflow,TensorFlow,advanced,medium,advanced,9,ci_cd
senior_machine_learning_engineer,Senior Machine Learning Engineer,ai_ml,linux,Linux,advanced,medium,advanced,10,tensorflow
senior_machine_learning_engineer,Senior Machine Learning Engineer,ai_ml,deep_learning,Deep Learning,advanced,medium,advanced,11,linux
senior_machine_learning_engineer,Senior Machine Learning Engineer,ai_ml,pytorch,PyTorch,advanced,medium,advanced,12,deep_learning
senior_machine_learning_engineer,Senior Machine Learning Engineer,data_science,python,Python,fundamental,high,basic,1,
senior_machine_learning_engineer,Senior Machine Learning Engineer,data_science,git,Git,fundamental,high,basic,2,python
senior_machine_learning_engineer,Senior Machine Learning Engineer,data_science,typescript,TypeScript,core,high,intermediate,3,git
senior_machine_learning_engineer,Senior Machine Learning Engineer,data_science,rest_api,REST API,core,medium,intermediate,4,typescript
senior_machine_learning_engineer,Senior Machine Learning Engineer,data_science,machine_learning,Machine Learning,core,medium,intermediate,5,rest_api
senior_machine_learning_engineer,Senior Machine Learning Engineer,data_science,microservices,Microservices,advanced,medium,advanced,6,machine_learning
senior_machine_learning_engineer,Senior Machine Learning Engineer,data_science,docker,Docker,advanced,medium,advanced,7,microservices
senior_machine_learning_engineer,Senior Machine Learning Engineer,data_science,ci_cd,CI/CD,advanced,medium,advanced,8,docker
senior_machine_learning_engineer,Senior Machine Learning Engineer,data_science,tensorflow,TensorFlow,advanced,medium,advanced,9,ci_cd
senior_machine_learning_engineer,Senior Machine Learning Engineer,data_science,linux,Linux,advanced,medium,advanced,10,tensorflow
senior_machine_learning_engineer,Senior Machine Learning Engineer,data_science,deep_learning,Deep Learning,advanced,medium,advanced,11,linux
senior_machine_learning_engineer,Senior Machine Learning Engineer,data_science,pytorch,PyTorch,advanced,medium,advanced,12,deep_learning
senior_network_security_engineer,Senior Network Security Engineer,cyber_security,python,Python,fundamental,high,basic,1,
senior_network_security_engineer,Senior Network Security Engineer,cyber_security,excel,Excel,fundamental,high,basic,2,python
senior_network_security_engineer,Senior Network Security Engineer,cyber_security,problem_solving,Problem Solving,fundamental,high,basic,3,excel
senior_network_security_engineer,Senior Network Security Engineer,cyber_security,typescript,TypeScript,core,medium,intermediate,4,problem_solving
senior_network_security_engineer,Senior Network Security Engineer,cyber_security,machine_learning,Machine Learning,core,medium,intermediate,5,typescript
senior_network_security_engineer,Senior Network Security Engineer,cyber_security,linux,Linux,advanced,medium,advanced,6,machine_learning
senior_network_security_engineer,Senior Network Security Engineer,cyber_security,cybersecurity,Cybersecurity,advanced,medium,advanced,7,linux
senior_network_security_engineer,Senior Network Security Engineer,devops,python,Python,fundamental,high,basic,1,
senior_network_security_engineer,Senior Network Security Engineer,devops,excel,Excel,fundamental,high,basic,2,python
senior_network_security_engineer,Senior Network Security Engineer,devops,problem_solving,Problem Solving,fundamental,high,basic,3,excel
senior_network_security_engineer,Senior Network Security Engineer,devops,typescript,TypeScript,core,medium,intermediate,4,problem_solving
senior_network_security_engineer,Senior Network Security Engineer,devops,machine_learning,Machine Learning,core,medium,intermediate,5,typescript
senior_network_security_engineer,Senior Network Security Engineer,devops,linux,Linux,advanced,medium,advanced,6,machine_learning
senior_network_security_engineer,Senior Network Security Engineer,devops,cybersecurity,Cybersecurity,advanced,medium,advanced,7,linux
senior_odoo_developer,Senior Odoo Developer,web_development,html,HTML,fundamental,high,basic,1,
senior_odoo_developer,Senior Odoo Developer,web_development,javascript,JavaScript,fundamental,high,basic,2,html
senior_odoo_developer,Senior Odoo Developer,web_development,python,Python,fundamental,high,basic,3,javascript
senior_odoo_developer,Senior Odoo Developer,web_development,css,CSS,fundamental,medium,basic,4,python
senior_odoo_developer,Senior Odoo Developer,web_development,typescript,TypeScript,core,medium,intermediate,5,css
senior_odoo_developer,Senior Odoo Developer,web_development,postgresql,PostgreSQL,core,medium,intermediate,6,typescript
senior_odoo_developer,Senior Odoo Developer,web_development,machine_learning,Machine Learning,core,medium,intermediate,7,postgresql
senior_odoo_developer__technical_,Senior Odoo Developer (Technical),web_development,html,HTML,fundamental,high,basic,1,
senior_odoo_developer__technical_,Senior Odoo Developer (Technical),web_development,javascript,JavaScript,fundamental,high,basic,2,html
senior_odoo_developer__technical_,Senior Odoo Developer (Technical),web_development,python,Python,fundamental,high,basic,3,javascript
senior_odoo_developer__technical_,Senior Odoo Developer (Technical),web_development,css,CSS,fundamental,medium,basic,4,python
senior_odoo_developer__technical_,Senior Odoo Developer (Technical),web_development,typescript,TypeScript,core,medium,intermediate,5,css
senior_odoo_developer__technical_,Senior Odoo Developer (Technical),web_development,postgresql,PostgreSQL,core,medium,intermediate,6,typescript
senior_odoo_developer__technical_,Senior Odoo Developer (Technical),web_development,machine_learning,Machine Learning,core,medium,intermediate,7,postgresql
senior_programmer___kota_makassar_,Senior Programmer ( Kota Makassar),web_development,html,HTML,fundamental,high,basic,1,
senior_programmer___kota_makassar_,Senior Programmer ( Kota Makassar),web_development,css,CSS,fundamental,high,basic,2,html
senior_programmer___kota_makassar_,Senior Programmer ( Kota Makassar),web_development,php,PHP,fundamental,high,basic,3,css
senior_programmer___kota_makassar_,Senior Programmer ( Kota Makassar),web_development,mysql,MySQL,core,medium,intermediate,4,php
senior_software_engineer,Senior Software Engineer,web_development,ruby,Ruby,fundamental,high,basic,1,
senior_software_engineer,Senior Software Engineer,web_development,html,HTML,fundamental,high,basic,2,ruby
senior_software_engineer,Senior Software Engineer,web_development,javascript,JavaScript,fundamental,high,basic,3,html
senior_software_engineer,Senior Software Engineer,web_development,agile_scrum,Agile/Scrum,fundamental,medium,basic,4,javascript
senior_software_engineer,Senior Software Engineer,web_development,git,Git,fundamental,medium,basic,5,agile_scrum
senior_software_engineer,Senior Software Engineer,web_development,css,CSS,fundamental,medium,basic,6,git
senior_software_engineer,Senior Software Engineer,web_development,vue_js,Vue.js,core,medium,intermediate,7,css
senior_software_engineer,Senior Software Engineer,web_development,postgresql,PostgreSQL,core,medium,intermediate,8,vue_js
senior_software_engineer,Senior Software Engineer,web_development,rest_api,REST API,core,medium,intermediate,9,postgresql
senior_software_engineer,Senior Software Engineer,web_development,react_js,React.js,core,medium,intermediate,10,rest_api
senior_software_engineer,Senior Software Engineer,web_development,mysql,MySQL,core,medium,intermediate,11,react_js
senior_software_engineer,Senior Software Engineer,web_development,machine_learning,Machine Learning,core,medium,intermediate,12,mysql
senior_software_engineer,Senior Software Engineer,web_development,azure,Azure,advanced,medium,advanced,13,machine_learning
senior_software_engineer,Senior Software Engineer,web_development,microservices,Microservices,advanced,medium,advanced,14,azure
senior_software_engineer,Senior Software Engineer,web_development,docker,Docker,advanced,medium,advanced,15,microservices
senior_software_engineer,Senior Software Engineer,web_development,gcp,GCP,advanced,medium,advanced,16,docker
senior_software_engineer,Senior Software Engineer,web_development,ci_cd,CI/CD,advanced,medium,advanced,17,gcp
senior_software_engineer,Senior Software Engineer,web_development,aws,AWS,advanced,medium,advanced,18,ci_cd
senior_software_engineer__fe__react_react_native_,"Senior Software Engineer (FE, React/React Native)",web_development,javascript,JavaScript,fundamental,high,basic,1,
senior_software_engineer__fe__react_react_native_,"Senior Software Engineer (FE, React/React Native)",web_development,git,Git,fundamental,high,basic,2,javascript
senior_software_engineer__fe__react_react_native_,"Senior Software Engineer (FE, React/React Native)",web_development,css,CSS,fundamental,high,basic,3,git
senior_software_engineer__fe__react_react_native_,"Senior Software Engineer (FE, React/React Native)",web_development,typescript,TypeScript,core,medium,intermediate,4,css
senior_software_engineer__fe__react_react_native_,"Senior Software Engineer (FE, React/React Native)",web_development,react_native,React Native,core,medium,intermediate,5,typescript
senior_software_engineer__fe__react_react_native_,"Senior Software Engineer (FE, React/React Native)",web_development,graphql,GraphQL,core,medium,intermediate,6,react_native
senior_software_engineer__fe__react_react_native_,"Senior Software Engineer (FE, React/React Native)",web_development,tailwind_css,Tailwind CSS,core,medium,intermediate,7,graphql
senior_software_engineer__fe__react_react_native_,"Senior Software Engineer (FE, React/React Native)",web_development,react_js,React.js,core,medium,intermediate,8,tailwind_css
senior_software_engineer__fe__react_react_native_,"Senior Software Engineer (FE, React/React Native)",web_development,next_js,Next.js,core,medium,intermediate,9,react_js
senior_software_engineer__fe__react_react_native_,"Senior Software Engineer (FE, React/React Native)",web_development,ci_cd,CI/CD,advanced,medium,advanced,10,next_js
senior_software_engineer___technical_lead___cmms_platform,Senior Software Engineer / Technical Lead - CMMS Platform,devops,typescript,TypeScript,core,high,intermediate,1,
senior_software_engineer___technical_lead___cmms_platform,Senior Software Engineer / Technical Lead - CMMS Platform,devops,golang,Golang,core,high,intermediate,2,typescript
senior_software_engineer___technical_lead___cmms_platform,Senior Software Engineer / Technical Lead - CMMS Platform,devops,next_js,Next.js,core,high,intermediate,3,golang
senior_software_engineer___technical_lead___cmms_platform,Senior Software Engineer / Technical Lead - CMMS Platform,devops,azure,Azure,advanced,medium,advanced,4,next_js
senior_software_engineer___technical_lead___cmms_platform,Senior Software Engineer / Technical Lead - CMMS Platform,devops,gcp,GCP,advanced,medium,advanced,5,azure
senior_software_engineer___technical_lead___cmms_platform,Senior Software Engineer / Technical Lead - CMMS Platform,devops,aws,AWS,advanced,medium,advanced,6,gcp
senior_software_engineer___technical_lead___cmms_platform,Senior Software Engineer / Technical Lead - CMMS Platform,web_development,typescript,TypeScript,core,high,intermediate,1,
senior_software_engineer___technical_lead___cmms_platform,Senior Software Engineer / Technical Lead - CMMS Platform,web_development,golang,Golang,core,high,intermediate,2,typescript
senior_software_engineer___technical_lead___cmms_platform,Senior Software Engineer / Technical Lead - CMMS Platform,web_development,next_js,Next.js,core,high,intermediate,3,golang
senior_software_engineer___technical_lead___cmms_platform,Senior Software Engineer / Technical Lead - CMMS Platform,web_development,azure,Azure,advanced,medium,advanced,4,next_js
senior_software_engineer___technical_lead___cmms_platform,Senior Software Engineer / Technical Lead - CMMS Platform,web_development,gcp,GCP,advanced,medium,advanced,5,azure
senior_software_engineer___technical_lead___cmms_platform,Senior Software Engineer / Technical Lead - CMMS Platform,web_development,aws,AWS,advanced,medium,advanced,6,gcp
senior_software_engineer__backend,"Senior Software Engineer, Backend",devops,excel,Excel,fundamental,high,basic,1,
senior_software_engineer__backend,"Senior Software Engineer, Backend",devops,agile_scrum,Agile/Scrum,fundamental,high,basic,2,excel
senior_software_engineer__backend,"Senior Software Engineer, Backend",devops,sql,SQL,fundamental,high,basic,3,agile_scrum
senior_software_engineer__backend,"Senior Software Engineer, Backend",devops,typescript,TypeScript,core,medium,intermediate,4,sql
senior_software_engineer__backend,"Senior Software Engineer, Backend",devops,golang,Golang,core,medium,intermediate,5,typescript
senior_software_engineer__backend,"Senior Software Engineer, Backend",devops,kubernetes,Kubernetes,advanced,medium,advanced,6,golang
senior_software_engineer__backend,"Senior Software Engineer, Backend",web_development,java,Java,fundamental,high,basic,1,
senior_software_engineer__backend,"Senior Software Engineer, Backend",web_development,excel,Excel,fundamental,high,basic,2,java
senior_software_engineer__backend,"Senior Software Engineer, Backend",web_development,agile_scrum,Agile/Scrum,fundamental,high,basic,3,excel
senior_software_engineer__backend,"Senior Software Engineer, Backend",web_development,python,Python,fundamental,medium,basic,4,agile_scrum
senior_software_engineer__backend,"Senior Software Engineer, Backend",web_development,sql,SQL,fundamental,medium,basic,5,python
senior_software_engineer__backend,"Senior Software Engineer, Backend",web_development,git,Git,fundamental,medium,basic,6,sql
senior_software_engineer__backend,"Senior Software Engineer, Backend",web_development,typescript,TypeScript,core,medium,intermediate,7,git
senior_software_engineer__backend,"Senior Software Engineer, Backend",web_development,postgresql,PostgreSQL,core,medium,intermediate,8,typescript
senior_software_engineer__backend,"Senior Software Engineer, Backend",web_development,golang,Golang,core,medium,intermediate,9,postgresql
senior_software_engineer__backend,"Senior Software Engineer, Backend",web_development,mysql,MySQL,core,medium,intermediate,10,golang
senior_software_engineer__backend,"Senior Software Engineer, Backend",web_development,azure,Azure,advanced,medium,advanced,11,mysql
senior_software_engineer__backend,"Senior Software Engineer, Backend",web_development,kubernetes,Kubernetes,advanced,medium,advanced,12,azure
senior_software_engineer__backend,"Senior Software Engineer, Backend",web_development,microservices,Microservices,advanced,medium,advanced,13,kubernetes
senior_software_engineer__backend,"Senior Software Engineer, Backend",web_development,gcp,GCP,advanced,medium,advanced,14,microservices
senior_software_engineer__backend,"Senior Software Engineer, Backend",web_development,ci_cd,CI/CD,advanced,medium,advanced,15,gcp
senior_software_engineer__backend,"Senior Software Engineer, Backend",web_development,aws,AWS,advanced,medium,advanced,16,ci_cd
senior_software_engineering__ai_,Senior Software Engineering (AI),ai_ml,python,Python,fundamental,high,basic,1,
senior_software_engineering__ai_,Senior Software Engineering (AI),ai_ml,typescript,TypeScript,core,high,intermediate,2,python
senior_software_engineering__ai_,Senior Software Engineering (AI),ai_ml,scikit_learn,Scikit-Learn,core,high,intermediate,3,typescript
senior_software_engineering__ai_,Senior Software Engineering (AI),ai_ml,machine_learning,Machine Learning,core,medium,intermediate,4,scikit_learn
senior_software_engineering__ai_,Senior Software Engineering (AI),ai_ml,tensorflow,TensorFlow,advanced,medium,advanced,5,machine_learning
senior_software_engineering__ai_,Senior Software Engineering (AI),ai_ml,pytorch,PyTorch,advanced,medium,advanced,6,tensorflow
senior_system_engineer,Senior System Engineer,cyber_security,java,Java,fundamental,high,basic,1,
senior_system_engineer,Senior System Engineer,cyber_security,git,Git,fundamental,high,basic,2,java
senior_system_engineer,Senior System Engineer,cyber_security,typescript,TypeScript,core,high,intermediate,3,git
senior_system_engineer,Senior System Engineer,cyber_security,postgresql,PostgreSQL,core,medium,intermediate,4,typescript
senior_system_engineer,Senior System Engineer,cyber_security,spring_boot,Spring Boot,core,medium,intermediate,5,postgresql
senior_system_engineer,Senior System Engineer,cyber_security,kubernetes,Kubernetes,advanced,medium,advanced,6,spring_boot
senior_system_engineer,Senior System Engineer,cyber_security,microservices,Microservices,advanced,medium,advanced,7,kubernetes
senior_system_engineer,Senior System Engineer,cyber_security,docker,Docker,advanced,medium,advanced,8,microservices
senior_system_engineer,Senior System Engineer,cyber_security,linux,Linux,advanced,medium,advanced,9,docker
senior_system_engineer,Senior System Engineer,devops,java,Java,fundamental,high,basic,1,
senior_system_engineer,Senior System Engineer,devops,git,Git,fundamental,high,basic,2,java
senior_system_engineer,Senior System Engineer,devops,typescript,TypeScript,core,high,intermediate,3,git
senior_system_engineer,Senior System Engineer,devops,postgresql,PostgreSQL,core,medium,intermediate,4,typescript
senior_system_engineer,Senior System Engineer,devops,spring_boot,Spring Boot,core,medium,intermediate,5,postgresql
senior_system_engineer,Senior System Engineer,devops,kubernetes,Kubernetes,advanced,medium,advanced,6,spring_boot
senior_system_engineer,Senior System Engineer,devops,microservices,Microservices,advanced,medium,advanced,7,kubernetes
senior_system_engineer,Senior System Engineer,devops,docker,Docker,advanced,medium,advanced,8,microservices
senior_system_engineer,Senior System Engineer,devops,linux,Linux,advanced,medium,advanced,9,docker
senior_technical_account_manager_indonesia_,Senior Technical Account Manager（Indonesia）,devops,python,Python,fundamental,high,basic,1,
senior_technical_account_manager_indonesia_,Senior Technical Account Manager（Indonesia）,devops,typescript,TypeScript,core,high,intermediate,2,python
senior_technical_account_manager_indonesia_,Senior Technical Account Manager（Indonesia）,devops,golang,Golang,core,high,intermediate,3,typescript
senior_technical_account_manager_indonesia_,Senior Technical Account Manager（Indonesia）,devops,kubernetes,Kubernetes,advanced,medium,advanced,4,golang
senior_technical_account_manager_indonesia_,Senior Technical Account Manager（Indonesia）,devops,linux,Linux,advanced,medium,advanced,5,kubernetes
senior_ui_ux_designer,Senior UI/UX Designer,ui_ux,html,HTML,fundamental,high,basic,1,
senior_ui_ux_designer,Senior UI/UX Designer,ui_ux,javascript,JavaScript,fundamental,high,basic,2,html
senior_ui_ux_designer,Senior UI/UX Designer,ui_ux,wireframing,Wireframing,fundamental,high,basic,3,javascript
senior_ui_ux_designer,Senior UI/UX Designer,ui_ux,css,CSS,fundamental,medium,basic,4,wireframing
senior_ui_ux_designer,Senior UI/UX Designer,ui_ux,typescript,TypeScript,core,medium,intermediate,5,css
senior_ui_ux_designer,Senior UI/UX Designer,ui_ux,prototyping,Prototyping,core,medium,intermediate,6,typescript
senior_ui_ux_designer,Senior UI/UX Designer,ui_ux,ui_ux,UI/UX,core,medium,intermediate,7,prototyping
senior_ui_ux_designer,Senior UI/UX Designer,ui_ux,figma,Figma,core,medium,intermediate,8,ui_ux
senior_ui_ux_designer,Senior UI/UX Designer,ui_ux,machine_learning,Machine Learning,core,medium,intermediate,9,figma
senior_ui_ux_engineer,Senior UI/UX Engineer,ui_ux,wireframing,Wireframing,fundamental,high,basic,1,
senior_ui_ux_engineer,Senior UI/UX Engineer,ui_ux,css,CSS,fundamental,high,basic,2,wireframing
senior_ui_ux_engineer,Senior UI/UX Engineer,ui_ux,typescript,TypeScript,core,high,intermediate,3,css
senior_ui_ux_engineer,Senior UI/UX Engineer,ui_ux,ui_ux,UI/UX,core,medium,intermediate,4,typescript
senior_ui_ux_engineer,Senior UI/UX Engineer,ui_ux,prototyping,Prototyping,core,medium,intermediate,5,ui_ux
senior_ui_ux_engineer,Senior UI/UX Engineer,ui_ux,react_js,React.js,core,medium,intermediate,6,prototyping
senior_ui_ux_engineer,Senior UI/UX Engineer,ui_ux,figma,Figma,core,medium,intermediate,7,react_js
senior_ui_ux_engineer,Senior UI/UX Engineer,web_development,wireframing,Wireframing,fundamental,high,basic,1,
senior_ui_ux_engineer,Senior UI/UX Engineer,web_development,css,CSS,fundamental,high,basic,2,wireframing
senior_ui_ux_engineer,Senior UI/UX Engineer,web_development,typescript,TypeScript,core,high,intermediate,3,css
senior_ui_ux_engineer,Senior UI/UX Engineer,web_development,ui_ux,UI/UX,core,medium,intermediate,4,typescript
senior_ui_ux_engineer,Senior UI/UX Engineer,web_development,prototyping,Prototyping,core,medium,intermediate,5,ui_ux
senior_ui_ux_engineer,Senior UI/UX Engineer,web_development,react_js,React.js,core,medium,intermediate,6,prototyping
senior_ui_ux_engineer,Senior UI/UX Engineer,web_development,figma,Figma,core,medium,intermediate,7,react_js
senior_endpoint_security_engineer__trellix_,Senior endpoint security engineer (Trellix),cyber_security,excel,Excel,fundamental,high,basic,1,
senior_endpoint_security_engineer__trellix_,Senior endpoint security engineer (Trellix),cyber_security,typescript,TypeScript,core,high,intermediate,2,excel
senior_endpoint_security_engineer__trellix_,Senior endpoint security engineer (Trellix),cyber_security,cybersecurity,Cybersecurity,advanced,high,advanced,3,typescript
senior_endpoint_security_engineer__trellix_,Senior endpoint security engineer (Trellix),devops,excel,Excel,fundamental,high,basic,1,
senior_endpoint_security_engineer__trellix_,Senior endpoint security engineer (Trellix),devops,typescript,TypeScript,core,high,intermediate,2,excel
senior_endpoint_security_engineer__trellix_,Senior endpoint security engineer (Trellix),devops,cybersecurity,Cybersecurity,advanced,high,advanced,3,typescript
server_storage___backup_engineer,Server Storage & Backup Engineer,devops,node_js,Node.js,core,high,intermediate,1,
server_storage___backup_engineer,Server Storage & Backup Engineer,devops,linux,Linux,advanced,high,advanced,2,node_js
shopify_e_commerce_manager___developer,Shopify E-Commerce Manager / Developer,ui_ux,html,HTML,fundamental,high,basic,1,
shopify_e_commerce_manager___developer,Shopify E-Commerce Manager / Developer,ui_ux,css,CSS,fundamental,high,basic,2,html
shopify_e_commerce_manager___developer,Shopify E-Commerce Manager / Developer,ui_ux,machine_learning,Machine Learning,core,high,intermediate,3,css
shopify_e_commerce_manager___developer,Shopify E-Commerce Manager / Developer,ui_ux,typescript,TypeScript,core,medium,intermediate,4,machine_learning
sistem_analis,Sistem Analis,data_science,agile_scrum,Agile/Scrum,fundamental,high,basic,1,
sistem_analis,Sistem Analis,data_science,problem_solving,Problem Solving,fundamental,high,basic,2,agile_scrum
sistem_analis,Sistem Analis,data_science,sql,SQL,fundamental,high,basic,3,problem_solving
sistem_analis,Sistem Analis,data_science,rest_api,REST API,core,medium,intermediate,4,sql
sistem_analis,Sistem Analis,data_science,machine_learning,Machine Learning,core,medium,intermediate,5,rest_api
site_application__ot_development,Site Application& OT Development,data_science,sql,SQL,fundamental,high,basic,1,
site_application__ot_development,Site Application& OT Development,data_science,typescript,TypeScript,core,high,intermediate,2,sql
site_application__ot_development,Site Application& OT Development,data_science,cybersecurity,Cybersecurity,advanced,high,advanced,3,typescript
site_reliability_engineer,Site Reliability Engineer,devops,typescript,TypeScript,core,high,intermediate,1,
site_reliability_engineer,Site Reliability Engineer,devops,kubernetes,Kubernetes,advanced,high,advanced,2,typescript
site_reliability_engineer,Site Reliability Engineer,devops,docker,Docker,advanced,high,advanced,3,kubernetes
site_reliability_engineer,Site Reliability Engineer,devops,gcp,GCP,advanced,medium,advanced,4,docker
site_reliability_engineer,Site Reliability Engineer,devops,ci_cd,CI/CD,advanced,medium,advanced,5,gcp
site_reliability_engineer,Site Reliability Engineer,devops,linux,Linux,advanced,medium,advanced,6,ci_cd
site_reliability_engineer,Site Reliability Engineer,devops,aws,AWS,advanced,medium,advanced,7,linux
site_reliability_engineer_devops,Site Reliability Engineer DevOps,devops,python,Python,fundamental,high,basic,1,
site_reliability_engineer_devops,Site Reliability Engineer DevOps,devops,agile_scrum,Agile/Scrum,fundamental,high,basic,2,python
site_reliability_engineer_devops,Site Reliability Engineer DevOps,devops,sql,SQL,fundamental,high,basic,3,agile_scrum
site_reliability_engineer_devops,Site Reliability Engineer DevOps,devops,git,Git,fundamental,medium,basic,4,sql
site_reliability_engineer_devops,Site Reliability Engineer DevOps,devops,typescript,TypeScript,core,medium,intermediate,5,git
site_reliability_engineer_devops,Site Reliability Engineer DevOps,devops,azure,Azure,advanced,medium,advanced,6,typescript
site_reliability_engineer_devops,Site Reliability Engineer DevOps,devops,kubernetes,Kubernetes,advanced,medium,advanced,7,azure
site_reliability_engineer_devops,Site Reliability Engineer DevOps,devops,docker,Docker,advanced,medium,advanced,8,kubernetes
site_reliability_engineer_devops,Site Reliability Engineer DevOps,devops,gcp,GCP,advanced,medium,advanced,9,docker
site_reliability_engineer_devops,Site Reliability Engineer DevOps,devops,ci_cd,CI/CD,advanced,medium,advanced,10,gcp
site_reliability_engineer_devops,Site Reliability Engineer DevOps,devops,aws,AWS,advanced,medium,advanced,11,ci_cd
software_developer,Software Developer,devops,javascript,JavaScript,fundamental,high,basic,1,
software_developer,Software Developer,devops,sql,SQL,fundamental,high,basic,2,javascript
software_developer,Software Developer,devops,java,Java,fundamental,high,basic,3,sql
software_developer,Software Developer,devops,python,Python,fundamental,medium,basic,4,java
software_developer,Software Developer,devops,agile_scrum,Agile/Scrum,fundamental,medium,basic,5,python
software_developer,Software Developer,devops,git,Git,fundamental,medium,basic,6,agile_scrum
software_developer,Software Developer,devops,typescript,TypeScript,core,medium,intermediate,7,git
software_developer,Software Developer,devops,angular,Angular,core,medium,intermediate,8,typescript
software_developer,Software Developer,devops,spring_boot,Spring Boot,core,medium,intermediate,9,angular
software_developer,Software Developer,devops,node_js,Node.js,core,medium,intermediate,10,spring_boot
software_developer,Software Developer,devops,postgresql,PostgreSQL,core,medium,intermediate,11,node_js
software_developer,Software Developer,devops,rest_api,REST API,core,medium,intermediate,12,postgresql
software_developer,Software Developer,devops,mongodb,MongoDB,core,medium,intermediate,13,rest_api
software_developer,Software Developer,devops,next_js,Next.js,core,medium,intermediate,14,mongodb
software_developer,Software Developer,devops,docker,Docker,advanced,medium,advanced,15,next_js
software_developer,Software Developer,devops,aws,AWS,advanced,medium,advanced,16,docker
software_developer,Software Developer,devops,kubernetes,Kubernetes,advanced,medium,advanced,17,aws
software_developer,Software Developer,devops,microservices,Microservices,advanced,medium,advanced,18,kubernetes
software_developer,Software Developer,devops,ci_cd,CI/CD,advanced,medium,advanced,19,microservices
software_developer,Software Developer,web_development,javascript,JavaScript,fundamental,high,basic,1,
software_developer,Software Developer,web_development,sql,SQL,fundamental,high,basic,2,javascript
software_developer,Software Developer,web_development,html,HTML,fundamental,high,basic,3,sql
software_developer,Software Developer,web_development,java,Java,fundamental,medium,basic,4,html
software_developer,Software Developer,web_development,python,Python,fundamental,medium,basic,5,java
software_developer,Software Developer,web_development,problem_solving,Problem Solving,fundamental,medium,basic,6,python
software_developer,Software Developer,web_development,agile_scrum,Agile/Scrum,fundamental,medium,basic,7,problem_solving
software_developer,Software Developer,web_development,php,PHP,fundamental,medium,basic,8,agile_scrum
software_developer,Software Developer,web_development,git,Git,fundamental,medium,basic,9,php
software_developer,Software Developer,web_development,css,CSS,fundamental,medium,basic,10,git
software_developer,Software Developer,web_development,typescript,TypeScript,core,medium,intermediate,11,css
software_developer,Software Developer,web_development,ui_ux,UI/UX,core,medium,intermediate,12,typescript
software_developer,Software Developer,web_development,tailwind_css,Tailwind CSS,core,medium,intermediate,13,ui_ux
software_developer,Software Developer,web_development,machine_learning,Machine Learning,core,medium,intermediate,14,tailwind_css
software_developer,Software Developer,web_development,angular,Angular,core,medium,intermediate,15,machine_learning
software_developer,Software Developer,web_development,golang,Golang,core,medium,intermediate,16,angular
software_developer,Software Developer,web_development,mysql,MySQL,core,medium,intermediate,17,golang
software_developer,Software Developer,web_development,figma,Figma,core,medium,intermediate,18,mysql
software_developer,Software Developer,web_development,spring_boot,Spring Boot,core,medium,intermediate,19,figma
software_developer,Software Developer,web_development,react_native,React Native,core,medium,intermediate,20,spring_boot
software_developer,Software Developer,web_development,laravel,Laravel,core,medium,intermediate,21,react_native
software_developer,Software Developer,web_development,node_js,Node.js,core,medium,intermediate,22,laravel
software_developer,Software Developer,web_development,postgresql,PostgreSQL,core,medium,intermediate,23,node_js
software_developer,Software Developer,web_development,vue_js,Vue.js,core,medium,intermediate,24,postgresql
software_developer,Software Developer,web_development,bootstrap,Bootstrap,core,medium,intermediate,25,vue_js
software_developer,Software Developer,web_development,rest_api,REST API,core,medium,intermediate,26,bootstrap
software_developer,Software Developer,web_development,react_js,React.js,core,medium,intermediate,27,rest_api
software_developer,Software Developer,web_development,mongodb,MongoDB,core,medium,intermediate,28,react_js
software_developer,Software Developer,web_development,next_js,Next.js,core,medium,intermediate,29,mongodb
software_developer,Software Developer,web_development,docker,Docker,advanced,medium,advanced,30,next_js
software_developer,Software Developer,web_development,aws,AWS,advanced,medium,advanced,31,docker
software_developer,Software Developer,web_development,kubernetes,Kubernetes,advanced,medium,advanced,32,aws
software_developer,Software Developer,web_development,microservices,Microservices,advanced,medium,advanced,33,kubernetes
software_developer,Software Developer,web_development,ci_cd,CI/CD,advanced,medium,advanced,34,microservices
software_developer__project_base_,Software Developer (Project Base),devops,javascript,JavaScript,fundamental,high,basic,1,
software_developer__project_base_,Software Developer (Project Base),devops,git,Git,fundamental,high,basic,2,javascript
software_developer__project_base_,Software Developer (Project Base),devops,typescript,TypeScript,core,high,intermediate,3,git
software_developer__project_base_,Software Developer (Project Base),devops,power_bi,Power BI,core,medium,intermediate,4,typescript
software_developer__project_base_,Software Developer (Project Base),devops,next_js,Next.js,core,medium,intermediate,5,power_bi
software_developer__project_base_,Software Developer (Project Base),devops,docker,Docker,advanced,medium,advanced,6,next_js
software_developer__project_base_,Software Developer (Project Base),devops,aws,AWS,advanced,medium,advanced,7,docker
software_developer___frontend__indonesia_,Software Developer - Frontend (Indonesia),web_development,html,HTML,fundamental,high,basic,1,
software_developer___frontend__indonesia_,Software Developer - Frontend (Indonesia),web_development,javascript,JavaScript,fundamental,high,basic,2,html
software_developer___frontend__indonesia_,Software Developer - Frontend (Indonesia),web_development,java,Java,fundamental,high,basic,3,javascript
software_developer___frontend__indonesia_,Software Developer - Frontend (Indonesia),web_development,css,CSS,fundamental,medium,basic,4,java
software_developer___frontend__indonesia_,Software Developer - Frontend (Indonesia),web_development,typescript,TypeScript,core,medium,intermediate,5,css
software_developer___frontend__indonesia_,Software Developer - Frontend (Indonesia),web_development,figma,Figma,core,medium,intermediate,6,typescript
software_developer___frontend__indonesia_,Software Developer - Frontend (Indonesia),web_development,machine_learning,Machine Learning,core,medium,intermediate,7,figma
software_engineer,Software Engineer,devops,javascript,JavaScript,fundamental,high,basic,1,
software_engineer,Software Engineer,devops,php,PHP,fundamental,high,basic,2,javascript
software_engineer,Software Engineer,devops,typescript,TypeScript,core,high,intermediate,3,php
software_engineer,Software Engineer,devops,vue_js,Vue.js,core,medium,intermediate,4,typescript
software_engineer,Software Engineer,devops,laravel,Laravel,core,medium,intermediate,5,vue_js
software_engineer,Software Engineer,devops,node_js,Node.js,core,medium,intermediate,6,laravel
software_engineer,Software Engineer,devops,postgresql,PostgreSQL,core,medium,intermediate,7,node_js
software_engineer,Software Engineer,devops,rest_api,REST API,core,medium,intermediate,8,postgresql
software_engineer,Software Engineer,devops,docker,Docker,advanced,medium,advanced,9,rest_api
software_engineer,Software Engineer,devops,microservices,Microservices,advanced,medium,advanced,10,docker
software_engineer,Software Engineer,web_development,javascript,JavaScript,fundamental,high,basic,1,
software_engineer,Software Engineer,web_development,python,Python,fundamental,high,basic,2,javascript
software_engineer,Software Engineer,web_development,sql,SQL,fundamental,high,basic,3,python
software_engineer,Software Engineer,web_development,git,Git,fundamental,medium,basic,4,sql
software_engineer,Software Engineer,web_development,php,PHP,fundamental,medium,basic,5,git
software_engineer,Software Engineer,web_development,typescript,TypeScript,core,medium,intermediate,6,php
software_engineer,Software Engineer,web_development,vue_js,Vue.js,core,medium,intermediate,7,typescript
software_engineer,Software Engineer,web_development,laravel,Laravel,core,medium,intermediate,8,vue_js
software_engineer,Software Engineer,web_development,ui_ux,UI/UX,core,medium,intermediate,9,laravel
software_engineer,Software Engineer,web_development,node_js,Node.js,core,medium,intermediate,10,ui_ux
software_engineer,Software Engineer,web_development,postgresql,PostgreSQL,core,medium,intermediate,11,node_js
software_engineer,Software Engineer,web_development,rest_api,REST API,core,medium,intermediate,12,postgresql
software_engineer,Software Engineer,web_development,react_js,React.js,core,medium,intermediate,13,rest_api
software_engineer,Software Engineer,web_development,docker,Docker,advanced,medium,advanced,14,react_js
software_engineer,Software Engineer,web_development,microservices,Microservices,advanced,medium,advanced,15,docker
software_engineer,Software Engineer,web_development,gcp,GCP,advanced,medium,advanced,16,microservices
software_engineer,Software Engineer,web_development,aws,AWS,advanced,medium,advanced,17,gcp
software_engineer__backend_java_,Software Engineer (Backend Java),devops,java,Java,fundamental,high,basic,1,
software_engineer__backend_java_,Software Engineer (Backend Java),devops,agile_scrum,Agile/Scrum,fundamental,high,basic,2,java
software_engineer__backend_java_,Software Engineer (Backend Java),devops,sql,SQL,fundamental,high,basic,3,agile_scrum
software_engineer__backend_java_,Software Engineer (Backend Java),devops,git,Git,fundamental,medium,basic,4,sql
software_engineer__backend_java_,Software Engineer (Backend Java),devops,typescript,TypeScript,core,medium,intermediate,5,git
software_engineer__backend_java_,Software Engineer (Backend Java),devops,rest_api,REST API,core,medium,intermediate,6,typescript
software_engineer__backend_java_,Software Engineer (Backend Java),devops,spring_boot,Spring Boot,core,medium,intermediate,7,rest_api
software_engineer__backend_java_,Software Engineer (Backend Java),devops,azure,Azure,advanced,medium,advanced,8,spring_boot
software_engineer__backend_java_,Software Engineer (Backend Java),devops,kubernetes,Kubernetes,advanced,medium,advanced,9,azure
software_engineer__backend_java_,Software Engineer (Backend Java),devops,microservices,Microservices,advanced,medium,advanced,10,kubernetes
software_engineer__backend_java_,Software Engineer (Backend Java),devops,docker,Docker,advanced,medium,advanced,11,microservices
software_engineer__backend_java_,Software Engineer (Backend Java),devops,gcp,GCP,advanced,medium,advanced,12,docker
software_engineer__backend_java_,Software Engineer (Backend Java),devops,ci_cd,CI/CD,advanced,medium,advanced,13,gcp
software_engineer__backend_java_,Software Engineer (Backend Java),devops,aws,AWS,advanced,medium,advanced,14,ci_cd
software_engineer__backend_java_,Software Engineer (Backend Java),devops,data_modeling,Data Modeling,advanced,medium,advanced,15,aws
software_engineer__backend_java_,Software Engineer (Backend Java),web_development,java,Java,fundamental,high,basic,1,
software_engineer__backend_java_,Software Engineer (Backend Java),web_development,agile_scrum,Agile/Scrum,fundamental,high,basic,2,java
software_engineer__backend_java_,Software Engineer (Backend Java),web_development,sql,SQL,fundamental,high,basic,3,agile_scrum
software_engineer__backend_java_,Software Engineer (Backend Java),web_development,git,Git,fundamental,medium,basic,4,sql
software_engineer__backend_java_,Software Engineer (Backend Java),web_development,typescript,TypeScript,core,medium,intermediate,5,git
software_engineer__backend_java_,Software Engineer (Backend Java),web_development,rest_api,REST API,core,medium,intermediate,6,typescript
software_engineer__backend_java_,Software Engineer (Backend Java),web_development,spring_boot,Spring Boot,core,medium,intermediate,7,rest_api
software_engineer__backend_java_,Software Engineer (Backend Java),web_development,azure,Azure,advanced,medium,advanced,8,spring_boot
software_engineer__backend_java_,Software Engineer (Backend Java),web_development,kubernetes,Kubernetes,advanced,medium,advanced,9,azure
software_engineer__backend_java_,Software Engineer (Backend Java),web_development,microservices,Microservices,advanced,medium,advanced,10,kubernetes
software_engineer__backend_java_,Software Engineer (Backend Java),web_development,docker,Docker,advanced,medium,advanced,11,microservices
software_engineer__backend_java_,Software Engineer (Backend Java),web_development,gcp,GCP,advanced,medium,advanced,12,docker
software_engineer__backend_java_,Software Engineer (Backend Java),web_development,ci_cd,CI/CD,advanced,medium,advanced,13,gcp
software_engineer__backend_java_,Software Engineer (Backend Java),web_development,aws,AWS,advanced,medium,advanced,14,ci_cd
software_engineer__backend_java_,Software Engineer (Backend Java),web_development,data_modeling,Data Modeling,advanced,medium,advanced,15,aws
software_engineer__backend_,Software Engineer (Backend),web_development,agile_scrum,Agile/Scrum,fundamental,high,basic,1,
software_engineer__backend_,Software Engineer (Backend),web_development,git,Git,fundamental,high,basic,2,agile_scrum
software_engineer__backend_,Software Engineer (Backend),web_development,typescript,TypeScript,core,high,intermediate,3,git
software_engineer__backend_,Software Engineer (Backend),web_development,postgresql,PostgreSQL,core,medium,intermediate,4,typescript
software_engineer__backend_,Software Engineer (Backend),web_development,rest_api,REST API,core,medium,intermediate,5,postgresql
software_engineer__backend_,Software Engineer (Backend),web_development,golang,Golang,core,medium,intermediate,6,rest_api
software_engineer__backend_,Software Engineer (Backend),web_development,mysql,MySQL,core,medium,intermediate,7,golang
software_engineer__backend_,Software Engineer (Backend),web_development,mongodb,MongoDB,core,medium,intermediate,8,mysql
software_engineer__backend_,Software Engineer (Backend),web_development,docker,Docker,advanced,medium,advanced,9,mongodb
software_engineer__backend_,Software Engineer (Backend),web_development,ci_cd,CI/CD,advanced,medium,advanced,10,docker
software_engineer__japanese_speaker_,Software Engineer (Japanese Speaker),web_development,java,Java,fundamental,high,basic,1,
software_engineer__japanese_speaker_,Software Engineer (Japanese Speaker),web_development,excel,Excel,fundamental,high,basic,2,java
software_engineer__japanese_speaker_,Software Engineer (Japanese Speaker),web_development,sql,SQL,fundamental,high,basic,3,excel
software_engineer__japanese_speaker_,Software Engineer (Japanese Speaker),web_development,typescript,TypeScript,core,medium,intermediate,4,sql
software_engineer__japanese_speaker_,Software Engineer (Japanese Speaker),web_development,_net,.NET,core,medium,intermediate,5,typescript
software_engineer__japanese_speaker_,Software Engineer (Japanese Speaker),web_development,linux,Linux,advanced,medium,advanced,6,_net
software_engineer____backend,Software Engineer -  Backend,web_development,java,Java,fundamental,high,basic,1,
software_engineer____backend,Software Engineer -  Backend,web_development,javascript,JavaScript,fundamental,high,basic,2,java
software_engineer____backend,Software Engineer -  Backend,web_development,python,Python,fundamental,high,basic,3,javascript
software_engineer____backend,Software Engineer -  Backend,web_development,r,R,fundamental,medium,basic,4,python
software_engineer____backend,Software Engineer -  Backend,web_development,typescript,TypeScript,core,medium,intermediate,5,r
software_engineer____backend,Software Engineer -  Backend,web_development,machine_learning,Machine Learning,core,medium,intermediate,6,typescript
software_engineer____backend,Software Engineer -  Backend,web_development,tensorflow,TensorFlow,advanced,medium,advanced,7,machine_learning
software_engineer____backend,Software Engineer -  Backend,web_development,linux,Linux,advanced,medium,advanced,8,tensorflow
software_engineer____backend,Software Engineer -  Backend,web_development,pytorch,PyTorch,advanced,medium,advanced,9,linux
software_engineer_internship,Software Engineer Internship,ai_ml,javascript,JavaScript,fundamental,high,basic,1,
software_engineer_internship,Software Engineer Internship,ai_ml,sql,SQL,fundamental,high,basic,2,javascript
software_engineer_internship,Software Engineer Internship,ai_ml,git,Git,fundamental,high,basic,3,sql
software_engineer_internship,Software Engineer Internship,ai_ml,css,CSS,fundamental,medium,basic,4,git
software_engineer_internship,Software Engineer Internship,ai_ml,typescript,TypeScript,core,medium,intermediate,5,css
software_engineer_internship,Software Engineer Internship,ai_ml,tailwind_css,Tailwind CSS,core,medium,intermediate,6,typescript
software_engineer_internship,Software Engineer Internship,ai_ml,postgresql,PostgreSQL,core,medium,intermediate,7,tailwind_css
software_engineer_internship,Software Engineer Internship,ai_ml,rest_api,REST API,core,medium,intermediate,8,postgresql
software_engineer_internship,Software Engineer Internship,ai_ml,react_js,React.js,core,medium,intermediate,9,rest_api
software_engineer_internship,Software Engineer Internship,ai_ml,fastapi,FastAPI,core,medium,intermediate,10,react_js
software_engineer_internship,Software Engineer Internship,ai_ml,golang,Golang,core,medium,intermediate,11,fastapi
software_engineer_internship,Software Engineer Internship,ai_ml,machine_learning,Machine Learning,core,medium,intermediate,12,golang
software_engineer_internship,Software Engineer Internship,ai_ml,next_js,Next.js,core,medium,intermediate,13,machine_learning
software_engineer_in_test___insurance,Software Engineer in Test - Insurance,devops,java,Java,fundamental,high,basic,1,
software_engineer_in_test___insurance,Software Engineer in Test - Insurance,devops,javascript,JavaScript,fundamental,high,basic,2,java
software_engineer_in_test___insurance,Software Engineer in Test - Insurance,devops,excel,Excel,fundamental,high,basic,3,javascript
software_engineer_in_test___insurance,Software Engineer in Test - Insurance,devops,git,Git,fundamental,medium,basic,4,excel
software_engineer_in_test___insurance,Software Engineer in Test - Insurance,devops,typescript,TypeScript,core,medium,intermediate,5,git
software_engineer_in_test___insurance,Software Engineer in Test - Insurance,devops,node_js,Node.js,core,medium,intermediate,6,typescript
software_engineer_in_test___insurance,Software Engineer in Test - Insurance,devops,postgresql,PostgreSQL,core,medium,intermediate,7,node_js
software_engineer_in_test___insurance,Software Engineer in Test - Insurance,devops,golang,Golang,core,medium,intermediate,8,postgresql
software_engineer_in_test___insurance,Software Engineer in Test - Insurance,devops,mysql,MySQL,core,medium,intermediate,9,golang
software_engineer_in_test___insurance,Software Engineer in Test - Insurance,devops,microservices,Microservices,advanced,medium,advanced,10,mysql
software_engineer_in_test___insurance,Software Engineer in Test - Insurance,web_development,java,Java,fundamental,high,basic,1,
software_engineer_in_test___insurance,Software Engineer in Test - Insurance,web_development,javascript,JavaScript,fundamental,high,basic,2,java
software_engineer_in_test___insurance,Software Engineer in Test - Insurance,web_development,excel,Excel,fundamental,high,basic,3,javascript
software_engineer_in_test___insurance,Software Engineer in Test - Insurance,web_development,git,Git,fundamental,medium,basic,4,excel
software_engineer_in_test___insurance,Software Engineer in Test - Insurance,web_development,typescript,TypeScript,core,medium,intermediate,5,git
software_engineer_in_test___insurance,Software Engineer in Test - Insurance,web_development,node_js,Node.js,core,medium,intermediate,6,typescript
software_engineer_in_test___insurance,Software Engineer in Test - Insurance,web_development,postgresql,PostgreSQL,core,medium,intermediate,7,node_js
software_engineer_in_test___insurance,Software Engineer in Test - Insurance,web_development,golang,Golang,core,medium,intermediate,8,postgresql
software_engineer_in_test___insurance,Software Engineer in Test - Insurance,web_development,mysql,MySQL,core,medium,intermediate,9,golang
software_engineer_in_test___insurance,Software Engineer in Test - Insurance,web_development,microservices,Microservices,advanced,medium,advanced,10,mysql
software_engineer__backend,"Software Engineer, Backend",web_development,java,Java,fundamental,high,basic,1,
software_engineer__backend,"Software Engineer, Backend",web_development,excel,Excel,fundamental,high,basic,2,java
software_engineer__backend,"Software Engineer, Backend",web_development,git,Git,fundamental,high,basic,3,excel
software_engineer__backend,"Software Engineer, Backend",web_development,typescript,TypeScript,core,medium,intermediate,4,git
software_engineer__backend,"Software Engineer, Backend",web_development,postgresql,PostgreSQL,core,medium,intermediate,5,typescript
software_engineer__backend,"Software Engineer, Backend",web_development,golang,Golang,core,medium,intermediate,6,postgresql
software_engineer__backend,"Software Engineer, Backend",web_development,mysql,MySQL,core,medium,intermediate,7,golang
software_integration_analyst,Software Integration Analyst,data_science,java,Java,fundamental,high,basic,1,
software_integration_analyst,Software Integration Analyst,data_science,typescript,TypeScript,core,high,intermediate,2,java
solution_architect,Solution Architect,devops,java,Java,fundamental,high,basic,1,
solution_architect,Solution Architect,devops,javascript,JavaScript,fundamental,high,basic,2,java
solution_architect,Solution Architect,devops,excel,Excel,fundamental,high,basic,3,javascript
solution_architect,Solution Architect,devops,typescript,TypeScript,core,medium,intermediate,4,excel
solution_architect,Solution Architect,devops,azure,Azure,advanced,medium,advanced,5,typescript
solution_architect,Solution Architect,devops,kubernetes,Kubernetes,advanced,medium,advanced,6,azure
solution_architect,Solution Architect,devops,gcp,GCP,advanced,medium,advanced,7,kubernetes
solution_architect,Solution Architect,devops,ci_cd,CI/CD,advanced,medium,advanced,8,gcp
solution_architect,Solution Architect,devops,aws,AWS,advanced,medium,advanced,9,ci_cd
specialist_ai_data_governance,Specialist AI Data Governance,cyber_security,excel,Excel,fundamental,high,basic,1,
specialist_ai_data_governance,Specialist AI Data Governance,cyber_security,machine_learning,Machine Learning,core,high,intermediate,2,excel
specialist_ai_data_governance,Specialist AI Data Governance,cyber_security,typescript,TypeScript,core,high,intermediate,3,machine_learning
specialist_ai_data_governance,Specialist AI Data Governance,data_science,excel,Excel,fundamental,high,basic,1,
specialist_ai_data_governance,Specialist AI Data Governance,data_science,machine_learning,Machine Learning,core,high,intermediate,2,excel
specialist_ai_data_governance,Specialist AI Data Governance,data_science,typescript,TypeScript,core,high,intermediate,3,machine_learning
sport_product_designer,Sport Product Designer,ui_ux,agile_scrum,Agile/Scrum,fundamental,high,basic,1,
sport_product_designer,Sport Product Designer,ui_ux,typescript,TypeScript,core,high,intermediate,2,agile_scrum
sr__frontend_developer__web___native_uis_,Sr. Frontend Developer (Web + Native UIs),ui_ux,html,HTML,fundamental,high,basic,1,
sr__frontend_developer__web___native_uis_,Sr. Frontend Developer (Web + Native UIs),ui_ux,javascript,JavaScript,fundamental,high,basic,2,html
sr__frontend_developer__web___native_uis_,Sr. Frontend Developer (Web + Native UIs),ui_ux,excel,Excel,fundamental,high,basic,3,javascript
sr__frontend_developer__web___native_uis_,Sr. Frontend Developer (Web + Native UIs),ui_ux,java,Java,fundamental,medium,basic,4,excel
sr__frontend_developer__web___native_uis_,Sr. Frontend Developer (Web + Native UIs),ui_ux,git,Git,fundamental,medium,basic,5,java
sr__frontend_developer__web___native_uis_,Sr. Frontend Developer (Web + Native UIs),ui_ux,css,CSS,fundamental,medium,basic,6,git
sr__frontend_developer__web___native_uis_,Sr. Frontend Developer (Web + Native UIs),ui_ux,wireframing,Wireframing,fundamental,medium,basic,7,css
sr__frontend_developer__web___native_uis_,Sr. Frontend Developer (Web + Native UIs),ui_ux,typescript,TypeScript,core,medium,intermediate,8,wireframing
sr__frontend_developer__web___native_uis_,Sr. Frontend Developer (Web + Native UIs),ui_ux,vue_js,Vue.js,core,medium,intermediate,9,typescript
sr__frontend_developer__web___native_uis_,Sr. Frontend Developer (Web + Native UIs),ui_ux,tailwind_css,Tailwind CSS,core,medium,intermediate,10,vue_js
sr__frontend_developer__web___native_uis_,Sr. Frontend Developer (Web + Native UIs),ui_ux,ui_ux,UI/UX,core,medium,intermediate,11,tailwind_css
sr__frontend_developer__web___native_uis_,Sr. Frontend Developer (Web + Native UIs),ui_ux,bootstrap,Bootstrap,core,medium,intermediate,12,ui_ux
sr__frontend_developer__web___native_uis_,Sr. Frontend Developer (Web + Native UIs),ui_ux,rest_api,REST API,core,medium,intermediate,13,bootstrap
sr__frontend_developer__web___native_uis_,Sr. Frontend Developer (Web + Native UIs),ui_ux,react_js,React.js,core,medium,intermediate,14,rest_api
sr__frontend_developer__web___native_uis_,Sr. Frontend Developer (Web + Native UIs),ui_ux,docker,Docker,advanced,medium,advanced,15,react_js
sr__frontend_developer__web___native_uis_,Sr. Frontend Developer (Web + Native UIs),ui_ux,kubernetes,Kubernetes,advanced,medium,advanced,16,docker
sr__frontend_developer__web___native_uis_,Sr. Frontend Developer (Web + Native UIs),web_development,html,HTML,fundamental,high,basic,1,
sr__frontend_developer__web___native_uis_,Sr. Frontend Developer (Web + Native UIs),web_development,javascript,JavaScript,fundamental,high,basic,2,html
sr__frontend_developer__web___native_uis_,Sr. Frontend Developer (Web + Native UIs),web_development,excel,Excel,fundamental,high,basic,3,javascript
sr__frontend_developer__web___native_uis_,Sr. Frontend Developer (Web + Native UIs),web_development,java,Java,fundamental,medium,basic,4,excel
sr__frontend_developer__web___native_uis_,Sr. Frontend Developer (Web + Native UIs),web_development,git,Git,fundamental,medium,basic,5,java
sr__frontend_developer__web___native_uis_,Sr. Frontend Developer (Web + Native UIs),web_development,css,CSS,fundamental,medium,basic,6,git
sr__frontend_developer__web___native_uis_,Sr. Frontend Developer (Web + Native UIs),web_development,wireframing,Wireframing,fundamental,medium,basic,7,css
sr__frontend_developer__web___native_uis_,Sr. Frontend Developer (Web + Native UIs),web_development,typescript,TypeScript,core,medium,intermediate,8,wireframing
sr__frontend_developer__web___native_uis_,Sr. Frontend Developer (Web + Native UIs),web_development,vue_js,Vue.js,core,medium,intermediate,9,typescript
sr__frontend_developer__web___native_uis_,Sr. Frontend Developer (Web + Native UIs),web_development,tailwind_css,Tailwind CSS,core,medium,intermediate,10,vue_js
sr__frontend_developer__web___native_uis_,Sr. Frontend Developer (Web + Native UIs),web_development,ui_ux,UI/UX,core,medium,intermediate,11,tailwind_css
sr__frontend_developer__web___native_uis_,Sr. Frontend Developer (Web + Native UIs),web_development,bootstrap,Bootstrap,core,medium,intermediate,12,ui_ux
sr__frontend_developer__web___native_uis_,Sr. Frontend Developer (Web + Native UIs),web_development,rest_api,REST API,core,medium,intermediate,13,bootstrap
sr__frontend_developer__web___native_uis_,Sr. Frontend Developer (Web + Native UIs),web_development,react_js,React.js,core,medium,intermediate,14,rest_api
sr__frontend_developer__web___native_uis_,Sr. Frontend Developer (Web + Native UIs),web_development,docker,Docker,advanced,medium,advanced,15,react_js
sr__frontend_developer__web___native_uis_,Sr. Frontend Developer (Web + Native UIs),web_development,kubernetes,Kubernetes,advanced,medium,advanced,16,docker
staff___principal_product_designer,Staff / Principal Product Designer,ui_ux,typescript,TypeScript,core,high,intermediate,1,
staff___principal_product_designer,Staff / Principal Product Designer,ui_ux,prototyping,Prototyping,core,high,intermediate,2,typescript
staff___principal_product_designer,Staff / Principal Product Designer,ui_ux,golang,Golang,core,high,intermediate,3,prototyping
staff_ai_operation_engineer,Staff AI Operation Engineer,ai_ml,python,Python,fundamental,high,basic,1,
staff_ai_operation_engineer,Staff AI Operation Engineer,ai_ml,excel,Excel,fundamental,high,basic,2,python
staff_ai_operation_engineer,Staff AI Operation Engineer,ai_ml,sql,SQL,fundamental,high,basic,3,excel
staff_ai_operation_engineer,Staff AI Operation Engineer,ai_ml,typescript,TypeScript,core,medium,intermediate,4,sql
staff_ai_operation_engineer,Staff AI Operation Engineer,ai_ml,rest_api,REST API,core,medium,intermediate,5,typescript
staff_ai_operation_engineer,Staff AI Operation Engineer,ai_ml,machine_learning,Machine Learning,core,medium,intermediate,6,rest_api
staff_ai_operation_engineer,Staff AI Operation Engineer,data_science,python,Python,fundamental,high,basic,1,
staff_ai_operation_engineer,Staff AI Operation Engineer,data_science,excel,Excel,fundamental,high,basic,2,python
staff_ai_operation_engineer,Staff AI Operation Engineer,data_science,sql,SQL,fundamental,high,basic,3,excel
staff_ai_operation_engineer,Staff AI Operation Engineer,data_science,typescript,TypeScript,core,medium,intermediate,4,sql
staff_ai_operation_engineer,Staff AI Operation Engineer,data_science,rest_api,REST API,core,medium,intermediate,5,typescript
staff_ai_operation_engineer,Staff AI Operation Engineer,data_science,machine_learning,Machine Learning,core,medium,intermediate,6,rest_api
staff_backend_interface_development___r_d_jakarta,Staff Backend/Interface Development - R&D Jakarta,web_development,python,Python,fundamental,high,basic,1,
staff_backend_interface_development___r_d_jakarta,Staff Backend/Interface Development - R&D Jakarta,web_development,sql,SQL,fundamental,high,basic,2,python
staff_backend_interface_development___r_d_jakarta,Staff Backend/Interface Development - R&D Jakarta,web_development,git,Git,fundamental,high,basic,3,sql
staff_backend_interface_development___r_d_jakarta,Staff Backend/Interface Development - R&D Jakarta,web_development,typescript,TypeScript,core,medium,intermediate,4,git
staff_backend_interface_development___r_d_jakarta,Staff Backend/Interface Development - R&D Jakarta,web_development,_net,.NET,core,medium,intermediate,5,typescript
staff_backend_interface_development___r_d_jakarta,Staff Backend/Interface Development - R&D Jakarta,web_development,rest_api,REST API,core,medium,intermediate,6,_net
staff_data_analyst,Staff Data Analyst,ai_ml,excel,Excel,fundamental,high,basic,1,
staff_data_analyst,Staff Data Analyst,ai_ml,tableau,Tableau,core,high,intermediate,2,excel
staff_data_analyst,Staff Data Analyst,ai_ml,power_bi,Power BI,core,high,intermediate,3,tableau
staff_data_analyst,Staff Data Analyst,data_science,excel,Excel,fundamental,high,basic,1,
staff_data_analyst,Staff Data Analyst,data_science,tableau,Tableau,core,high,intermediate,2,excel
staff_data_analyst,Staff Data Analyst,data_science,power_bi,Power BI,core,high,intermediate,3,tableau
staff_data_engineer__managerial_level_,Staff Data Engineer (Managerial Level),ai_ml,python,Python,fundamental,high,basic,1,
staff_data_engineer__managerial_level_,Staff Data Engineer (Managerial Level),ai_ml,sql,SQL,fundamental,high,basic,2,python
staff_data_engineer__managerial_level_,Staff Data Engineer (Managerial Level),ai_ml,typescript,TypeScript,core,high,intermediate,3,sql
staff_data_engineer__managerial_level_,Staff Data Engineer (Managerial Level),ai_ml,rest_api,REST API,core,medium,intermediate,4,typescript
staff_data_engineer__managerial_level_,Staff Data Engineer (Managerial Level),ai_ml,fastapi,FastAPI,core,medium,intermediate,5,rest_api
staff_data_engineer__managerial_level_,Staff Data Engineer (Managerial Level),ai_ml,machine_learning,Machine Learning,core,medium,intermediate,6,fastapi
staff_data_engineer__managerial_level_,Staff Data Engineer (Managerial Level),ai_ml,etl,ETL,advanced,medium,advanced,7,machine_learning
staff_data_engineer__managerial_level_,Staff Data Engineer (Managerial Level),ai_ml,gcp,GCP,advanced,medium,advanced,8,etl
staff_data_engineer__managerial_level_,Staff Data Engineer (Managerial Level),ai_ml,spark,Spark,advanced,medium,advanced,9,gcp
staff_data_engineer__managerial_level_,Staff Data Engineer (Managerial Level),ai_ml,bigquery,BigQuery,advanced,medium,advanced,10,spark
staff_it,Staff IT,web_development,javascript,JavaScript,fundamental,high,basic,1,
staff_it,Staff IT,web_development,git,Git,fundamental,high,basic,2,javascript
staff_it,Staff IT,web_development,php,PHP,fundamental,high,basic,3,git
staff_it,Staff IT,web_development,postgresql,PostgreSQL,core,medium,intermediate,4,php
staff_it,Staff IT,web_development,rest_api,REST API,core,medium,intermediate,5,postgresql
staff_it_developer,Staff IT Developer,web_development,problem_solving,Problem Solving,fundamental,high,basic,1,
staff_it_developer,Staff IT Developer,web_development,sql,SQL,fundamental,high,basic,2,problem_solving
staff_it_developer,Staff IT Developer,web_development,git,Git,fundamental,high,basic,3,sql
staff_it_developer,Staff IT Developer,web_development,php,PHP,fundamental,medium,basic,4,git
staff_it_developer,Staff IT Developer,web_development,laravel,Laravel,core,medium,intermediate,5,php
staff_it_developer,Staff IT Developer,web_development,_net,.NET,core,medium,intermediate,6,laravel
staff_it_developer,Staff IT Developer,web_development,rest_api,REST API,core,medium,intermediate,7,_net
staff_it_developer,Staff IT Developer,web_development,mysql,MySQL,core,medium,intermediate,8,rest_api
staff_it_security___grc__governance__risk__and_compliance_,"Staff IT Security & GRC (Governance, Risk, and Compliance)",cyber_security,cybersecurity,Cybersecurity,advanced,high,advanced,1,
staff_it_security___grc__governance__risk__and_compliance_,"Staff IT Security & GRC (Governance, Risk, and Compliance)",cyber_security,linux,Linux,advanced,high,advanced,2,cybersecurity
staff_it_ui_ux,Staff IT UI/UX,ui_ux,html,HTML,fundamental,high,basic,1,
staff_it_ui_ux,Staff IT UI/UX,ui_ux,wireframing,Wireframing,fundamental,high,basic,2,html
staff_it_ui_ux,Staff IT UI/UX,ui_ux,css,CSS,fundamental,high,basic,3,wireframing
staff_it_ui_ux,Staff IT UI/UX,ui_ux,ui_ux,UI/UX,core,medium,intermediate,4,css
staff_it_ui_ux,Staff IT UI/UX,ui_ux,prototyping,Prototyping,core,medium,intermediate,5,ui_ux
staff_it_ui_ux,Staff IT UI/UX,ui_ux,rest_api,REST API,core,medium,intermediate,6,prototyping
staff_it_ui_ux,Staff IT UI/UX,ui_ux,figma,Figma,core,medium,intermediate,7,rest_api
staff_it_ui_ux,Staff IT UI/UX,ui_ux,machine_learning,Machine Learning,core,medium,intermediate,8,figma
staff_it___programmer__surabaya_,Staff IT — Programmer (Surabaya),web_development,javascript,JavaScript,fundamental,high,basic,1,
staff_it___programmer__surabaya_,Staff IT — Programmer (Surabaya),web_development,git,Git,fundamental,high,basic,2,javascript
staff_it___programmer__surabaya_,Staff IT — Programmer (Surabaya),web_development,php,PHP,fundamental,high,basic,3,git
staff_it___programmer__surabaya_,Staff IT — Programmer (Surabaya),web_development,laravel,Laravel,core,medium,intermediate,4,php
staff_it___programmer__surabaya_,Staff IT — Programmer (Surabaya),web_development,react_js,React.js,core,medium,intermediate,5,laravel
staff_it___programmer__surabaya_,Staff IT — Programmer (Surabaya),web_development,mysql,MySQL,core,medium,intermediate,6,react_js
staff_it___programmer__surabaya_,Staff IT — Programmer (Surabaya),web_development,linux,Linux,advanced,medium,advanced,7,mysql
staff_sistem_administration__it_security___networking,"Staff Sistem Administration, IT Security & Networking",cyber_security,r,R,fundamental,high,basic,1,
staff_sistem_administration__it_security___networking,"Staff Sistem Administration, IT Security & Networking",cyber_security,postgresql,PostgreSQL,core,high,intermediate,2,r
staff_sistem_administration__it_security___networking,"Staff Sistem Administration, IT Security & Networking",cyber_security,mysql,MySQL,core,high,intermediate,3,postgresql
staff_sistem_administration__it_security___networking,"Staff Sistem Administration, IT Security & Networking",cyber_security,linux,Linux,advanced,medium,advanced,4,mysql
strategic_planning___management_system,Strategic Planning & Management System,data_science,excel,Excel,fundamental,high,basic,1,
strategic_planning___management_system,Strategic Planning & Management System,data_science,typescript,TypeScript,core,high,intermediate,2,excel
strategic_planning_officer,Strategic Planning Officer,data_science,excel,Excel,fundamental,high,basic,1,
strategic_planning_officer,Strategic Planning Officer,data_science,typescript,TypeScript,core,high,intermediate,2,excel
supervisor_data_analyst,Supervisor Data Analyst,ai_ml,sql,SQL,fundamental,high,basic,1,
supervisor_data_analyst,Supervisor Data Analyst,ai_ml,problem_solving,Problem Solving,fundamental,high,basic,2,sql
supervisor_data_analyst,Supervisor Data Analyst,ai_ml,power_bi,Power BI,core,high,intermediate,3,problem_solving
supervisor_data_analyst,Supervisor Data Analyst,data_science,sql,SQL,fundamental,high,basic,1,
supervisor_data_analyst,Supervisor Data Analyst,data_science,problem_solving,Problem Solving,fundamental,high,basic,2,sql
supervisor_data_analyst,Supervisor Data Analyst,data_science,power_bi,Power BI,core,high,intermediate,3,problem_solving
system_administrator,System Administrator,cyber_security,typescript,TypeScript,core,high,intermediate,1,
system_administrator,System Administrator,cyber_security,azure,Azure,advanced,high,advanced,2,typescript
system_administrator,System Administrator,cyber_security,linux,Linux,advanced,high,advanced,3,azure
system_administrator,System Administrator,devops,java,Java,fundamental,high,basic,1,
system_administrator,System Administrator,devops,excel,Excel,fundamental,high,basic,2,java
system_administrator,System Administrator,devops,typescript,TypeScript,core,high,intermediate,3,excel
system_administrator,System Administrator,devops,node_js,Node.js,core,medium,intermediate,4,typescript
system_administrator,System Administrator,devops,azure,Azure,advanced,medium,advanced,5,node_js
system_administrator,System Administrator,devops,linux,Linux,advanced,medium,advanced,6,azure
system_analyst,System Analyst,ui_ux,ui_ux,UI/UX,core,high,intermediate,1,
system_analyst,System Analyst,ui_ux,rest_api,REST API,core,high,intermediate,2,ui_ux
system_architect,System Architect,devops,excel,Excel,fundamental,high,basic,1,
system_architect,System Architect,devops,agile_scrum,Agile/Scrum,fundamental,high,basic,2,excel
system_architect,System Architect,devops,r,R,fundamental,high,basic,3,agile_scrum
system_architect,System Architect,devops,git,Git,fundamental,medium,basic,4,r
system_architect,System Architect,devops,typescript,TypeScript,core,medium,intermediate,5,git
system_architect,System Architect,devops,angular,Angular,core,medium,intermediate,6,typescript
system_architect,System Architect,devops,react_js,React.js,core,medium,intermediate,7,angular
system_architect,System Architect,devops,spring_boot,Spring Boot,core,medium,intermediate,8,react_js
system_architect,System Architect,devops,ci_cd,CI/CD,advanced,medium,advanced,9,spring_boot
system_architect,System Architect,devops,aws,AWS,advanced,medium,advanced,10,ci_cd
system_automation___assurance,System Automation & Assurance,ai_ml,machine_learning,Machine Learning,core,high,intermediate,1,
system_automation___assurance,System Automation & Assurance,ai_ml,typescript,TypeScript,core,high,intermediate,2,machine_learning
system_development___data_analyst_staff,System Development & Data Analyst Staff,data_science,python,Python,fundamental,high,basic,1,
system_development___data_analyst_staff,System Development & Data Analyst Staff,data_science,excel,Excel,fundamental,high,basic,2,python
system_development___data_analyst_staff,System Development & Data Analyst Staff,data_science,sql,SQL,fundamental,high,basic,3,excel
system_development___data_analyst_staff,System Development & Data Analyst Staff,data_science,php,PHP,fundamental,medium,basic,4,sql
system_development___data_analyst_staff,System Development & Data Analyst Staff,data_science,typescript,TypeScript,core,medium,intermediate,5,php
system_development___data_analyst_staff,System Development & Data Analyst Staff,data_science,laravel,Laravel,core,medium,intermediate,6,typescript
system_engineer,System Engineer,cyber_security,java,Java,fundamental,high,basic,1,
system_engineer,System Engineer,cyber_security,git,Git,fundamental,high,basic,2,java
system_engineer,System Engineer,cyber_security,typescript,TypeScript,core,high,intermediate,3,git
system_engineer,System Engineer,cyber_security,postgresql,PostgreSQL,core,medium,intermediate,4,typescript
system_engineer,System Engineer,cyber_security,spring_boot,Spring Boot,core,medium,intermediate,5,postgresql
system_engineer,System Engineer,cyber_security,kubernetes,Kubernetes,advanced,medium,advanced,6,spring_boot
system_engineer,System Engineer,cyber_security,microservices,Microservices,advanced,medium,advanced,7,kubernetes
system_engineer,System Engineer,cyber_security,docker,Docker,advanced,medium,advanced,8,microservices
system_engineer,System Engineer,cyber_security,linux,Linux,advanced,medium,advanced,9,docker
system_engineer,System Engineer,devops,java,Java,fundamental,high,basic,1,
system_engineer,System Engineer,devops,git,Git,fundamental,high,basic,2,java
system_engineer,System Engineer,devops,typescript,TypeScript,core,high,intermediate,3,git
system_engineer,System Engineer,devops,postgresql,PostgreSQL,core,medium,intermediate,4,typescript
system_engineer,System Engineer,devops,spring_boot,Spring Boot,core,medium,intermediate,5,postgresql
system_engineer,System Engineer,devops,kubernetes,Kubernetes,advanced,medium,advanced,6,spring_boot
system_engineer,System Engineer,devops,microservices,Microservices,advanced,medium,advanced,7,kubernetes
system_engineer,System Engineer,devops,docker,Docker,advanced,medium,advanced,8,microservices
system_engineer,System Engineer,devops,linux,Linux,advanced,medium,advanced,9,docker
system_engineer___linux,System Engineer - Linux,devops,typescript,TypeScript,core,high,intermediate,1,
system_engineer___linux,System Engineer - Linux,devops,azure,Azure,advanced,high,advanced,2,typescript
system_engineer___linux,System Engineer - Linux,devops,linux,Linux,advanced,high,advanced,3,azure
system_engineer___linux,System Engineer - Linux,devops,aws,AWS,advanced,medium,advanced,4,linux
team_lead_application_developer,Team Lead Application Developer,devops,agile_scrum,Agile/Scrum,fundamental,high,basic,1,
team_lead_application_developer,Team Lead Application Developer,devops,problem_solving,Problem Solving,fundamental,high,basic,2,agile_scrum
team_lead_application_developer,Team Lead Application Developer,devops,git,Git,fundamental,high,basic,3,problem_solving
team_lead_application_developer,Team Lead Application Developer,devops,ui_ux,UI/UX,core,medium,intermediate,4,git
team_lead_application_developer,Team Lead Application Developer,devops,rest_api,REST API,core,medium,intermediate,5,ui_ux
team_lead_application_developer,Team Lead Application Developer,devops,microservices,Microservices,advanced,medium,advanced,6,rest_api
team_lead_application_developer,Team Lead Application Developer,devops,docker,Docker,advanced,medium,advanced,7,microservices
team_lead_application_developer,Team Lead Application Developer,devops,ci_cd,CI/CD,advanced,medium,advanced,8,docker
team_lead_application_developer,Team Lead Application Developer,web_development,agile_scrum,Agile/Scrum,fundamental,high,basic,1,
team_lead_application_developer,Team Lead Application Developer,web_development,problem_solving,Problem Solving,fundamental,high,basic,2,agile_scrum
team_lead_application_developer,Team Lead Application Developer,web_development,git,Git,fundamental,high,basic,3,problem_solving
team_lead_application_developer,Team Lead Application Developer,web_development,ui_ux,UI/UX,core,medium,intermediate,4,git
team_lead_application_developer,Team Lead Application Developer,web_development,rest_api,REST API,core,medium,intermediate,5,ui_ux
team_lead_application_developer,Team Lead Application Developer,web_development,microservices,Microservices,advanced,medium,advanced,6,rest_api
team_lead_application_developer,Team Lead Application Developer,web_development,docker,Docker,advanced,medium,advanced,7,microservices
team_lead_application_developer,Team Lead Application Developer,web_development,ci_cd,CI/CD,advanced,medium,advanced,8,docker
tech_lead_ruby_on_rails,Tech Lead Ruby on Rails,web_development,ruby,Ruby,fundamental,high,basic,1,
tech_lead_ruby_on_rails,Tech Lead Ruby on Rails,web_development,excel,Excel,fundamental,high,basic,2,ruby
tech_lead_ruby_on_rails,Tech Lead Ruby on Rails,web_development,git,Git,fundamental,high,basic,3,excel
tech_lead_ruby_on_rails,Tech Lead Ruby on Rails,web_development,typescript,TypeScript,core,medium,intermediate,4,git
tech_lead_ruby_on_rails,Tech Lead Ruby on Rails,web_development,postgresql,PostgreSQL,core,medium,intermediate,5,typescript
tech_lead_ruby_on_rails,Tech Lead Ruby on Rails,web_development,react_js,React.js,core,medium,intermediate,6,postgresql
tech_lead_ruby_on_rails,Tech Lead Ruby on Rails,web_development,graphql,GraphQL,core,medium,intermediate,7,react_js
tech_lead_ruby_on_rails,Tech Lead Ruby on Rails,web_development,kubernetes,Kubernetes,advanced,medium,advanced,8,graphql
tech_lead_ruby_on_rails,Tech Lead Ruby on Rails,web_development,docker,Docker,advanced,medium,advanced,9,kubernetes
tech_lead_ruby_on_rails,Tech Lead Ruby on Rails,web_development,ci_cd,CI/CD,advanced,medium,advanced,10,docker
techical_business_analyst,Techical Business Analyst,data_science,javascript,JavaScript,fundamental,high,basic,1,
techical_business_analyst,Techical Business Analyst,data_science,python,Python,fundamental,high,basic,2,javascript
techical_business_analyst,Techical Business Analyst,data_science,agile_scrum,Agile/Scrum,fundamental,high,basic,3,python
techical_business_analyst,Techical Business Analyst,data_science,sql,SQL,fundamental,medium,basic,4,agile_scrum
techical_business_analyst,Techical Business Analyst,data_science,typescript,TypeScript,core,medium,intermediate,5,sql
technical_analyst,Technical Analyst,data_science,python,Python,fundamental,high,basic,1,
technical_analyst,Technical Analyst,data_science,sql,SQL,fundamental,high,basic,2,python
technical_analyst,Technical Analyst,data_science,php,PHP,fundamental,high,basic,3,sql
technical_analyst,Technical Analyst,data_science,typescript,TypeScript,core,medium,intermediate,4,php
technical_analyst,Technical Analyst,data_science,aws,AWS,advanced,medium,advanced,5,typescript
tencent_cloud__big_data_migration_architect__indonesia_,Tencent Cloud- Big Data Migration Architect (Indonesia),data_science,python,Python,fundamental,high,basic,1,
tencent_cloud__big_data_migration_architect__indonesia_,Tencent Cloud- Big Data Migration Architect (Indonesia),data_science,excel,Excel,fundamental,high,basic,2,python
tencent_cloud__big_data_migration_architect__indonesia_,Tencent Cloud- Big Data Migration Architect (Indonesia),data_science,java,Java,fundamental,high,basic,3,excel
tencent_cloud__big_data_migration_architect__indonesia_,Tencent Cloud- Big Data Migration Architect (Indonesia),data_science,sql,SQL,fundamental,medium,basic,4,java
tencent_cloud__big_data_migration_architect__indonesia_,Tencent Cloud- Big Data Migration Architect (Indonesia),data_science,typescript,TypeScript,core,medium,intermediate,5,sql
tencent_cloud__big_data_migration_architect__indonesia_,Tencent Cloud- Big Data Migration Architect (Indonesia),data_science,snowflake,Snowflake,advanced,medium,advanced,6,typescript
tencent_cloud__big_data_migration_architect__indonesia_,Tencent Cloud- Big Data Migration Architect (Indonesia),data_science,hadoop,Hadoop,advanced,medium,advanced,7,snowflake
tencent_cloud__big_data_migration_architect__indonesia_,Tencent Cloud- Big Data Migration Architect (Indonesia),data_science,spark,Spark,advanced,medium,advanced,8,hadoop
tencent_cloud__big_data_migration_architect__indonesia_,Tencent Cloud- Big Data Migration Architect (Indonesia),data_science,bigquery,BigQuery,advanced,medium,advanced,9,spark
tencent_cloud__big_data_migration_architect__indonesia_,Tencent Cloud- Big Data Migration Architect (Indonesia),devops,python,Python,fundamental,high,basic,1,
tencent_cloud__big_data_migration_architect__indonesia_,Tencent Cloud- Big Data Migration Architect (Indonesia),devops,excel,Excel,fundamental,high,basic,2,python
tencent_cloud__big_data_migration_architect__indonesia_,Tencent Cloud- Big Data Migration Architect (Indonesia),devops,java,Java,fundamental,high,basic,3,excel
tencent_cloud__big_data_migration_architect__indonesia_,Tencent Cloud- Big Data Migration Architect (Indonesia),devops,sql,SQL,fundamental,medium,basic,4,java
tencent_cloud__big_data_migration_architect__indonesia_,Tencent Cloud- Big Data Migration Architect (Indonesia),devops,typescript,TypeScript,core,medium,intermediate,5,sql
tencent_cloud__big_data_migration_architect__indonesia_,Tencent Cloud- Big Data Migration Architect (Indonesia),devops,snowflake,Snowflake,advanced,medium,advanced,6,typescript
tencent_cloud__big_data_migration_architect__indonesia_,Tencent Cloud- Big Data Migration Architect (Indonesia),devops,hadoop,Hadoop,advanced,medium,advanced,7,snowflake
tencent_cloud__big_data_migration_architect__indonesia_,Tencent Cloud- Big Data Migration Architect (Indonesia),devops,spark,Spark,advanced,medium,advanced,8,hadoop
tencent_cloud__big_data_migration_architect__indonesia_,Tencent Cloud- Big Data Migration Architect (Indonesia),devops,bigquery,BigQuery,advanced,medium,advanced,9,spark
tier_2_support_engineer,Tier 2 Support Engineer,devops,typescript,TypeScript,core,high,intermediate,1,
tier_2_support_engineer,Tier 2 Support Engineer,devops,rest_api,REST API,core,high,intermediate,2,typescript
tier_2_support_engineer,Tier 2 Support Engineer,devops,machine_learning,Machine Learning,core,high,intermediate,3,rest_api
tier_2_support_engineer,Tier 2 Support Engineer,devops,linux,Linux,advanced,medium,advanced,4,machine_learning
tier_2_support_engineer,Tier 2 Support Engineer,devops,cybersecurity,Cybersecurity,advanced,medium,advanced,5,linux
timeliness_analyst__mandarin_speaker_,Timeliness Analyst (Mandarin Speaker),data_science,problem_solving,Problem Solving,fundamental,high,basic,1,
timeliness_analyst__mandarin_speaker_,Timeliness Analyst (Mandarin Speaker),data_science,excel,Excel,fundamental,high,basic,2,problem_solving
timeliness_analyst__mandarin_speaker_,Timeliness Analyst (Mandarin Speaker),data_science,typescript,TypeScript,core,high,intermediate,3,excel
ui___ux_designer,UI / UX Designer,ui_ux,html,HTML,fundamental,high,basic,1,
ui___ux_designer,UI / UX Designer,ui_ux,javascript,JavaScript,fundamental,high,basic,2,html
ui___ux_designer,UI / UX Designer,ui_ux,excel,Excel,fundamental,high,basic,3,javascript
ui___ux_designer,UI / UX Designer,ui_ux,wireframing,Wireframing,fundamental,medium,basic,4,excel
ui___ux_designer,UI / UX Designer,ui_ux,css,CSS,fundamental,medium,basic,5,wireframing
ui___ux_designer,UI / UX Designer,ui_ux,typescript,TypeScript,core,medium,intermediate,6,css
ui___ux_designer,UI / UX Designer,ui_ux,ui_ux,UI/UX,core,medium,intermediate,7,typescript
ui___ux_designer,UI / UX Designer,ui_ux,figma,Figma,core,medium,intermediate,8,ui_ux
ui___ux_designer,UI / UX Designer,ui_ux,machine_learning,Machine Learning,core,medium,intermediate,9,figma
ui___ux_designer_internship,UI / UX Designer Internship,ui_ux,wireframing,Wireframing,fundamental,high,basic,1,
ui___ux_designer_internship,UI / UX Designer Internship,ui_ux,typescript,TypeScript,core,high,intermediate,2,wireframing
ui___ux_designer_internship,UI / UX Designer Internship,ui_ux,ui_ux,UI/UX,core,high,intermediate,3,typescript
ui___ux_designer_internship,UI / UX Designer Internship,ui_ux,prototyping,Prototyping,core,medium,intermediate,4,ui_ux
ui___ux_designer_internship,UI / UX Designer Internship,ui_ux,figma,Figma,core,medium,intermediate,5,prototyping
ui_artist,UI Artist,ui_ux,typescript,TypeScript,core,high,intermediate,1,
ui_artist,UI Artist,ui_ux,ui_ux,UI/UX,core,high,intermediate,2,typescript
ui_designer__placement___padel_method_singapore_,UI Designer (Placement : Padel Method Singapore),ui_ux,html,HTML,fundamental,high,basic,1,
ui_designer__placement___padel_method_singapore_,UI Designer (Placement : Padel Method Singapore),ui_ux,excel,Excel,fundamental,high,basic,2,html
ui_designer__placement___padel_method_singapore_,UI Designer (Placement : Padel Method Singapore),ui_ux,wireframing,Wireframing,fundamental,high,basic,3,excel
ui_designer__placement___padel_method_singapore_,UI Designer (Placement : Padel Method Singapore),ui_ux,css,CSS,fundamental,medium,basic,4,wireframing
ui_designer__placement___padel_method_singapore_,UI Designer (Placement : Padel Method Singapore),ui_ux,typescript,TypeScript,core,medium,intermediate,5,css
ui_designer__placement___padel_method_singapore_,UI Designer (Placement : Padel Method Singapore),ui_ux,ui_ux,UI/UX,core,medium,intermediate,6,typescript
ui_designer__placement___padel_method_singapore_,UI Designer (Placement : Padel Method Singapore),ui_ux,figma,Figma,core,medium,intermediate,7,ui_ux
ui_designer__placement___padel_method_singapore_,UI Designer (Placement : Padel Method Singapore),ui_ux,machine_learning,Machine Learning,core,medium,intermediate,8,figma
ui_ux_designer,UI UX Designer,ui_ux,wireframing,Wireframing,fundamental,high,basic,1,
ui_ux_designer,UI UX Designer,ui_ux,html,HTML,fundamental,high,basic,2,wireframing
ui_ux_designer,UI UX Designer,ui_ux,css,CSS,fundamental,high,basic,3,html
ui_ux_designer,UI UX Designer,ui_ux,typescript,TypeScript,core,medium,intermediate,4,css
ui_ux_designer,UI UX Designer,ui_ux,ui_ux,UI/UX,core,medium,intermediate,5,typescript
ui_ux_designer,UI UX Designer,ui_ux,prototyping,Prototyping,core,medium,intermediate,6,ui_ux
ui_ux_designer,UI UX Designer,ui_ux,figma,Figma,core,medium,intermediate,7,prototyping
ui_ux_designer,UI UX Designer,ui_ux,machine_learning,Machine Learning,core,medium,intermediate,8,figma
ui_ux_product,UI UX Product,ui_ux,wireframing,Wireframing,fundamental,high,basic,1,
ui_ux_product,UI UX Product,ui_ux,excel,Excel,fundamental,high,basic,2,wireframing
ui_ux_product,UI UX Product,ui_ux,typescript,TypeScript,core,high,intermediate,3,excel
ui_ux_product,UI UX Product,ui_ux,ui_ux,UI/UX,core,medium,intermediate,4,typescript
ui_ux_product,UI UX Product,ui_ux,figma,Figma,core,medium,intermediate,5,ui_ux
ui_ux__designer__paid_internship_,UI/UX  Designer (Paid Internship),ui_ux,wireframing,Wireframing,fundamental,high,basic,1,
ui_ux__designer__paid_internship_,UI/UX  Designer (Paid Internship),ui_ux,typescript,TypeScript,core,high,intermediate,2,wireframing
ui_ux__designer__paid_internship_,UI/UX  Designer (Paid Internship),ui_ux,ui_ux,UI/UX,core,high,intermediate,3,typescript
ui_ux__designer__paid_internship_,UI/UX  Designer (Paid Internship),ui_ux,figma,Figma,core,medium,intermediate,4,ui_ux
ui_ux_designer,UI/UX Designer,ui_ux,wireframing,Wireframing,fundamental,high,basic,1,
ui_ux_designer,UI/UX Designer,ui_ux,excel,Excel,fundamental,high,basic,2,wireframing
ui_ux_designer,UI/UX Designer,ui_ux,agile_scrum,Agile/Scrum,fundamental,high,basic,3,excel
ui_ux_designer,UI/UX Designer,ui_ux,html,HTML,fundamental,medium,basic,4,agile_scrum
ui_ux_designer,UI/UX Designer,ui_ux,javascript,JavaScript,fundamental,medium,basic,5,html
ui_ux_designer,UI/UX Designer,ui_ux,sql,SQL,fundamental,medium,basic,6,javascript
ui_ux_designer,UI/UX Designer,ui_ux,css,CSS,fundamental,medium,basic,7,sql
ui_ux_designer,UI/UX Designer,ui_ux,typescript,TypeScript,core,medium,intermediate,8,css
ui_ux_designer,UI/UX Designer,ui_ux,ui_ux,UI/UX,core,medium,intermediate,9,typescript
ui_ux_designer,UI/UX Designer,ui_ux,prototyping,Prototyping,core,medium,intermediate,10,ui_ux
ui_ux_designer,UI/UX Designer,ui_ux,figma,Figma,core,medium,intermediate,11,prototyping
ui_ux_designer,UI/UX Designer,ui_ux,machine_learning,Machine Learning,core,medium,intermediate,12,figma
ui_ux_designer___xl_smart,UI/UX Designer - XL Smart,ui_ux,wireframing,Wireframing,fundamental,high,basic,1,
ui_ux_designer___xl_smart,UI/UX Designer - XL Smart,ui_ux,ui_ux,UI/UX,core,high,intermediate,2,wireframing
ui_ux_designer___xl_smart,UI/UX Designer - XL Smart,ui_ux,figma,Figma,core,high,intermediate,3,ui_ux
ui_ux_designer_jakarta,UI/UX Designer Jakarta,ui_ux,wireframing,Wireframing,fundamental,high,basic,1,
ui_ux_designer_jakarta,UI/UX Designer Jakarta,ui_ux,ui_ux,UI/UX,core,high,intermediate,2,wireframing
ui_ux_designer_jakarta,UI/UX Designer Jakarta,ui_ux,figma,Figma,core,high,intermediate,3,ui_ux
ui_ux_designer_senior,UI/UX Designer Senior,ui_ux,wireframing,Wireframing,fundamental,high,basic,1,
ui_ux_designer_senior,UI/UX Designer Senior,ui_ux,problem_solving,Problem Solving,fundamental,high,basic,2,wireframing
ui_ux_designer_senior,UI/UX Designer Senior,ui_ux,prototyping,Prototyping,core,high,intermediate,3,problem_solving
ui_ux_designer_senior,UI/UX Designer Senior,ui_ux,ui_ux,UI/UX,core,medium,intermediate,4,prototyping
ui_ux_designer_senior,UI/UX Designer Senior,ui_ux,figma,Figma,core,medium,intermediate,5,ui_ux
ui_ux_designer_for_mobile_app,UI/UX Designer for Mobile App,ui_ux,wireframing,Wireframing,fundamental,high,basic,1,
ui_ux_designer_for_mobile_app,UI/UX Designer for Mobile App,ui_ux,typescript,TypeScript,core,high,intermediate,2,wireframing
ui_ux_designer_for_mobile_app,UI/UX Designer for Mobile App,ui_ux,ui_ux,UI/UX,core,high,intermediate,3,typescript
ui_ux_designers_lead,UI/UX Designers Lead,ui_ux,excel,Excel,fundamental,high,basic,1,
ui_ux_designers_lead,UI/UX Designers Lead,ui_ux,typescript,TypeScript,core,high,intermediate,2,excel
ui_ux_designers_lead,UI/UX Designers Lead,ui_ux,ui_ux,UI/UX,core,high,intermediate,3,typescript
ui_ux_designers_lead,UI/UX Designers Lead,ui_ux,figma,Figma,core,medium,intermediate,4,ui_ux
ui_ux_development,UI/UX Development,ui_ux,html,HTML,fundamental,high,basic,1,
ui_ux_development,UI/UX Development,ui_ux,css,CSS,fundamental,high,basic,2,html
ui_ux_development,UI/UX Development,ui_ux,typescript,TypeScript,core,high,intermediate,3,css
ui_ux_development,UI/UX Development,ui_ux,ui_ux,UI/UX,core,medium,intermediate,4,typescript
ui_ux_development,UI/UX Development,ui_ux,figma,Figma,core,medium,intermediate,5,ui_ux
ui_ux_development,UI/UX Development,ui_ux,machine_learning,Machine Learning,core,medium,intermediate,6,figma
ui_ux_development,UI/UX Development,web_development,html,HTML,fundamental,high,basic,1,
ui_ux_development,UI/UX Development,web_development,css,CSS,fundamental,high,basic,2,html
ui_ux_development,UI/UX Development,web_development,typescript,TypeScript,core,high,intermediate,3,css
ui_ux_development,UI/UX Development,web_development,ui_ux,UI/UX,core,medium,intermediate,4,typescript
ui_ux_development,UI/UX Development,web_development,figma,Figma,core,medium,intermediate,5,ui_ux
ui_ux_development,UI/UX Development,web_development,machine_learning,Machine Learning,core,medium,intermediate,6,figma
ui_ux_engineer,UI/UX Engineer,ui_ux,javascript,JavaScript,fundamental,high,basic,1,
ui_ux_engineer,UI/UX Engineer,ui_ux,git,Git,fundamental,high,basic,2,javascript
ui_ux_engineer,UI/UX Engineer,ui_ux,ui_ux,UI/UX,core,high,intermediate,3,git
ui_ux_engineer,UI/UX Engineer,ui_ux,bootstrap,Bootstrap,core,medium,intermediate,4,ui_ux
ui_ux_engineer,UI/UX Engineer,ui_ux,figma,Figma,core,medium,intermediate,5,bootstrap
ui_ux_engineer,UI/UX Engineer,ui_ux,kubernetes,Kubernetes,advanced,medium,advanced,6,figma
ui_ux_engineer,UI/UX Engineer,ui_ux,docker,Docker,advanced,medium,advanced,7,kubernetes
ui_ux_engineer,UI/UX Engineer,web_development,javascript,JavaScript,fundamental,high,basic,1,
ui_ux_engineer,UI/UX Engineer,web_development,git,Git,fundamental,high,basic,2,javascript
ui_ux_engineer,UI/UX Engineer,web_development,ui_ux,UI/UX,core,high,intermediate,3,git
ui_ux_engineer,UI/UX Engineer,web_development,bootstrap,Bootstrap,core,medium,intermediate,4,ui_ux
ui_ux_engineer,UI/UX Engineer,web_development,figma,Figma,core,medium,intermediate,5,bootstrap
ui_ux_engineer,UI/UX Engineer,web_development,kubernetes,Kubernetes,advanced,medium,advanced,6,figma
ui_ux_engineer,UI/UX Engineer,web_development,docker,Docker,advanced,medium,advanced,7,kubernetes
ui_ux_intern,UI/UX Intern,ui_ux,wireframing,Wireframing,fundamental,high,basic,1,
ui_ux_intern,UI/UX Intern,ui_ux,excel,Excel,fundamental,high,basic,2,wireframing
ui_ux_intern,UI/UX Intern,ui_ux,typescript,TypeScript,core,high,intermediate,3,excel
ui_ux_product_designer,UI/UX Product Designer,ui_ux,wireframing,Wireframing,fundamental,high,basic,1,
ui_ux_product_designer,UI/UX Product Designer,ui_ux,excel,Excel,fundamental,high,basic,2,wireframing
ui_ux_product_designer,UI/UX Product Designer,ui_ux,typescript,TypeScript,core,high,intermediate,3,excel
ui_ux_product_designer,UI/UX Product Designer,ui_ux,ui_ux,UI/UX,core,medium,intermediate,4,typescript
ui_ux_product_designer,UI/UX Product Designer,ui_ux,figma,Figma,core,medium,intermediate,5,ui_ux
unit_head___batch_data_engineering,Unit Head – Batch Data Engineering,data_science,excel,Excel,fundamental,high,basic,1,
unit_head___batch_data_engineering,Unit Head – Batch Data Engineering,data_science,sql,SQL,fundamental,high,basic,2,excel
unit_head___batch_data_engineering,Unit Head – Batch Data Engineering,data_science,git,Git,fundamental,high,basic,3,sql
unit_head___batch_data_engineering,Unit Head – Batch Data Engineering,data_science,typescript,TypeScript,core,medium,intermediate,4,git
unit_head___batch_data_engineering,Unit Head – Batch Data Engineering,data_science,etl,ETL,advanced,medium,advanced,5,typescript
unit_head___batch_data_engineering,Unit Head – Batch Data Engineering,data_science,ci_cd,CI/CD,advanced,medium,advanced,6,etl
unit_head___regulatory_system_engineering,Unit Head – Regulatory System Engineering,cyber_security,sql,SQL,fundamental,high,basic,1,
unit_head___regulatory_system_engineering,Unit Head – Regulatory System Engineering,cyber_security,excel,Excel,fundamental,high,basic,2,sql
unit_head___regulatory_system_engineering,Unit Head – Regulatory System Engineering,cyber_security,typescript,TypeScript,core,high,intermediate,3,excel
unit_head___regulatory_system_engineering,Unit Head – Regulatory System Engineering,cyber_security,etl,ETL,advanced,medium,advanced,4,typescript
unit_head___regulatory_system_engineering,Unit Head – Regulatory System Engineering,data_science,sql,SQL,fundamental,high,basic,1,
unit_head___regulatory_system_engineering,Unit Head – Regulatory System Engineering,data_science,excel,Excel,fundamental,high,basic,2,sql
unit_head___regulatory_system_engineering,Unit Head – Regulatory System Engineering,data_science,typescript,TypeScript,core,high,intermediate,3,excel
unit_head___regulatory_system_engineering,Unit Head – Regulatory System Engineering,data_science,etl,ETL,advanced,medium,advanced,4,typescript
vp_of_technology,VP of Technology,cyber_security,excel,Excel,fundamental,high,basic,1,
vp_of_technology,VP of Technology,cyber_security,agile_scrum,Agile/Scrum,fundamental,high,basic,2,excel
vp_of_technology,VP of Technology,cyber_security,typescript,TypeScript,core,high,intermediate,3,agile_scrum
vp_of_technology,VP of Technology,cyber_security,azure,Azure,advanced,medium,advanced,4,typescript
vp_of_technology,VP of Technology,cyber_security,microservices,Microservices,advanced,medium,advanced,5,azure
vp_of_technology,VP of Technology,cyber_security,gcp,GCP,advanced,medium,advanced,6,microservices
vp_of_technology,VP of Technology,cyber_security,ci_cd,CI/CD,advanced,medium,advanced,7,gcp
vp_of_technology,VP of Technology,cyber_security,aws,AWS,advanced,medium,advanced,8,ci_cd
vp_of_technology,VP of Technology,devops,excel,Excel,fundamental,high,basic,1,
vp_of_technology,VP of Technology,devops,agile_scrum,Agile/Scrum,fundamental,high,basic,2,excel
vp_of_technology,VP of Technology,devops,typescript,TypeScript,core,high,intermediate,3,agile_scrum
vp_of_technology,VP of Technology,devops,azure,Azure,advanced,medium,advanced,4,typescript
vp_of_technology,VP of Technology,devops,microservices,Microservices,advanced,medium,advanced,5,azure
vp_of_technology,VP of Technology,devops,gcp,GCP,advanced,medium,advanced,6,microservices
vp_of_technology,VP of Technology,devops,ci_cd,CI/CD,advanced,medium,advanced,7,gcp
vp_of_technology,VP of Technology,devops,aws,AWS,advanced,medium,advanced,8,ci_cd
vp__cyber_security__technology,"VP, Cyber Security, Technology",cyber_security,typescript,TypeScript,core,high,intermediate,1,
vp__cyber_security__technology,"VP, Cyber Security, Technology",cyber_security,cybersecurity,Cybersecurity,advanced,high,advanced,2,typescript
vp__cyber_security__technology,"VP, Cyber Security, Technology",devops,typescript,TypeScript,core,high,intermediate,1,
vp__cyber_security__technology,"VP, Cyber Security, Technology",devops,cybersecurity,Cybersecurity,advanced,high,advanced,2,typescript
vice_president_ict,Vice President ICT,cyber_security,excel,Excel,fundamental,high,basic,1,
vice_president_ict,Vice President ICT,cyber_security,typescript,TypeScript,core,high,intermediate,2,excel
visual_communication_design_lecturer,Visual Communication Design Lecturer,ui_ux,typescript,TypeScript,core,high,intermediate,1,
visual_communication_design_lecturer,Visual Communication Design Lecturer,ui_ux,ui_ux,UI/UX,core,high,intermediate,2,typescript
web_developer,WEB DEVELOPER,web_development,html,HTML,fundamental,high,basic,1,
web_developer,WEB DEVELOPER,web_development,javascript,JavaScript,fundamental,high,basic,2,html
web_developer,WEB DEVELOPER,web_development,php,PHP,fundamental,high,basic,3,javascript
web_developer,WEB DEVELOPER,web_development,css,CSS,fundamental,medium,basic,4,php
web_developer,WEB DEVELOPER,web_development,laravel,Laravel,core,medium,intermediate,5,css
web_developer,WEB DEVELOPER,web_development,mysql,MySQL,core,medium,intermediate,6,laravel
web_designer,Web Designer,ui_ux,html,HTML,fundamental,high,basic,1,
web_designer,Web Designer,ui_ux,excel,Excel,fundamental,high,basic,2,html
web_designer,Web Designer,ui_ux,wireframing,Wireframing,fundamental,high,basic,3,excel
web_designer,Web Designer,ui_ux,css,CSS,fundamental,medium,basic,4,wireframing
web_designer,Web Designer,ui_ux,typescript,TypeScript,core,medium,intermediate,5,css
web_designer,Web Designer,ui_ux,ui_ux,UI/UX,core,medium,intermediate,6,typescript
web_designer,Web Designer,ui_ux,figma,Figma,core,medium,intermediate,7,ui_ux
web_designer,Web Designer,ui_ux,machine_learning,Machine Learning,core,medium,intermediate,8,figma
web_designer,Web Designer,ui_ux,next_js,Next.js,core,medium,intermediate,9,machine_learning
web_designer,Web Designer,web_development,html,HTML,fundamental,high,basic,1,
web_designer,Web Designer,web_development,css,CSS,fundamental,high,basic,2,html
web_designer,Web Designer,web_development,typescript,TypeScript,core,high,intermediate,3,css
web_designer,Web Designer,web_development,ui_ux,UI/UX,core,medium,intermediate,4,typescript
web_designer,Web Designer,web_development,machine_learning,Machine Learning,core,medium,intermediate,5,ui_ux
web_designer_developer_for_healthcare_and_wellness_industry__us_based_remote_,Web Designer/Developer for Healthcare and Wellness Industry (US-Based/Remote),ui_ux,typescript,TypeScript,core,high,intermediate,1,
web_designer_developer_for_healthcare_and_wellness_industry__us_based_remote_,Web Designer/Developer for Healthcare and Wellness Industry (US-Based/Remote),ui_ux,ui_ux,UI/UX,core,high,intermediate,2,typescript
web_designer_developer_for_healthcare_and_wellness_industry__us_based_remote_,Web Designer/Developer for Healthcare and Wellness Industry (US-Based/Remote),ui_ux,figma,Figma,core,high,intermediate,3,ui_ux
web_developer,Web Developer,web_development,javascript,JavaScript,fundamental,high,basic,1,
web_developer,Web Developer,web_development,sql,SQL,fundamental,high,basic,2,javascript
web_developer,Web Developer,web_development,html,HTML,fundamental,high,basic,3,sql
web_developer,Web Developer,web_development,agile_scrum,Agile/Scrum,fundamental,medium,basic,4,html
web_developer,Web Developer,web_development,python,Python,fundamental,medium,basic,5,agile_scrum
web_developer,Web Developer,web_development,php,PHP,fundamental,medium,basic,6,python
web_developer,Web Developer,web_development,excel,Excel,fundamental,medium,basic,7,php
web_developer,Web Developer,web_development,git,Git,fundamental,medium,basic,8,excel
web_developer,Web Developer,web_development,css,CSS,fundamental,medium,basic,9,git
web_developer,Web Developer,web_development,typescript,TypeScript,core,medium,intermediate,10,css
web_developer,Web Developer,web_development,ui_ux,UI/UX,core,medium,intermediate,11,typescript
web_developer,Web Developer,web_development,tailwind_css,Tailwind CSS,core,medium,intermediate,12,ui_ux
web_developer,Web Developer,web_development,machine_learning,Machine Learning,core,medium,intermediate,13,tailwind_css
web_developer,Web Developer,web_development,angular,Angular,core,medium,intermediate,14,machine_learning
web_developer,Web Developer,web_development,figma,Figma,core,medium,intermediate,15,angular
web_developer,Web Developer,web_development,mysql,MySQL,core,medium,intermediate,16,figma
web_developer,Web Developer,web_development,react_native,React Native,core,medium,intermediate,17,mysql
web_developer,Web Developer,web_development,laravel,Laravel,core,medium,intermediate,18,react_native
web_developer,Web Developer,web_development,vue_js,Vue.js,core,medium,intermediate,19,laravel
web_developer,Web Developer,web_development,_net,.NET,core,medium,intermediate,20,vue_js
web_developer,Web Developer,web_development,rest_api,REST API,core,medium,intermediate,21,_net
web_developer,Web Developer,web_development,react_js,React.js,core,medium,intermediate,22,rest_api
web_developer,Web Developer,web_development,next_js,Next.js,core,medium,intermediate,23,react_js
web_developer,Web Developer,web_development,aws,AWS,advanced,medium,advanced,24,next_js
web_developer,Web Developer,web_development,ci_cd,CI/CD,advanced,medium,advanced,25,aws
web_developer__php___laravel_,Web Developer (PHP / Laravel),ui_ux,html,HTML,fundamental,high,basic,1,
web_developer__php___laravel_,Web Developer (PHP / Laravel),ui_ux,javascript,JavaScript,fundamental,high,basic,2,html
web_developer__php___laravel_,Web Developer (PHP / Laravel),ui_ux,sql,SQL,fundamental,high,basic,3,javascript
web_developer__php___laravel_,Web Developer (PHP / Laravel),ui_ux,git,Git,fundamental,medium,basic,4,sql
web_developer__php___laravel_,Web Developer (PHP / Laravel),ui_ux,php,PHP,fundamental,medium,basic,5,git
web_developer__php___laravel_,Web Developer (PHP / Laravel),ui_ux,css,CSS,fundamental,medium,basic,6,php
web_developer__php___laravel_,Web Developer (PHP / Laravel),ui_ux,typescript,TypeScript,core,medium,intermediate,7,css
web_developer__php___laravel_,Web Developer (PHP / Laravel),ui_ux,vue_js,Vue.js,core,medium,intermediate,8,typescript
web_developer__php___laravel_,Web Developer (PHP / Laravel),ui_ux,laravel,Laravel,core,medium,intermediate,9,vue_js
web_developer__php___laravel_,Web Developer (PHP / Laravel),ui_ux,postgresql,PostgreSQL,core,medium,intermediate,10,laravel
web_developer__php___laravel_,Web Developer (PHP / Laravel),ui_ux,rest_api,REST API,core,medium,intermediate,11,postgresql
web_developer__php___laravel_,Web Developer (PHP / Laravel),ui_ux,react_js,React.js,core,medium,intermediate,12,rest_api
web_developer__php___laravel_,Web Developer (PHP / Laravel),ui_ux,mysql,MySQL,core,medium,intermediate,13,react_js
web_developer__php___laravel_,Web Developer (PHP / Laravel),ui_ux,next_js,Next.js,core,medium,intermediate,14,mysql
web_developer__php___laravel_,Web Developer (PHP / Laravel),ui_ux,docker,Docker,advanced,medium,advanced,15,next_js
web_developer__php___laravel_,Web Developer (PHP / Laravel),ui_ux,microservices,Microservices,advanced,medium,advanced,16,docker
web_developer__php___laravel_,Web Developer (PHP / Laravel),ui_ux,ci_cd,CI/CD,advanced,medium,advanced,17,microservices
web_developer__php___laravel_,Web Developer (PHP / Laravel),ui_ux,linux,Linux,advanced,medium,advanced,18,ci_cd
web_developer__php___laravel_,Web Developer (PHP / Laravel),web_development,html,HTML,fundamental,high,basic,1,
web_developer__php___laravel_,Web Developer (PHP / Laravel),web_development,javascript,JavaScript,fundamental,high,basic,2,html
web_developer__php___laravel_,Web Developer (PHP / Laravel),web_development,sql,SQL,fundamental,high,basic,3,javascript
web_developer__php___laravel_,Web Developer (PHP / Laravel),web_development,git,Git,fundamental,medium,basic,4,sql
web_developer__php___laravel_,Web Developer (PHP / Laravel),web_development,php,PHP,fundamental,medium,basic,5,git
web_developer__php___laravel_,Web Developer (PHP / Laravel),web_development,css,CSS,fundamental,medium,basic,6,php
web_developer__php___laravel_,Web Developer (PHP / Laravel),web_development,typescript,TypeScript,core,medium,intermediate,7,css
web_developer__php___laravel_,Web Developer (PHP / Laravel),web_development,vue_js,Vue.js,core,medium,intermediate,8,typescript
web_developer__php___laravel_,Web Developer (PHP / Laravel),web_development,laravel,Laravel,core,medium,intermediate,9,vue_js
web_developer__php___laravel_,Web Developer (PHP / Laravel),web_development,postgresql,PostgreSQL,core,medium,intermediate,10,laravel
web_developer__php___laravel_,Web Developer (PHP / Laravel),web_development,rest_api,REST API,core,medium,intermediate,11,postgresql
web_developer__php___laravel_,Web Developer (PHP / Laravel),web_development,react_js,React.js,core,medium,intermediate,12,rest_api
web_developer__php___laravel_,Web Developer (PHP / Laravel),web_development,mysql,MySQL,core,medium,intermediate,13,react_js
web_developer__php___laravel_,Web Developer (PHP / Laravel),web_development,next_js,Next.js,core,medium,intermediate,14,mysql
web_developer__php___laravel_,Web Developer (PHP / Laravel),web_development,docker,Docker,advanced,medium,advanced,15,next_js
web_developer__php___laravel_,Web Developer (PHP / Laravel),web_development,microservices,Microservices,advanced,medium,advanced,16,docker
web_developer__php___laravel_,Web Developer (PHP / Laravel),web_development,ci_cd,CI/CD,advanced,medium,advanced,17,microservices
web_developer__php___laravel_,Web Developer (PHP / Laravel),web_development,linux,Linux,advanced,medium,advanced,18,ci_cd
web_developer__spring_framework_,Web Developer (Spring Framework),web_development,javascript,JavaScript,fundamental,high,basic,1,
web_developer__spring_framework_,Web Developer (Spring Framework),web_development,typescript,TypeScript,core,high,intermediate,2,javascript
web_developer_intern,Web Developer Intern,web_development,html,HTML,fundamental,high,basic,1,
web_developer_intern,Web Developer Intern,web_development,javascript,JavaScript,fundamental,high,basic,2,html
web_developer_intern,Web Developer Intern,web_development,sql,SQL,fundamental,high,basic,3,javascript
web_developer_intern,Web Developer Intern,web_development,php,PHP,fundamental,medium,basic,4,sql
web_developer_intern,Web Developer Intern,web_development,git,Git,fundamental,medium,basic,5,php
web_developer_intern,Web Developer Intern,web_development,css,CSS,fundamental,medium,basic,6,git
web_developer_intern,Web Developer Intern,web_development,typescript,TypeScript,core,medium,intermediate,7,css
web_developer_intern,Web Developer Intern,web_development,laravel,Laravel,core,medium,intermediate,8,typescript
web_developer_intern,Web Developer Intern,web_development,ui_ux,UI/UX,core,medium,intermediate,9,laravel
web_developer_intern,Web Developer Intern,web_development,tailwind_css,Tailwind CSS,core,medium,intermediate,10,ui_ux
web_developer_intern,Web Developer Intern,web_development,mysql,MySQL,core,medium,intermediate,11,tailwind_css
web_developer_intern,Web Developer Intern,web_development,machine_learning,Machine Learning,core,medium,intermediate,12,mysql
web_development___seo_specialist,Web Development & SEO Specialist,web_development,html,HTML,fundamental,high,basic,1,
web_development___seo_specialist,Web Development & SEO Specialist,web_development,javascript,JavaScript,fundamental,high,basic,2,html
web_development___seo_specialist,Web Development & SEO Specialist,web_development,css,CSS,fundamental,high,basic,3,javascript
web_development___seo_specialist,Web Development & SEO Specialist,web_development,ui_ux,UI/UX,core,medium,intermediate,4,css
web_development___seo_specialist,Web Development & SEO Specialist,web_development,rest_api,REST API,core,medium,intermediate,5,ui_ux
web_development___seo_specialist,Web Development & SEO Specialist,web_development,machine_learning,Machine Learning,core,medium,intermediate,6,rest_api
web_frontend_engineer,Web Frontend Engineer,web_development,html,HTML,fundamental,high,basic,1,
web_frontend_engineer,Web Frontend Engineer,web_development,javascript,JavaScript,fundamental,high,basic,2,html
web_frontend_engineer,Web Frontend Engineer,web_development,excel,Excel,fundamental,high,basic,3,javascript
web_frontend_engineer,Web Frontend Engineer,web_development,wireframing,Wireframing,fundamental,medium,basic,4,excel
web_frontend_engineer,Web Frontend Engineer,web_development,agile_scrum,Agile/Scrum,fundamental,medium,basic,5,wireframing
web_frontend_engineer,Web Frontend Engineer,web_development,git,Git,fundamental,medium,basic,6,agile_scrum
web_frontend_engineer,Web Frontend Engineer,web_development,css,CSS,fundamental,medium,basic,7,git
web_frontend_engineer,Web Frontend Engineer,web_development,typescript,TypeScript,core,medium,intermediate,8,css
web_frontend_engineer,Web Frontend Engineer,web_development,ui_ux,UI/UX,core,medium,intermediate,9,typescript
web_frontend_engineer,Web Frontend Engineer,web_development,rest_api,REST API,core,medium,intermediate,10,ui_ux
web_frontend_engineer,Web Frontend Engineer,web_development,react_js,React.js,core,medium,intermediate,11,rest_api
web_frontend_engineer,Web Frontend Engineer,web_development,machine_learning,Machine Learning,core,medium,intermediate,12,react_js
web_frontend_engineer,Web Frontend Engineer,web_development,next_js,Next.js,core,medium,intermediate,13,machine_learning
web_programmer,Web Programmer,web_development,javascript,JavaScript,fundamental,high,basic,1,
web_programmer,Web Programmer,web_development,sql,SQL,fundamental,high,basic,2,javascript
web_programmer,Web Programmer,web_development,html,HTML,fundamental,high,basic,3,sql
web_programmer,Web Programmer,web_development,java,Java,fundamental,medium,basic,4,html
web_programmer,Web Programmer,web_development,python,Python,fundamental,medium,basic,5,java
web_programmer,Web Programmer,web_development,problem_solving,Problem Solving,fundamental,medium,basic,6,python
web_programmer,Web Programmer,web_development,php,PHP,fundamental,medium,basic,7,problem_solving
web_programmer,Web Programmer,web_development,git,Git,fundamental,medium,basic,8,php
web_programmer,Web Programmer,web_development,css,CSS,fundamental,medium,basic,9,git
web_programmer,Web Programmer,web_development,typescript,TypeScript,core,medium,intermediate,10,css
web_programmer,Web Programmer,web_development,ui_ux,UI/UX,core,medium,intermediate,11,typescript
web_programmer,Web Programmer,web_development,machine_learning,Machine Learning,core,medium,intermediate,12,ui_ux
web_programmer,Web Programmer,web_development,golang,Golang,core,medium,intermediate,13,machine_learning
web_programmer,Web Programmer,web_development,mysql,MySQL,core,medium,intermediate,14,golang
web_programmer,Web Programmer,web_development,node_js,Node.js,core,medium,intermediate,15,mysql
web_programmer,Web Programmer,web_development,vue_js,Vue.js,core,medium,intermediate,16,node_js
web_programmer,Web Programmer,web_development,_net,.NET,core,medium,intermediate,17,vue_js
web_programmer,Web Programmer,web_development,bootstrap,Bootstrap,core,medium,intermediate,18,_net
web_programmer,Web Programmer,web_development,rest_api,REST API,core,medium,intermediate,19,bootstrap
web_programmer,Web Programmer,web_development,mongodb,MongoDB,core,medium,intermediate,20,rest_api
web_programmer,Web Programmer,web_development,linux,Linux,advanced,medium,advanced,21,mongodb
web_programmer,Web Programmer,web_development,microservices,Microservices,advanced,medium,advanced,22,linux
web_specialist,Web Specialist,ui_ux,javascript,JavaScript,fundamental,high,basic,1,
web_specialist,Web Specialist,ui_ux,html,HTML,fundamental,high,basic,2,javascript
web_specialist,Web Specialist,ui_ux,css,CSS,fundamental,high,basic,3,html
web_specialist,Web Specialist,ui_ux,machine_learning,Machine Learning,core,medium,intermediate,4,css
web_trading_developer,Web Trading Developer,web_development,html,HTML,fundamental,high,basic,1,
web_trading_developer,Web Trading Developer,web_development,javascript,JavaScript,fundamental,high,basic,2,html
web_trading_developer,Web Trading Developer,web_development,sql,SQL,fundamental,high,basic,3,javascript
web_trading_developer,Web Trading Developer,web_development,git,Git,fundamental,medium,basic,4,sql
web_trading_developer,Web Trading Developer,web_development,css,CSS,fundamental,medium,basic,5,git
web_trading_developer,Web Trading Developer,web_development,postgresql,PostgreSQL,core,medium,intermediate,6,css
web_trading_developer,Web Trading Developer,web_development,rest_api,REST API,core,medium,intermediate,7,postgresql
web_trading_developer,Web Trading Developer,web_development,mysql,MySQL,core,medium,intermediate,8,rest_api
web_trading_developer,Web Trading Developer,web_development,machine_learning,Machine Learning,core,medium,intermediate,9,mysql
webmaster___it_systems_administrator,Webmaster & IT Systems Administrator,web_development,javascript,JavaScript,fundamental,high,basic,1,
webmaster___it_systems_administrator,Webmaster & IT Systems Administrator,web_development,html,HTML,fundamental,high,basic,2,javascript
webmaster___it_systems_administrator,Webmaster & IT Systems Administrator,web_development,python,Python,fundamental,high,basic,3,html
webmaster___it_systems_administrator,Webmaster & IT Systems Administrator,web_development,php,PHP,fundamental,medium,basic,4,python
webmaster___it_systems_administrator,Webmaster & IT Systems Administrator,web_development,git,Git,fundamental,medium,basic,5,php
webmaster___it_systems_administrator,Webmaster & IT Systems Administrator,web_development,css,CSS,fundamental,medium,basic,6,git
webmaster___it_systems_administrator,Webmaster & IT Systems Administrator,web_development,typescript,TypeScript,core,medium,intermediate,7,css
webmaster___it_systems_administrator,Webmaster & IT Systems Administrator,web_development,tailwind_css,Tailwind CSS,core,medium,intermediate,8,typescript
webmaster___it_systems_administrator,Webmaster & IT Systems Administrator,web_development,django,Django,core,medium,intermediate,9,tailwind_css
webmaster___it_systems_administrator,Webmaster & IT Systems Administrator,web_development,fastapi,FastAPI,core,medium,intermediate,10,django
webmaster___it_systems_administrator,Webmaster & IT Systems Administrator,web_development,golang,Golang,core,medium,intermediate,11,fastapi
webmaster___it_systems_administrator,Webmaster & IT Systems Administrator,web_development,mysql,MySQL,core,medium,intermediate,12,golang
webmaster___it_systems_administrator,Webmaster & IT Systems Administrator,web_development,laravel,Laravel,core,medium,intermediate,13,mysql
webmaster___it_systems_administrator,Webmaster & IT Systems Administrator,web_development,node_js,Node.js,core,medium,intermediate,14,laravel
webmaster___it_systems_administrator,Webmaster & IT Systems Administrator,web_development,postgresql,PostgreSQL,core,medium,intermediate,15,node_js
webmaster___it_systems_administrator,Webmaster & IT Systems Administrator,web_development,vue_js,Vue.js,core,medium,intermediate,16,postgresql
webmaster___it_systems_administrator,Webmaster & IT Systems Administrator,web_development,rest_api,REST API,core,medium,intermediate,17,vue_js
webmaster___it_systems_administrator,Webmaster & IT Systems Administrator,web_development,react_js,React.js,core,medium,intermediate,18,rest_api
webmaster___it_systems_administrator,Webmaster & IT Systems Administrator,web_development,mongodb,MongoDB,core,medium,intermediate,19,react_js
webmaster___it_systems_administrator,Webmaster & IT Systems Administrator,web_development,next_js,Next.js,core,medium,intermediate,20,mongodb
webmaster___it_systems_administrator,Webmaster & IT Systems Administrator,web_development,docker,Docker,advanced,medium,advanced,21,next_js
webmaster___it_systems_administrator,Webmaster & IT Systems Administrator,web_development,aws,AWS,advanced,medium,advanced,22,docker
webmaster___it_systems_administrator,Webmaster & IT Systems Administrator,web_development,azure,Azure,advanced,medium,advanced,23,aws
webmaster___it_systems_administrator,Webmaster & IT Systems Administrator,web_development,linux,Linux,advanced,medium,advanced,24,azure
webmaster___it_systems_administrator,Webmaster & IT Systems Administrator,web_development,gcp,GCP,advanced,medium,advanced,25,linux
webmaster___it_systems_administrator,Webmaster & IT Systems Administrator,web_development,cybersecurity,Cybersecurity,advanced,medium,advanced,26,gcp
webmaster___it_systems_administrator,Webmaster & IT Systems Administrator,web_development,ci_cd,CI/CD,advanced,medium,advanced,27,cybersecurity
webmaster___it_systems_administrator,Webmaster & IT Systems Administrator,web_development,penetration_testing,Penetration Testing,advanced,medium,advanced,28,ci_cd
website_builder___content_publisher__ui_ux_experience_,Website Builder & Content Publisher [UI/UX Experience],ui_ux,html,HTML,fundamental,high,basic,1,
website_builder___content_publisher__ui_ux_experience_,Website Builder & Content Publisher [UI/UX Experience],ui_ux,css,CSS,fundamental,high,basic,2,html
website_builder___content_publisher__ui_ux_experience_,Website Builder & Content Publisher [UI/UX Experience],ui_ux,typescript,TypeScript,core,high,intermediate,3,css
website_builder___content_publisher__ui_ux_experience_,Website Builder & Content Publisher [UI/UX Experience],ui_ux,ui_ux,UI/UX,core,medium,intermediate,4,typescript
website_builder___content_publisher__ui_ux_experience_,Website Builder & Content Publisher [UI/UX Experience],ui_ux,machine_learning,Machine Learning,core,medium,intermediate,5,ui_ux
wordpress_leader,WordPress Leader,web_development,html,HTML,fundamental,high,basic,1,
wordpress_leader,WordPress Leader,web_development,javascript,JavaScript,fundamental,high,basic,2,html
wordpress_leader,WordPress Leader,web_development,problem_solving,Problem Solving,fundamental,high,basic,3,javascript
wordpress_leader,WordPress Leader,web_development,git,Git,fundamental,medium,basic,4,problem_solving
wordpress_leader,WordPress Leader,web_development,php,PHP,fundamental,medium,basic,5,git
wordpress_leader,WordPress Leader,web_development,css,CSS,fundamental,medium,basic,6,php
wordpress_leader,WordPress Leader,web_development,ui_ux,UI/UX,core,medium,intermediate,7,css
wordpress_leader,WordPress Leader,web_development,rest_api,REST API,core,medium,intermediate,8,ui_ux
wordpress_leader,WordPress Leader,web_development,mysql,MySQL,core,medium,intermediate,9,rest_api
workplace_security_architect,Workplace Security Architect,cyber_security,azure,Azure,advanced,high,advanced,1,
workplace_security_architect,Workplace Security Architect,cyber_security,gcp,GCP,advanced,high,advanced,2,azure
workplace_security_architect,Workplace Security Architect,cyber_security,aws,AWS,advanced,high,advanced,3,gcp
ios_developer,iOS Developer,ui_ux,typescript,TypeScript,core,high,intermediate,1,
ios_developer,iOS Developer,ui_ux,rest_api,REST API,core,high,intermediate,2,typescript
staff_it,staff IT,cyber_security,javascript,JavaScript,fundamental,high,basic,1,
staff_it,staff IT,cyber_security,java,Java,fundamental,high,basic,2,javascript
staff_it,staff IT,cyber_security,sql,SQL,fundamental,high,basic,3,java
staff_it,staff IT,cyber_security,php,PHP,fundamental,medium,basic,4,sql
staff_it,staff IT,cyber_security,mongodb,MongoDB,core,medium,intermediate,5,php
staff_it,staff IT,cyber_security,mysql,MySQL,core,medium,intermediate,6,mongodb
