question_id,skill_id,answer_value,skill_name,skill_score
Q_UI_U_0001,wireframing,belum_paham,Dynamic Skill,0.0
Q_UI_U_0001,wireframing,paham_dasar,Dynamic Skill,1.0
Q_UI_U_0001,ui_principles,cukup_paham,Dynamic Skill,2.0
Q_DATA_0002,python_basic,belum_paham,Dynamic Skill,0.0
Q_DATA_0002,spreadsheet_basic,paham_dasar,Dynamic Skill,1.0
Q_DATA_0002,spreadsheet_basic,cukup_paham,Dynamic Skill,2.0
Q_DATA_0003,spreadsheet_basic,belum_paham,Dynamic Skill,0.0
Q_DATA_0003,python_basic,paham_dasar,Dynamic Skill,1.0
Q_DATA_0003,sql_basic,cukup_paham,Dynamic Skill,2.0
Q_WEB__0004,javascript_basic,belum_paham,Dynamic Skill,0.0
Q_WEB__0004,css_basic,paham_dasar,Dynamic Skill,1.0
Q_WEB__0004,javascript_basic,cukup_paham,Dynamic Skill,2.0
Q_AI_M_0005,mlops,belum_paham,Dynamic Skill,0.0
Q_AI_M_0005,model_training,paham_dasar,Dynamic Skill,1.0
Q_AI_M_0005,python_basic,cukup_paham,Dynamic Skill,2.0
Q_CYBE_0006,linux_basic,belum_paham,Dynamic Skill,0.0
Q_CYBE_0006,networking_fundamental,paham_dasar,Dynamic Skill,1.0
Q_CYBE_0006,log_analysis,cukup_paham,Dynamic Skill,2.0
Q_CYBE_0007,networking_fundamental,belum_paham,Dynamic Skill,0.0
Q_CYBE_0007,linux_basic,paham_dasar,Dynamic Skill,1.0
Q_CYBE_0007,linux_basic,cukup_paham,Dynamic Skill,2.0
Q_DATA_0008,python_basic,belum_paham,Dynamic Skill,0.0
Q_DATA_0008,sql_basic,paham_dasar,Dynamic Skill,1.0
Q_DATA_0008,sql_basic,cukup_paham,Dynamic Skill,2.0
Q_WEB__0009,html_basic,belum_paham,Dynamic Skill,0.0
Q_WEB__0009,html_basic,paham_dasar,Dynamic Skill,1.0
Q_WEB__0009,html_basic,cukup_paham,Dynamic Skill,2.0
Q_UI_U_0010,figma,belum_paham,Dynamic Skill,0.0
Q_UI_U_0010,wireframing,paham_dasar,Dynamic Skill,1.0
Q_UI_U_0010,ui_principles,cukup_paham,Dynamic Skill,2.0
Q_UI_U_0011,figma,belum_paham,Dynamic Skill,0.0
Q_UI_U_0011,wireframing,paham_dasar,Dynamic Skill,1.0
Q_UI_U_0011,wireframing,cukup_paham,Dynamic Skill,2.0
Q_AI_M_0012,model_training,belum_paham,Dynamic Skill,0.0
Q_AI_M_0012,mlops,paham_dasar,Dynamic Skill,1.0
Q_AI_M_0012,model_training,cukup_paham,Dynamic Skill,2.0
Q_UI_U_0013,wireframing,belum_paham,Dynamic Skill,0.0
Q_UI_U_0013,ui_principles,paham_dasar,Dynamic Skill,1.0
Q_UI_U_0013,figma,cukup_paham,Dynamic Skill,2.0
Q_WEB__0014,javascript_basic,belum_paham,Dynamic Skill,0.0
Q_WEB__0014,css_basic,paham_dasar,Dynamic Skill,1.0
Q_WEB__0014,html_basic,cukup_paham,Dynamic Skill,2.0
Q_AI_M_0015,model_training,belum_paham,Dynamic Skill,0.0
Q_AI_M_0015,mlops,paham_dasar,Dynamic Skill,1.0
Q_AI_M_0015,model_training,cukup_paham,Dynamic Skill,2.0
Q_AI_M_0016,python_basic,belum_paham,Dynamic Skill,0.0
Q_AI_M_0016,model_training,paham_dasar,Dynamic Skill,1.0
Q_AI_M_0016,model_training,cukup_paham,Dynamic Skill,2.0
Q_UI_U_0017,ui_principles,belum_paham,Dynamic Skill,0.0
Q_UI_U_0017,wireframing,paham_dasar,Dynamic Skill,1.0
Q_UI_U_0017,figma,cukup_paham,Dynamic Skill,2.0
Q_DATA_0018,spreadsheet_basic,belum_paham,Dynamic Skill,0.0
Q_DATA_0018,spreadsheet_basic,paham_dasar,Dynamic Skill,1.0
Q_DATA_0018,sql_basic,cukup_paham,Dynamic Skill,2.0
Q_AI_M_0019,python_basic,belum_paham,Dynamic Skill,0.0
Q_AI_M_0019,python_basic,paham_dasar,Dynamic Skill,1.0
Q_AI_M_0019,python_basic,cukup_paham,Dynamic Skill,2.0
Q_CYBE_0020,networking_fundamental,belum_paham,Dynamic Skill,0.0
Q_CYBE_0020,linux_basic,paham_dasar,Dynamic Skill,1.0
Q_CYBE_0020,linux_basic,cukup_paham,Dynamic Skill,2.0
Q_AI_M_0021,model_training,belum_paham,Dynamic Skill,0.0
Q_AI_M_0021,mlops,paham_dasar,Dynamic Skill,1.0
Q_AI_M_0021,model_training,cukup_paham,Dynamic Skill,2.0
Q_CYBE_0022,log_analysis,belum_paham,Dynamic Skill,0.0
Q_CYBE_0022,log_analysis,paham_dasar,Dynamic Skill,1.0
Q_CYBE_0022,linux_basic,cukup_paham,Dynamic Skill,2.0
Q_UI_U_0023,ui_principles,belum_paham,Dynamic Skill,0.0
Q_UI_U_0023,ui_principles,paham_dasar,Dynamic Skill,1.0
Q_UI_U_0023,figma,cukup_paham,Dynamic Skill,2.0
Q_DATA_0024,spreadsheet_basic,belum_paham,Dynamic Skill,0.0
Q_DATA_0024,spreadsheet_basic,paham_dasar,Dynamic Skill,1.0
Q_DATA_0024,spreadsheet_basic,cukup_paham,Dynamic Skill,2.0
Q_CYBE_0025,linux_basic,belum_paham,Dynamic Skill,0.0
Q_CYBE_0025,linux_basic,paham_dasar,Dynamic Skill,1.0
Q_CYBE_0025,linux_basic,cukup_paham,Dynamic Skill,2.0
Q_CYBE_0026,networking_fundamental,belum_paham,Dynamic Skill,0.0
Q_CYBE_0026,linux_basic,paham_dasar,Dynamic Skill,1.0
Q_CYBE_0026,log_analysis,cukup_paham,Dynamic Skill,2.0
Q_CYBE_0027,linux_basic,belum_paham,Dynamic Skill,0.0
Q_CYBE_0027,networking_fundamental,paham_dasar,Dynamic Skill,1.0
Q_CYBE_0027,networking_fundamental,cukup_paham,Dynamic Skill,2.0
Q_WEB__0028,html_basic,belum_paham,Dynamic Skill,0.0
Q_WEB__0028,javascript_basic,paham_dasar,Dynamic Skill,1.0
Q_WEB__0028,html_basic,cukup_paham,Dynamic Skill,2.0
Q_CYBE_0029,networking_fundamental,belum_paham,Dynamic Skill,0.0
Q_CYBE_0029,linux_basic,paham_dasar,Dynamic Skill,1.0
Q_CYBE_0029,linux_basic,cukup_paham,Dynamic Skill,2.0
Q_DATA_0030,sql_basic,belum_paham,Dynamic Skill,0.0
Q_DATA_0030,sql_basic,paham_dasar,Dynamic Skill,1.0
Q_DATA_0030,sql_basic,cukup_paham,Dynamic Skill,2.0
Q_UI_U_0031,figma,belum_paham,Dynamic Skill,0.0
Q_UI_U_0031,wireframing,paham_dasar,Dynamic Skill,1.0
Q_UI_U_0031,figma,cukup_paham,Dynamic Skill,2.0
Q_CYBE_0032,linux_basic,belum_paham,Dynamic Skill,0.0
Q_CYBE_0032,linux_basic,paham_dasar,Dynamic Skill,1.0
Q_CYBE_0032,log_analysis,cukup_paham,Dynamic Skill,2.0
Q_CYBE_0033,linux_basic,belum_paham,Dynamic Skill,0.0
Q_CYBE_0033,log_analysis,paham_dasar,Dynamic Skill,1.0
Q_CYBE_0033,log_analysis,cukup_paham,Dynamic Skill,2.0
Q_DATA_0034,python_basic,belum_paham,Dynamic Skill,0.0
Q_DATA_0034,python_basic,paham_dasar,Dynamic Skill,1.0
Q_DATA_0034,sql_basic,cukup_paham,Dynamic Skill,2.0
Q_DATA_0035,python_basic,belum_paham,Dynamic Skill,0.0
Q_DATA_0035,sql_basic,paham_dasar,Dynamic Skill,1.0
Q_DATA_0035,sql_basic,cukup_paham,Dynamic Skill,2.0
Q_AI_M_0036,python_basic,belum_paham,Dynamic Skill,0.0
Q_AI_M_0036,mlops,paham_dasar,Dynamic Skill,1.0
Q_AI_M_0036,python_basic,cukup_paham,Dynamic Skill,2.0
Q_CYBE_0037,linux_basic,belum_paham,Dynamic Skill,0.0
Q_CYBE_0037,linux_basic,paham_dasar,Dynamic Skill,1.0
Q_CYBE_0037,log_analysis,cukup_paham,Dynamic Skill,2.0
Q_WEB__0038,css_basic,belum_paham,Dynamic Skill,0.0
Q_WEB__0038,css_basic,paham_dasar,Dynamic Skill,1.0
Q_WEB__0038,javascript_basic,cukup_paham,Dynamic Skill,2.0
Q_DATA_0039,sql_basic,belum_paham,Dynamic Skill,0.0
Q_DATA_0039,python_basic,paham_dasar,Dynamic Skill,1.0
Q_DATA_0039,spreadsheet_basic,cukup_paham,Dynamic Skill,2.0
Q_WEB__0040,html_basic,belum_paham,Dynamic Skill,0.0
Q_WEB__0040,html_basic,paham_dasar,Dynamic Skill,1.0
Q_WEB__0040,javascript_basic,cukup_paham,Dynamic Skill,2.0
Q_UI_U_0041,figma,belum_paham,Dynamic Skill,0.0
Q_UI_U_0041,figma,paham_dasar,Dynamic Skill,1.0
Q_UI_U_0041,figma,cukup_paham,Dynamic Skill,2.0
Q_AI_M_0042,python_basic,belum_paham,Dynamic Skill,0.0
Q_AI_M_0042,model_training,paham_dasar,Dynamic Skill,1.0
Q_AI_M_0042,python_basic,cukup_paham,Dynamic Skill,2.0
Q_UI_U_0043,wireframing,belum_paham,Dynamic Skill,0.0
Q_UI_U_0043,wireframing,paham_dasar,Dynamic Skill,1.0
Q_UI_U_0043,wireframing,cukup_paham,Dynamic Skill,2.0
Q_UI_U_0044,wireframing,belum_paham,Dynamic Skill,0.0
Q_UI_U_0044,figma,paham_dasar,Dynamic Skill,1.0
Q_UI_U_0044,figma,cukup_paham,Dynamic Skill,2.0
Q_DATA_0045,spreadsheet_basic,belum_paham,Dynamic Skill,0.0
Q_DATA_0045,python_basic,paham_dasar,Dynamic Skill,1.0
Q_DATA_0045,python_basic,cukup_paham,Dynamic Skill,2.0
Q_CYBE_0046,log_analysis,belum_paham,Dynamic Skill,0.0
Q_CYBE_0046,log_analysis,paham_dasar,Dynamic Skill,1.0
Q_CYBE_0046,log_analysis,cukup_paham,Dynamic Skill,2.0
Q_DATA_0047,spreadsheet_basic,belum_paham,Dynamic Skill,0.0
Q_DATA_0047,spreadsheet_basic,paham_dasar,Dynamic Skill,1.0
Q_DATA_0047,python_basic,cukup_paham,Dynamic Skill,2.0
Q_UI_U_0048,figma,belum_paham,Dynamic Skill,0.0
Q_UI_U_0048,ui_principles,paham_dasar,Dynamic Skill,1.0
Q_UI_U_0048,figma,cukup_paham,Dynamic Skill,2.0
Q_UI_U_0049,ui_principles,belum_paham,Dynamic Skill,0.0
Q_UI_U_0049,ui_principles,paham_dasar,Dynamic Skill,1.0
Q_UI_U_0049,figma,cukup_paham,Dynamic Skill,2.0
Q_UI_U_0050,wireframing,belum_paham,Dynamic Skill,0.0
Q_UI_U_0050,wireframing,paham_dasar,Dynamic Skill,1.0
Q_UI_U_0050,wireframing,cukup_paham,Dynamic Skill,2.0
Q_AI_M_0051,model_training,belum_paham,Dynamic Skill,0.0
Q_AI_M_0051,python_basic,paham_dasar,Dynamic Skill,1.0
Q_AI_M_0051,mlops,cukup_paham,Dynamic Skill,2.0
Q_UI_U_0052,ui_principles,belum_paham,Dynamic Skill,0.0
Q_UI_U_0052,wireframing,paham_dasar,Dynamic Skill,1.0
Q_UI_U_0052,figma,cukup_paham,Dynamic Skill,2.0
Q_CYBE_0053,linux_basic,belum_paham,Dynamic Skill,0.0
Q_CYBE_0053,networking_fundamental,paham_dasar,Dynamic Skill,1.0
Q_CYBE_0053,log_analysis,cukup_paham,Dynamic Skill,2.0
Q_AI_M_0054,mlops,belum_paham,Dynamic Skill,0.0
Q_AI_M_0054,model_training,paham_dasar,Dynamic Skill,1.0
Q_AI_M_0054,model_training,cukup_paham,Dynamic Skill,2.0
Q_CYBE_0055,networking_fundamental,belum_paham,Dynamic Skill,0.0
Q_CYBE_0055,linux_basic,paham_dasar,Dynamic Skill,1.0
Q_CYBE_0055,log_analysis,cukup_paham,Dynamic Skill,2.0
Q_DATA_0056,python_basic,belum_paham,Dynamic Skill,0.0
Q_DATA_0056,python_basic,paham_dasar,Dynamic Skill,1.0
Q_DATA_0056,sql_basic,cukup_paham,Dynamic Skill,2.0
Q_UI_U_0057,wireframing,belum_paham,Dynamic Skill,0.0
Q_UI_U_0057,ui_principles,paham_dasar,Dynamic Skill,1.0
Q_UI_U_0057,figma,cukup_paham,Dynamic Skill,2.0
Q_UI_U_0058,figma,belum_paham,Dynamic Skill,0.0
Q_UI_U_0058,wireframing,paham_dasar,Dynamic Skill,1.0
Q_UI_U_0058,wireframing,cukup_paham,Dynamic Skill,2.0
Q_WEB__0059,css_basic,belum_paham,Dynamic Skill,0.0
Q_WEB__0059,javascript_basic,paham_dasar,Dynamic Skill,1.0
Q_WEB__0059,css_basic,cukup_paham,Dynamic Skill,2.0
Q_AI_M_0060,python_basic,belum_paham,Dynamic Skill,0.0
Q_AI_M_0060,model_training,paham_dasar,Dynamic Skill,1.0
Q_AI_M_0060,mlops,cukup_paham,Dynamic Skill,2.0
Q_AI_M_0061,model_training,belum_paham,Dynamic Skill,0.0
Q_AI_M_0061,mlops,paham_dasar,Dynamic Skill,1.0
Q_AI_M_0061,model_training,cukup_paham,Dynamic Skill,2.0
Q_DATA_0062,python_basic,belum_paham,Dynamic Skill,0.0
Q_DATA_0062,spreadsheet_basic,paham_dasar,Dynamic Skill,1.0
Q_DATA_0062,spreadsheet_basic,cukup_paham,Dynamic Skill,2.0
Q_AI_M_0063,mlops,belum_paham,Dynamic Skill,0.0
Q_AI_M_0063,model_training,paham_dasar,Dynamic Skill,1.0
Q_AI_M_0063,model_training,cukup_paham,Dynamic Skill,2.0
Q_AI_M_0064,model_training,belum_paham,Dynamic Skill,0.0
Q_AI_M_0064,model_training,paham_dasar,Dynamic Skill,1.0
Q_AI_M_0064,mlops,cukup_paham,Dynamic Skill,2.0
Q_AI_M_0065,mlops,belum_paham,Dynamic Skill,0.0
Q_AI_M_0065,mlops,paham_dasar,Dynamic Skill,1.0
Q_AI_M_0065,python_basic,cukup_paham,Dynamic Skill,2.0
Q_CYBE_0066,log_analysis,belum_paham,Dynamic Skill,0.0
Q_CYBE_0066,linux_basic,paham_dasar,Dynamic Skill,1.0
Q_CYBE_0066,log_analysis,cukup_paham,Dynamic Skill,2.0
Q_UI_U_0067,ui_principles,belum_paham,Dynamic Skill,0.0
Q_UI_U_0067,figma,paham_dasar,Dynamic Skill,1.0
Q_UI_U_0067,figma,cukup_paham,Dynamic Skill,2.0
Q_AI_M_0068,mlops,belum_paham,Dynamic Skill,0.0
Q_AI_M_0068,mlops,paham_dasar,Dynamic Skill,1.0
Q_AI_M_0068,model_training,cukup_paham,Dynamic Skill,2.0
Q_WEB__0069,css_basic,belum_paham,Dynamic Skill,0.0
Q_WEB__0069,html_basic,paham_dasar,Dynamic Skill,1.0
Q_WEB__0069,html_basic,cukup_paham,Dynamic Skill,2.0
Q_WEB__0070,css_basic,belum_paham,Dynamic Skill,0.0
Q_WEB__0070,html_basic,paham_dasar,Dynamic Skill,1.0
Q_WEB__0070,javascript_basic,cukup_paham,Dynamic Skill,2.0
Q_CYBE_0071,linux_basic,belum_paham,Dynamic Skill,0.0
Q_CYBE_0071,networking_fundamental,paham_dasar,Dynamic Skill,1.0
Q_CYBE_0071,networking_fundamental,cukup_paham,Dynamic Skill,2.0
Q_CYBE_0072,linux_basic,belum_paham,Dynamic Skill,0.0
Q_CYBE_0072,linux_basic,paham_dasar,Dynamic Skill,1.0
Q_CYBE_0072,linux_basic,cukup_paham,Dynamic Skill,2.0
Q_AI_M_0073,mlops,belum_paham,Dynamic Skill,0.0
Q_AI_M_0073,python_basic,paham_dasar,Dynamic Skill,1.0
Q_AI_M_0073,mlops,cukup_paham,Dynamic Skill,2.0
Q_DATA_0074,python_basic,belum_paham,Dynamic Skill,0.0
Q_DATA_0074,sql_basic,paham_dasar,Dynamic Skill,1.0
Q_DATA_0074,spreadsheet_basic,cukup_paham,Dynamic Skill,2.0
Q_AI_M_0075,mlops,belum_paham,Dynamic Skill,0.0
Q_AI_M_0075,python_basic,paham_dasar,Dynamic Skill,1.0
Q_AI_M_0075,model_training,cukup_paham,Dynamic Skill,2.0
Q_DATA_0076,sql_basic,belum_paham,Dynamic Skill,0.0
Q_DATA_0076,sql_basic,paham_dasar,Dynamic Skill,1.0
Q_DATA_0076,spreadsheet_basic,cukup_paham,Dynamic Skill,2.0
Q_AI_M_0077,mlops,belum_paham,Dynamic Skill,0.0
Q_AI_M_0077,mlops,paham_dasar,Dynamic Skill,1.0
Q_AI_M_0077,python_basic,cukup_paham,Dynamic Skill,2.0
Q_WEB__0078,html_basic,belum_paham,Dynamic Skill,0.0
Q_WEB__0078,css_basic,paham_dasar,Dynamic Skill,1.0
Q_WEB__0078,css_basic,cukup_paham,Dynamic Skill,2.0
Q_CYBE_0079,linux_basic,belum_paham,Dynamic Skill,0.0
Q_CYBE_0079,linux_basic,paham_dasar,Dynamic Skill,1.0
Q_CYBE_0079,linux_basic,cukup_paham,Dynamic Skill,2.0
Q_CYBE_0080,log_analysis,belum_paham,Dynamic Skill,0.0
Q_CYBE_0080,linux_basic,paham_dasar,Dynamic Skill,1.0
Q_CYBE_0080,log_analysis,cukup_paham,Dynamic Skill,2.0
Q_AI_M_0081,model_training,belum_paham,Dynamic Skill,0.0
Q_AI_M_0081,mlops,paham_dasar,Dynamic Skill,1.0
Q_AI_M_0081,mlops,cukup_paham,Dynamic Skill,2.0
Q_AI_M_0082,mlops,belum_paham,Dynamic Skill,0.0
Q_AI_M_0082,mlops,paham_dasar,Dynamic Skill,1.0
Q_AI_M_0082,model_training,cukup_paham,Dynamic Skill,2.0
Q_AI_M_0083,python_basic,belum_paham,Dynamic Skill,0.0
Q_AI_M_0083,mlops,paham_dasar,Dynamic Skill,1.0
Q_AI_M_0083,python_basic,cukup_paham,Dynamic Skill,2.0
Q_AI_M_0084,python_basic,belum_paham,Dynamic Skill,0.0
Q_AI_M_0084,python_basic,paham_dasar,Dynamic Skill,1.0
Q_AI_M_0084,model_training,cukup_paham,Dynamic Skill,2.0
Q_DATA_0085,python_basic,belum_paham,Dynamic Skill,0.0
Q_DATA_0085,python_basic,paham_dasar,Dynamic Skill,1.0
Q_DATA_0085,sql_basic,cukup_paham,Dynamic Skill,2.0
Q_CYBE_0086,log_analysis,belum_paham,Dynamic Skill,0.0
Q_CYBE_0086,networking_fundamental,paham_dasar,Dynamic Skill,1.0
Q_CYBE_0086,log_analysis,cukup_paham,Dynamic Skill,2.0
Q_UI_U_0087,wireframing,belum_paham,Dynamic Skill,0.0
Q_UI_U_0087,wireframing,paham_dasar,Dynamic Skill,1.0
Q_UI_U_0087,figma,cukup_paham,Dynamic Skill,2.0
Q_CYBE_0088,log_analysis,belum_paham,Dynamic Skill,0.0
Q_CYBE_0088,linux_basic,paham_dasar,Dynamic Skill,1.0
Q_CYBE_0088,networking_fundamental,cukup_paham,Dynamic Skill,2.0
Q_WEB__0089,css_basic,belum_paham,Dynamic Skill,0.0
Q_WEB__0089,html_basic,paham_dasar,Dynamic Skill,1.0
Q_WEB__0089,html_basic,cukup_paham,Dynamic Skill,2.0
Q_CYBE_0090,log_analysis,belum_paham,Dynamic Skill,0.0
Q_CYBE_0090,linux_basic,paham_dasar,Dynamic Skill,1.0
Q_CYBE_0090,networking_fundamental,cukup_paham,Dynamic Skill,2.0
Q_UI_U_0091,wireframing,belum_paham,Dynamic Skill,0.0
Q_UI_U_0091,wireframing,paham_dasar,Dynamic Skill,1.0
Q_UI_U_0091,wireframing,cukup_paham,Dynamic Skill,2.0
Q_UI_U_0092,wireframing,belum_paham,Dynamic Skill,0.0
Q_UI_U_0092,ui_principles,paham_dasar,Dynamic Skill,1.0
Q_UI_U_0092,figma,cukup_paham,Dynamic Skill,2.0
Q_DATA_0093,python_basic,belum_paham,Dynamic Skill,0.0
Q_DATA_0093,python_basic,paham_dasar,Dynamic Skill,1.0
Q_DATA_0093,spreadsheet_basic,cukup_paham,Dynamic Skill,2.0
Q_UI_U_0094,wireframing,belum_paham,Dynamic Skill,0.0
Q_UI_U_0094,ui_principles,paham_dasar,Dynamic Skill,1.0
Q_UI_U_0094,ui_principles,cukup_paham,Dynamic Skill,2.0
Q_AI_M_0095,model_training,belum_paham,Dynamic Skill,0.0
Q_AI_M_0095,python_basic,paham_dasar,Dynamic Skill,1.0
Q_AI_M_0095,mlops,cukup_paham,Dynamic Skill,2.0
Q_CYBE_0096,log_analysis,belum_paham,Dynamic Skill,0.0
Q_CYBE_0096,networking_fundamental,paham_dasar,Dynamic Skill,1.0
Q_CYBE_0096,networking_fundamental,cukup_paham,Dynamic Skill,2.0
Q_WEB__0097,html_basic,belum_paham,Dynamic Skill,0.0
Q_WEB__0097,html_basic,paham_dasar,Dynamic Skill,1.0
Q_WEB__0097,javascript_basic,cukup_paham,Dynamic Skill,2.0
Q_CYBE_0098,networking_fundamental,belum_paham,Dynamic Skill,0.0
Q_CYBE_0098,log_analysis,paham_dasar,Dynamic Skill,1.0
Q_CYBE_0098,linux_basic,cukup_paham,Dynamic Skill,2.0
Q_WEB__0099,css_basic,belum_paham,Dynamic Skill,0.0
Q_WEB__0099,javascript_basic,paham_dasar,Dynamic Skill,1.0
Q_WEB__0099,javascript_basic,cukup_paham,Dynamic Skill,2.0
Q_UI_U_0100,wireframing,belum_paham,Dynamic Skill,0.0
Q_UI_U_0100,figma,paham_dasar,Dynamic Skill,1.0
Q_UI_U_0100,wireframing,cukup_paham,Dynamic Skill,2.0
Q_CYBE_0101,linux_basic,belum_paham,Dynamic Skill,0.0
Q_CYBE_0101,log_analysis,paham_dasar,Dynamic Skill,1.0
Q_CYBE_0101,linux_basic,cukup_paham,Dynamic Skill,2.0
Q_DATA_0102,python_basic,belum_paham,Dynamic Skill,0.0
Q_DATA_0102,python_basic,paham_dasar,Dynamic Skill,1.0
Q_DATA_0102,sql_basic,cukup_paham,Dynamic Skill,2.0
Q_CYBE_0103,networking_fundamental,belum_paham,Dynamic Skill,0.0
Q_CYBE_0103,networking_fundamental,paham_dasar,Dynamic Skill,1.0
Q_CYBE_0103,log_analysis,cukup_paham,Dynamic Skill,2.0
Q_WEB__0104,html_basic,belum_paham,Dynamic Skill,0.0
Q_WEB__0104,html_basic,paham_dasar,Dynamic Skill,1.0
Q_WEB__0104,css_basic,cukup_paham,Dynamic Skill,2.0
Q_UI_U_0105,figma,belum_paham,Dynamic Skill,0.0
Q_UI_U_0105,wireframing,paham_dasar,Dynamic Skill,1.0
Q_UI_U_0105,wireframing,cukup_paham,Dynamic Skill,2.0
Q_UI_U_0106,figma,belum_paham,Dynamic Skill,0.0
Q_UI_U_0106,wireframing,paham_dasar,Dynamic Skill,1.0
Q_UI_U_0106,wireframing,cukup_paham,Dynamic Skill,2.0
Q_CYBE_0107,networking_fundamental,belum_paham,Dynamic Skill,0.0
Q_CYBE_0107,log_analysis,paham_dasar,Dynamic Skill,1.0
Q_CYBE_0107,log_analysis,cukup_paham,Dynamic Skill,2.0
Q_DATA_0108,spreadsheet_basic,belum_paham,Dynamic Skill,0.0
Q_DATA_0108,spreadsheet_basic,paham_dasar,Dynamic Skill,1.0
Q_DATA_0108,sql_basic,cukup_paham,Dynamic Skill,2.0
Q_CYBE_0109,log_analysis,belum_paham,Dynamic Skill,0.0
Q_CYBE_0109,log_analysis,paham_dasar,Dynamic Skill,1.0
Q_CYBE_0109,networking_fundamental,cukup_paham,Dynamic Skill,2.0
Q_AI_M_0110,mlops,belum_paham,Dynamic Skill,0.0
Q_AI_M_0110,mlops,paham_dasar,Dynamic Skill,1.0
Q_AI_M_0110,mlops,cukup_paham,Dynamic Skill,2.0
Q_DATA_0111,python_basic,belum_paham,Dynamic Skill,0.0
Q_DATA_0111,sql_basic,paham_dasar,Dynamic Skill,1.0
Q_DATA_0111,spreadsheet_basic,cukup_paham,Dynamic Skill,2.0
Q_AI_M_0112,python_basic,belum_paham,Dynamic Skill,0.0
Q_AI_M_0112,python_basic,paham_dasar,Dynamic Skill,1.0
Q_AI_M_0112,model_training,cukup_paham,Dynamic Skill,2.0
Q_AI_M_0113,mlops,belum_paham,Dynamic Skill,0.0
Q_AI_M_0113,mlops,paham_dasar,Dynamic Skill,1.0
Q_AI_M_0113,mlops,cukup_paham,Dynamic Skill,2.0
Q_DATA_0114,spreadsheet_basic,belum_paham,Dynamic Skill,0.0
Q_DATA_0114,python_basic,paham_dasar,Dynamic Skill,1.0
Q_DATA_0114,python_basic,cukup_paham,Dynamic Skill,2.0
Q_WEB__0115,javascript_basic,belum_paham,Dynamic Skill,0.0
Q_WEB__0115,html_basic,paham_dasar,Dynamic Skill,1.0
Q_WEB__0115,javascript_basic,cukup_paham,Dynamic Skill,2.0
Q_UI_U_0116,ui_principles,belum_paham,Dynamic Skill,0.0
Q_UI_U_0116,wireframing,paham_dasar,Dynamic Skill,1.0
Q_UI_U_0116,figma,cukup_paham,Dynamic Skill,2.0
Q_DATA_0117,sql_basic,belum_paham,Dynamic Skill,0.0
Q_DATA_0117,python_basic,paham_dasar,Dynamic Skill,1.0
Q_DATA_0117,python_basic,cukup_paham,Dynamic Skill,2.0
Q_WEB__0118,html_basic,belum_paham,Dynamic Skill,0.0
Q_WEB__0118,html_basic,paham_dasar,Dynamic Skill,1.0
Q_WEB__0118,css_basic,cukup_paham,Dynamic Skill,2.0
Q_UI_U_0119,figma,belum_paham,Dynamic Skill,0.0
Q_UI_U_0119,figma,paham_dasar,Dynamic Skill,1.0
Q_UI_U_0119,wireframing,cukup_paham,Dynamic Skill,2.0
Q_DATA_0120,spreadsheet_basic,belum_paham,Dynamic Skill,0.0
Q_DATA_0120,python_basic,paham_dasar,Dynamic Skill,1.0
Q_DATA_0120,sql_basic,cukup_paham,Dynamic Skill,2.0
Q_WEB__0121,javascript_basic,belum_paham,Dynamic Skill,0.0
Q_WEB__0121,html_basic,paham_dasar,Dynamic Skill,1.0
Q_WEB__0121,html_basic,cukup_paham,Dynamic Skill,2.0
Q_WEB__0122,javascript_basic,belum_paham,Dynamic Skill,0.0
Q_WEB__0122,javascript_basic,paham_dasar,Dynamic Skill,1.0
Q_WEB__0122,css_basic,cukup_paham,Dynamic Skill,2.0
Q_WEB__0123,javascript_basic,belum_paham,Dynamic Skill,0.0
Q_WEB__0123,html_basic,paham_dasar,Dynamic Skill,1.0
Q_WEB__0123,javascript_basic,cukup_paham,Dynamic Skill,2.0
Q_CYBE_0124,networking_fundamental,belum_paham,Dynamic Skill,0.0
Q_CYBE_0124,linux_basic,paham_dasar,Dynamic Skill,1.0
Q_CYBE_0124,log_analysis,cukup_paham,Dynamic Skill,2.0
Q_CYBE_0125,networking_fundamental,belum_paham,Dynamic Skill,0.0
Q_CYBE_0125,log_analysis,paham_dasar,Dynamic Skill,1.0
Q_CYBE_0125,linux_basic,cukup_paham,Dynamic Skill,2.0
Q_UI_U_0126,figma,belum_paham,Dynamic Skill,0.0
Q_UI_U_0126,ui_principles,paham_dasar,Dynamic Skill,1.0
Q_UI_U_0126,wireframing,cukup_paham,Dynamic Skill,2.0
Q_UI_U_0127,ui_principles,belum_paham,Dynamic Skill,0.0
Q_UI_U_0127,wireframing,paham_dasar,Dynamic Skill,1.0
Q_UI_U_0127,figma,cukup_paham,Dynamic Skill,2.0
Q_DATA_0128,spreadsheet_basic,belum_paham,Dynamic Skill,0.0
Q_DATA_0128,sql_basic,paham_dasar,Dynamic Skill,1.0
Q_DATA_0128,sql_basic,cukup_paham,Dynamic Skill,2.0
Q_CYBE_0129,networking_fundamental,belum_paham,Dynamic Skill,0.0
Q_CYBE_0129,linux_basic,paham_dasar,Dynamic Skill,1.0
Q_CYBE_0129,linux_basic,cukup_paham,Dynamic Skill,2.0
Q_UI_U_0130,wireframing,belum_paham,Dynamic Skill,0.0
Q_UI_U_0130,ui_principles,paham_dasar,Dynamic Skill,1.0
Q_UI_U_0130,figma,cukup_paham,Dynamic Skill,2.0
Q_WEB__0131,css_basic,belum_paham,Dynamic Skill,0.0
Q_WEB__0131,html_basic,paham_dasar,Dynamic Skill,1.0
Q_WEB__0131,css_basic,cukup_paham,Dynamic Skill,2.0
Q_CYBE_0132,linux_basic,belum_paham,Dynamic Skill,0.0
Q_CYBE_0132,log_analysis,paham_dasar,Dynamic Skill,1.0
Q_CYBE_0132,log_analysis,cukup_paham,Dynamic Skill,2.0
Q_AI_M_0133,mlops,belum_paham,Dynamic Skill,0.0
Q_AI_M_0133,python_basic,paham_dasar,Dynamic Skill,1.0
Q_AI_M_0133,mlops,cukup_paham,Dynamic Skill,2.0
Q_AI_M_0134,model_training,belum_paham,Dynamic Skill,0.0
Q_AI_M_0134,model_training,paham_dasar,Dynamic Skill,1.0
Q_AI_M_0134,python_basic,cukup_paham,Dynamic Skill,2.0
Q_CYBE_0135,networking_fundamental,belum_paham,Dynamic Skill,0.0
Q_CYBE_0135,networking_fundamental,paham_dasar,Dynamic Skill,1.0
Q_CYBE_0135,log_analysis,cukup_paham,Dynamic Skill,2.0
Q_DATA_0136,spreadsheet_basic,belum_paham,Dynamic Skill,0.0
Q_DATA_0136,sql_basic,paham_dasar,Dynamic Skill,1.0
Q_DATA_0136,python_basic,cukup_paham,Dynamic Skill,2.0
Q_AI_M_0137,model_training,belum_paham,Dynamic Skill,0.0
Q_AI_M_0137,python_basic,paham_dasar,Dynamic Skill,1.0
Q_AI_M_0137,mlops,cukup_paham,Dynamic Skill,2.0
Q_DATA_0138,spreadsheet_basic,belum_paham,Dynamic Skill,0.0
Q_DATA_0138,sql_basic,paham_dasar,Dynamic Skill,1.0
Q_DATA_0138,sql_basic,cukup_paham,Dynamic Skill,2.0
Q_UI_U_0139,ui_principles,belum_paham,Dynamic Skill,0.0
Q_UI_U_0139,wireframing,paham_dasar,Dynamic Skill,1.0
Q_UI_U_0139,ui_principles,cukup_paham,Dynamic Skill,2.0
Q_UI_U_0140,figma,belum_paham,Dynamic Skill,0.0
Q_UI_U_0140,figma,paham_dasar,Dynamic Skill,1.0
Q_UI_U_0140,wireframing,cukup_paham,Dynamic Skill,2.0
Q_UI_U_0141,figma,belum_paham,Dynamic Skill,0.0
Q_UI_U_0141,ui_principles,paham_dasar,Dynamic Skill,1.0
Q_UI_U_0141,wireframing,cukup_paham,Dynamic Skill,2.0
Q_AI_M_0142,mlops,belum_paham,Dynamic Skill,0.0
Q_AI_M_0142,mlops,paham_dasar,Dynamic Skill,1.0
Q_AI_M_0142,python_basic,cukup_paham,Dynamic Skill,2.0
Q_WEB__0143,css_basic,belum_paham,Dynamic Skill,0.0
Q_WEB__0143,javascript_basic,paham_dasar,Dynamic Skill,1.0
Q_WEB__0143,javascript_basic,cukup_paham,Dynamic Skill,2.0
Q_WEB__0144,html_basic,belum_paham,Dynamic Skill,0.0
Q_WEB__0144,css_basic,paham_dasar,Dynamic Skill,1.0
Q_WEB__0144,css_basic,cukup_paham,Dynamic Skill,2.0
Q_UI_U_0145,wireframing,belum_paham,Dynamic Skill,0.0
Q_UI_U_0145,ui_principles,paham_dasar,Dynamic Skill,1.0
Q_UI_U_0145,figma,cukup_paham,Dynamic Skill,2.0
Q_CYBE_0146,log_analysis,belum_paham,Dynamic Skill,0.0
Q_CYBE_0146,linux_basic,paham_dasar,Dynamic Skill,1.0
Q_CYBE_0146,linux_basic,cukup_paham,Dynamic Skill,2.0
Q_CYBE_0147,networking_fundamental,belum_paham,Dynamic Skill,0.0
Q_CYBE_0147,log_analysis,paham_dasar,Dynamic Skill,1.0
Q_CYBE_0147,networking_fundamental,cukup_paham,Dynamic Skill,2.0
Q_WEB__0148,html_basic,belum_paham,Dynamic Skill,0.0
Q_WEB__0148,html_basic,paham_dasar,Dynamic Skill,1.0
Q_WEB__0148,css_basic,cukup_paham,Dynamic Skill,2.0
Q_WEB__0149,css_basic,belum_paham,Dynamic Skill,0.0
Q_WEB__0149,css_basic,paham_dasar,Dynamic Skill,1.0
Q_WEB__0149,css_basic,cukup_paham,Dynamic Skill,2.0
Q_AI_M_0150,model_training,belum_paham,Dynamic Skill,0.0
Q_AI_M_0150,model_training,paham_dasar,Dynamic Skill,1.0
Q_AI_M_0150,mlops,cukup_paham,Dynamic Skill,2.0
Q_UI_U_0151,wireframing,belum_paham,Dynamic Skill,0.0
Q_UI_U_0151,wireframing,paham_dasar,Dynamic Skill,1.0
Q_UI_U_0151,wireframing,cukup_paham,Dynamic Skill,2.0
Q_CYBE_0152,linux_basic,belum_paham,Dynamic Skill,0.0
Q_CYBE_0152,linux_basic,paham_dasar,Dynamic Skill,1.0
Q_CYBE_0152,linux_basic,cukup_paham,Dynamic Skill,2.0
Q_DATA_0153,python_basic,belum_paham,Dynamic Skill,0.0
Q_DATA_0153,sql_basic,paham_dasar,Dynamic Skill,1.0
Q_DATA_0153,spreadsheet_basic,cukup_paham,Dynamic Skill,2.0
Q_AI_M_0154,mlops,belum_paham,Dynamic Skill,0.0
Q_AI_M_0154,python_basic,paham_dasar,Dynamic Skill,1.0
Q_AI_M_0154,model_training,cukup_paham,Dynamic Skill,2.0
Q_AI_M_0155,model_training,belum_paham,Dynamic Skill,0.0
Q_AI_M_0155,model_training,paham_dasar,Dynamic Skill,1.0
Q_AI_M_0155,mlops,cukup_paham,Dynamic Skill,2.0
Q_AI_M_0156,model_training,belum_paham,Dynamic Skill,0.0
Q_AI_M_0156,mlops,paham_dasar,Dynamic Skill,1.0
Q_AI_M_0156,mlops,cukup_paham,Dynamic Skill,2.0
Q_UI_U_0157,ui_principles,belum_paham,Dynamic Skill,0.0
Q_UI_U_0157,ui_principles,paham_dasar,Dynamic Skill,1.0
Q_UI_U_0157,figma,cukup_paham,Dynamic Skill,2.0
Q_AI_M_0158,model_training,belum_paham,Dynamic Skill,0.0
Q_AI_M_0158,mlops,paham_dasar,Dynamic Skill,1.0
Q_AI_M_0158,mlops,cukup_paham,Dynamic Skill,2.0
Q_UI_U_0159,wireframing,belum_paham,Dynamic Skill,0.0
Q_UI_U_0159,wireframing,paham_dasar,Dynamic Skill,1.0
Q_UI_U_0159,ui_principles,cukup_paham,Dynamic Skill,2.0
Q_DATA_0160,sql_basic,belum_paham,Dynamic Skill,0.0
Q_DATA_0160,python_basic,paham_dasar,Dynamic Skill,1.0
Q_DATA_0160,sql_basic,cukup_paham,Dynamic Skill,2.0
Q_DATA_0161,sql_basic,belum_paham,Dynamic Skill,0.0
Q_DATA_0161,python_basic,paham_dasar,Dynamic Skill,1.0
Q_DATA_0161,spreadsheet_basic,cukup_paham,Dynamic Skill,2.0
Q_WEB__0162,css_basic,belum_paham,Dynamic Skill,0.0
Q_WEB__0162,javascript_basic,paham_dasar,Dynamic Skill,1.0
Q_WEB__0162,html_basic,cukup_paham,Dynamic Skill,2.0
Q_DATA_0163,spreadsheet_basic,belum_paham,Dynamic Skill,0.0
Q_DATA_0163,spreadsheet_basic,paham_dasar,Dynamic Skill,1.0
Q_DATA_0163,python_basic,cukup_paham,Dynamic Skill,2.0
Q_AI_M_0164,model_training,belum_paham,Dynamic Skill,0.0
Q_AI_M_0164,model_training,paham_dasar,Dynamic Skill,1.0
Q_AI_M_0164,python_basic,cukup_paham,Dynamic Skill,2.0
Q_DATA_0165,python_basic,belum_paham,Dynamic Skill,0.0
Q_DATA_0165,python_basic,paham_dasar,Dynamic Skill,1.0
Q_DATA_0165,sql_basic,cukup_paham,Dynamic Skill,2.0
Q_CYBE_0166,networking_fundamental,belum_paham,Dynamic Skill,0.0
Q_CYBE_0166,linux_basic,paham_dasar,Dynamic Skill,1.0
Q_CYBE_0166,networking_fundamental,cukup_paham,Dynamic Skill,2.0
Q_DATA_0167,spreadsheet_basic,belum_paham,Dynamic Skill,0.0
Q_DATA_0167,sql_basic,paham_dasar,Dynamic Skill,1.0
Q_DATA_0167,python_basic,cukup_paham,Dynamic Skill,2.0
Q_WEB__0168,css_basic,belum_paham,Dynamic Skill,0.0
Q_WEB__0168,css_basic,paham_dasar,Dynamic Skill,1.0
Q_WEB__0168,html_basic,cukup_paham,Dynamic Skill,2.0
Q_WEB__0169,javascript_basic,belum_paham,Dynamic Skill,0.0
Q_WEB__0169,html_basic,paham_dasar,Dynamic Skill,1.0
Q_WEB__0169,html_basic,cukup_paham,Dynamic Skill,2.0
Q_UI_U_0170,figma,belum_paham,Dynamic Skill,0.0
Q_UI_U_0170,ui_principles,paham_dasar,Dynamic Skill,1.0
Q_UI_U_0170,wireframing,cukup_paham,Dynamic Skill,2.0
Q_WEB__0171,javascript_basic,belum_paham,Dynamic Skill,0.0
Q_WEB__0171,javascript_basic,paham_dasar,Dynamic Skill,1.0
Q_WEB__0171,javascript_basic,cukup_paham,Dynamic Skill,2.0
Q_WEB__0172,html_basic,belum_paham,Dynamic Skill,0.0
Q_WEB__0172,html_basic,paham_dasar,Dynamic Skill,1.0
Q_WEB__0172,html_basic,cukup_paham,Dynamic Skill,2.0
Q_AI_M_0173,mlops,belum_paham,Dynamic Skill,0.0
Q_AI_M_0173,python_basic,paham_dasar,Dynamic Skill,1.0
Q_AI_M_0173,mlops,cukup_paham,Dynamic Skill,2.0
Q_UI_U_0174,figma,belum_paham,Dynamic Skill,0.0
Q_UI_U_0174,ui_principles,paham_dasar,Dynamic Skill,1.0
Q_UI_U_0174,wireframing,cukup_paham,Dynamic Skill,2.0
Q_DATA_0175,spreadsheet_basic,belum_paham,Dynamic Skill,0.0
Q_DATA_0175,sql_basic,paham_dasar,Dynamic Skill,1.0
Q_DATA_0175,python_basic,cukup_paham,Dynamic Skill,2.0
Q_DATA_0176,python_basic,belum_paham,Dynamic Skill,0.0
Q_DATA_0176,sql_basic,paham_dasar,Dynamic Skill,1.0
Q_DATA_0176,spreadsheet_basic,cukup_paham,Dynamic Skill,2.0
Q_CYBE_0177,networking_fundamental,belum_paham,Dynamic Skill,0.0
Q_CYBE_0177,networking_fundamental,paham_dasar,Dynamic Skill,1.0
Q_CYBE_0177,networking_fundamental,cukup_paham,Dynamic Skill,2.0
Q_CYBE_0178,networking_fundamental,belum_paham,Dynamic Skill,0.0
Q_CYBE_0178,log_analysis,paham_dasar,Dynamic Skill,1.0
Q_CYBE_0178,linux_basic,cukup_paham,Dynamic Skill,2.0
Q_DATA_0179,sql_basic,belum_paham,Dynamic Skill,0.0
Q_DATA_0179,sql_basic,paham_dasar,Dynamic Skill,1.0
Q_DATA_0179,sql_basic,cukup_paham,Dynamic Skill,2.0
Q_UI_U_0180,figma,belum_paham,Dynamic Skill,0.0
Q_UI_U_0180,figma,paham_dasar,Dynamic Skill,1.0
Q_UI_U_0180,wireframing,cukup_paham,Dynamic Skill,2.0
Q_AI_M_0181,model_training,belum_paham,Dynamic Skill,0.0
Q_AI_M_0181,model_training,paham_dasar,Dynamic Skill,1.0
Q_AI_M_0181,mlops,cukup_paham,Dynamic Skill,2.0
Q_CYBE_0182,log_analysis,belum_paham,Dynamic Skill,0.0
Q_CYBE_0182,log_analysis,paham_dasar,Dynamic Skill,1.0
Q_CYBE_0182,networking_fundamental,cukup_paham,Dynamic Skill,2.0
Q_CYBE_0183,linux_basic,belum_paham,Dynamic Skill,0.0
Q_CYBE_0183,log_analysis,paham_dasar,Dynamic Skill,1.0
Q_CYBE_0183,networking_fundamental,cukup_paham,Dynamic Skill,2.0
Q_WEB__0184,css_basic,belum_paham,Dynamic Skill,0.0
Q_WEB__0184,javascript_basic,paham_dasar,Dynamic Skill,1.0
Q_WEB__0184,javascript_basic,cukup_paham,Dynamic Skill,2.0
Q_CYBE_0185,log_analysis,belum_paham,Dynamic Skill,0.0
Q_CYBE_0185,log_analysis,paham_dasar,Dynamic Skill,1.0
Q_CYBE_0185,linux_basic,cukup_paham,Dynamic Skill,2.0
Q_WEB__0186,css_basic,belum_paham,Dynamic Skill,0.0
Q_WEB__0186,javascript_basic,paham_dasar,Dynamic Skill,1.0
Q_WEB__0186,javascript_basic,cukup_paham,Dynamic Skill,2.0
Q_AI_M_0187,python_basic,belum_paham,Dynamic Skill,0.0
Q_AI_M_0187,model_training,paham_dasar,Dynamic Skill,1.0
Q_AI_M_0187,model_training,cukup_paham,Dynamic Skill,2.0
Q_DATA_0188,spreadsheet_basic,belum_paham,Dynamic Skill,0.0
Q_DATA_0188,python_basic,paham_dasar,Dynamic Skill,1.0
Q_DATA_0188,python_basic,cukup_paham,Dynamic Skill,2.0
Q_WEB__0189,css_basic,belum_paham,Dynamic Skill,0.0
Q_WEB__0189,javascript_basic,paham_dasar,Dynamic Skill,1.0
Q_WEB__0189,javascript_basic,cukup_paham,Dynamic Skill,2.0
Q_AI_M_0190,python_basic,belum_paham,Dynamic Skill,0.0
Q_AI_M_0190,python_basic,paham_dasar,Dynamic Skill,1.0
Q_AI_M_0190,model_training,cukup_paham,Dynamic Skill,2.0
Q_WEB__0191,css_basic,belum_paham,Dynamic Skill,0.0
Q_WEB__0191,javascript_basic,paham_dasar,Dynamic Skill,1.0
Q_WEB__0191,html_basic,cukup_paham,Dynamic Skill,2.0
Q_DATA_0192,spreadsheet_basic,belum_paham,Dynamic Skill,0.0
Q_DATA_0192,python_basic,paham_dasar,Dynamic Skill,1.0
Q_DATA_0192,sql_basic,cukup_paham,Dynamic Skill,2.0
Q_UI_U_0193,ui_principles,belum_paham,Dynamic Skill,0.0
Q_UI_U_0193,figma,paham_dasar,Dynamic Skill,1.0
Q_UI_U_0193,ui_principles,cukup_paham,Dynamic Skill,2.0
Q_UI_U_0194,figma,belum_paham,Dynamic Skill,0.0
Q_UI_U_0194,ui_principles,paham_dasar,Dynamic Skill,1.0
Q_UI_U_0194,ui_principles,cukup_paham,Dynamic Skill,2.0
Q_AI_M_0195,python_basic,belum_paham,Dynamic Skill,0.0
Q_AI_M_0195,mlops,paham_dasar,Dynamic Skill,1.0
Q_AI_M_0195,model_training,cukup_paham,Dynamic Skill,2.0
Q_WEB__0196,html_basic,belum_paham,Dynamic Skill,0.0
Q_WEB__0196,html_basic,paham_dasar,Dynamic Skill,1.0
Q_WEB__0196,html_basic,cukup_paham,Dynamic Skill,2.0
Q_AI_M_0197,python_basic,belum_paham,Dynamic Skill,0.0
Q_AI_M_0197,model_training,paham_dasar,Dynamic Skill,1.0
Q_AI_M_0197,model_training,cukup_paham,Dynamic Skill,2.0
Q_AI_M_0198,mlops,belum_paham,Dynamic Skill,0.0
Q_AI_M_0198,model_training,paham_dasar,Dynamic Skill,1.0
Q_AI_M_0198,model_training,cukup_paham,Dynamic Skill,2.0
Q_DATA_0199,spreadsheet_basic,belum_paham,Dynamic Skill,0.0
Q_DATA_0199,sql_basic,paham_dasar,Dynamic Skill,1.0
Q_DATA_0199,sql_basic,cukup_paham,Dynamic Skill,2.0
Q_UI_U_0200,ui_principles,belum_paham,Dynamic Skill,0.0
Q_UI_U_0200,wireframing,paham_dasar,Dynamic Skill,1.0
Q_UI_U_0200,ui_principles,cukup_paham,Dynamic Skill,2.0
Q_WEB__0201,javascript_basic,belum_paham,Dynamic Skill,0.0
Q_WEB__0201,javascript_basic,paham_dasar,Dynamic Skill,1.0
Q_WEB__0201,css_basic,cukup_paham,Dynamic Skill,2.0
Q_DATA_0202,sql_basic,belum_paham,Dynamic Skill,0.0
Q_DATA_0202,sql_basic,paham_dasar,Dynamic Skill,1.0
Q_DATA_0202,python_basic,cukup_paham,Dynamic Skill,2.0
Q_UI_U_0203,ui_principles,belum_paham,Dynamic Skill,0.0
Q_UI_U_0203,wireframing,paham_dasar,Dynamic Skill,1.0
Q_UI_U_0203,ui_principles,cukup_paham,Dynamic Skill,2.0
Q_UI_U_0204,wireframing,belum_paham,Dynamic Skill,0.0
Q_UI_U_0204,wireframing,paham_dasar,Dynamic Skill,1.0
Q_UI_U_0204,ui_principles,cukup_paham,Dynamic Skill,2.0
Q_DATA_0205,python_basic,belum_paham,Dynamic Skill,0.0
Q_DATA_0205,sql_basic,paham_dasar,Dynamic Skill,1.0
Q_DATA_0205,python_basic,cukup_paham,Dynamic Skill,2.0
Q_CYBE_0206,networking_fundamental,belum_paham,Dynamic Skill,0.0
Q_CYBE_0206,linux_basic,paham_dasar,Dynamic Skill,1.0
Q_CYBE_0206,networking_fundamental,cukup_paham,Dynamic Skill,2.0
Q_CYBE_0207,networking_fundamental,belum_paham,Dynamic Skill,0.0
Q_CYBE_0207,networking_fundamental,paham_dasar,Dynamic Skill,1.0
Q_CYBE_0207,networking_fundamental,cukup_paham,Dynamic Skill,2.0
Q_DATA_0208,sql_basic,belum_paham,Dynamic Skill,0.0
Q_DATA_0208,sql_basic,paham_dasar,Dynamic Skill,1.0
Q_DATA_0208,spreadsheet_basic,cukup_paham,Dynamic Skill,2.0
Q_CYBE_0209,linux_basic,belum_paham,Dynamic Skill,0.0
Q_CYBE_0209,log_analysis,paham_dasar,Dynamic Skill,1.0
Q_CYBE_0209,linux_basic,cukup_paham,Dynamic Skill,2.0
Q_DATA_0210,sql_basic,belum_paham,Dynamic Skill,0.0
Q_DATA_0210,spreadsheet_basic,paham_dasar,Dynamic Skill,1.0
Q_DATA_0210,python_basic,cukup_paham,Dynamic Skill,2.0
Q_DATA_0211,sql_basic,belum_paham,Dynamic Skill,0.0
Q_DATA_0211,python_basic,paham_dasar,Dynamic Skill,1.0
Q_DATA_0211,sql_basic,cukup_paham,Dynamic Skill,2.0
Q_WEB__0212,css_basic,belum_paham,Dynamic Skill,0.0
Q_WEB__0212,html_basic,paham_dasar,Dynamic Skill,1.0
Q_WEB__0212,html_basic,cukup_paham,Dynamic Skill,2.0
Q_AI_M_0213,mlops,belum_paham,Dynamic Skill,0.0
Q_AI_M_0213,model_training,paham_dasar,Dynamic Skill,1.0
Q_AI_M_0213,python_basic,cukup_paham,Dynamic Skill,2.0
Q_DATA_0214,spreadsheet_basic,belum_paham,Dynamic Skill,0.0
Q_DATA_0214,spreadsheet_basic,paham_dasar,Dynamic Skill,1.0
Q_DATA_0214,sql_basic,cukup_paham,Dynamic Skill,2.0
Q_WEB__0215,css_basic,belum_paham,Dynamic Skill,0.0
Q_WEB__0215,css_basic,paham_dasar,Dynamic Skill,1.0
Q_WEB__0215,html_basic,cukup_paham,Dynamic Skill,2.0
Q_WEB__0216,css_basic,belum_paham,Dynamic Skill,0.0
Q_WEB__0216,html_basic,paham_dasar,Dynamic Skill,1.0
Q_WEB__0216,html_basic,cukup_paham,Dynamic Skill,2.0
Q_WEB__0217,javascript_basic,belum_paham,Dynamic Skill,0.0
Q_WEB__0217,html_basic,paham_dasar,Dynamic Skill,1.0
Q_WEB__0217,html_basic,cukup_paham,Dynamic Skill,2.0
Q_WEB__0218,css_basic,belum_paham,Dynamic Skill,0.0
Q_WEB__0218,css_basic,paham_dasar,Dynamic Skill,1.0
Q_WEB__0218,javascript_basic,cukup_paham,Dynamic Skill,2.0
Q_AI_M_0219,model_training,belum_paham,Dynamic Skill,0.0
Q_AI_M_0219,python_basic,paham_dasar,Dynamic Skill,1.0
Q_AI_M_0219,mlops,cukup_paham,Dynamic Skill,2.0
Q_AI_M_0220,model_training,belum_paham,Dynamic Skill,0.0
Q_AI_M_0220,mlops,paham_dasar,Dynamic Skill,1.0
Q_AI_M_0220,model_training,cukup_paham,Dynamic Skill,2.0
Q_CYBE_0221,linux_basic,belum_paham,Dynamic Skill,0.0
Q_CYBE_0221,log_analysis,paham_dasar,Dynamic Skill,1.0
Q_CYBE_0221,linux_basic,cukup_paham,Dynamic Skill,2.0
Q_CYBE_0222,log_analysis,belum_paham,Dynamic Skill,0.0
Q_CYBE_0222,networking_fundamental,paham_dasar,Dynamic Skill,1.0
Q_CYBE_0222,networking_fundamental,cukup_paham,Dynamic Skill,2.0
Q_WEB__0223,css_basic,belum_paham,Dynamic Skill,0.0
Q_WEB__0223,css_basic,paham_dasar,Dynamic Skill,1.0
Q_WEB__0223,javascript_basic,cukup_paham,Dynamic Skill,2.0
Q_AI_M_0224,model_training,belum_paham,Dynamic Skill,0.0
Q_AI_M_0224,mlops,paham_dasar,Dynamic Skill,1.0
Q_AI_M_0224,mlops,cukup_paham,Dynamic Skill,2.0
Q_AI_M_0225,python_basic,belum_paham,Dynamic Skill,0.0
Q_AI_M_0225,model_training,paham_dasar,Dynamic Skill,1.0
Q_AI_M_0225,mlops,cukup_paham,Dynamic Skill,2.0
Q_AI_M_0226,model_training,belum_paham,Dynamic Skill,0.0
Q_AI_M_0226,model_training,paham_dasar,Dynamic Skill,1.0
Q_AI_M_0226,mlops,cukup_paham,Dynamic Skill,2.0
Q_CYBE_0227,linux_basic,belum_paham,Dynamic Skill,0.0
Q_CYBE_0227,log_analysis,paham_dasar,Dynamic Skill,1.0
Q_CYBE_0227,log_analysis,cukup_paham,Dynamic Skill,2.0
Q_DATA_0228,python_basic,belum_paham,Dynamic Skill,0.0
Q_DATA_0228,sql_basic,paham_dasar,Dynamic Skill,1.0
Q_DATA_0228,spreadsheet_basic,cukup_paham,Dynamic Skill,2.0
Q_DATA_0229,python_basic,belum_paham,Dynamic Skill,0.0
Q_DATA_0229,spreadsheet_basic,paham_dasar,Dynamic Skill,1.0
Q_DATA_0229,python_basic,cukup_paham,Dynamic Skill,2.0
Q_AI_M_0230,python_basic,belum_paham,Dynamic Skill,0.0
Q_AI_M_0230,model_training,paham_dasar,Dynamic Skill,1.0
Q_AI_M_0230,mlops,cukup_paham,Dynamic Skill,2.0
Q_UI_U_0231,ui_principles,belum_paham,Dynamic Skill,0.0
Q_UI_U_0231,wireframing,paham_dasar,Dynamic Skill,1.0
Q_UI_U_0231,ui_principles,cukup_paham,Dynamic Skill,2.0
Q_UI_U_0232,figma,belum_paham,Dynamic Skill,0.0
Q_UI_U_0232,wireframing,paham_dasar,Dynamic Skill,1.0
Q_UI_U_0232,figma,cukup_paham,Dynamic Skill,2.0
Q_WEB__0233,javascript_basic,belum_paham,Dynamic Skill,0.0
Q_WEB__0233,javascript_basic,paham_dasar,Dynamic Skill,1.0
Q_WEB__0233,javascript_basic,cukup_paham,Dynamic Skill,2.0
Q_UI_U_0234,figma,belum_paham,Dynamic Skill,0.0
Q_UI_U_0234,ui_principles,paham_dasar,Dynamic Skill,1.0
Q_UI_U_0234,wireframing,cukup_paham,Dynamic Skill,2.0
Q_CYBE_0235,networking_fundamental,belum_paham,Dynamic Skill,0.0
Q_CYBE_0235,networking_fundamental,paham_dasar,Dynamic Skill,1.0
Q_CYBE_0235,networking_fundamental,cukup_paham,Dynamic Skill,2.0
Q_AI_M_0236,python_basic,belum_paham,Dynamic Skill,0.0
Q_AI_M_0236,python_basic,paham_dasar,Dynamic Skill,1.0
Q_AI_M_0236,mlops,cukup_paham,Dynamic Skill,2.0
Q_AI_M_0237,python_basic,belum_paham,Dynamic Skill,0.0
Q_AI_M_0237,model_training,paham_dasar,Dynamic Skill,1.0
Q_AI_M_0237,python_basic,cukup_paham,Dynamic Skill,2.0
Q_DATA_0238,sql_basic,belum_paham,Dynamic Skill,0.0
Q_DATA_0238,sql_basic,paham_dasar,Dynamic Skill,1.0
Q_DATA_0238,spreadsheet_basic,cukup_paham,Dynamic Skill,2.0
Q_WEB__0239,html_basic,belum_paham,Dynamic Skill,0.0
Q_WEB__0239,css_basic,paham_dasar,Dynamic Skill,1.0
Q_WEB__0239,html_basic,cukup_paham,Dynamic Skill,2.0
Q_UI_U_0240,ui_principles,belum_paham,Dynamic Skill,0.0
Q_UI_U_0240,ui_principles,paham_dasar,Dynamic Skill,1.0
Q_UI_U_0240,figma,cukup_paham,Dynamic Skill,2.0
Q_WEB__0241,javascript_basic,belum_paham,Dynamic Skill,0.0
Q_WEB__0241,javascript_basic,paham_dasar,Dynamic Skill,1.0
Q_WEB__0241,html_basic,cukup_paham,Dynamic Skill,2.0
Q_AI_M_0242,mlops,belum_paham,Dynamic Skill,0.0
Q_AI_M_0242,mlops,paham_dasar,Dynamic Skill,1.0
Q_AI_M_0242,python_basic,cukup_paham,Dynamic Skill,2.0
Q_WEB__0243,css_basic,belum_paham,Dynamic Skill,0.0
Q_WEB__0243,html_basic,paham_dasar,Dynamic Skill,1.0
Q_WEB__0243,html_basic,cukup_paham,Dynamic Skill,2.0
Q_WEB__0244,css_basic,belum_paham,Dynamic Skill,0.0
Q_WEB__0244,html_basic,paham_dasar,Dynamic Skill,1.0
Q_WEB__0244,html_basic,cukup_paham,Dynamic Skill,2.0
Q_AI_M_0245,mlops,belum_paham,Dynamic Skill,0.0
Q_AI_M_0245,model_training,paham_dasar,Dynamic Skill,1.0
Q_AI_M_0245,model_training,cukup_paham,Dynamic Skill,2.0
Q_WEB__0246,javascript_basic,belum_paham,Dynamic Skill,0.0
Q_WEB__0246,html_basic,paham_dasar,Dynamic Skill,1.0
Q_WEB__0246,css_basic,cukup_paham,Dynamic Skill,2.0
Q_UI_U_0247,wireframing,belum_paham,Dynamic Skill,0.0
Q_UI_U_0247,ui_principles,paham_dasar,Dynamic Skill,1.0
Q_UI_U_0247,ui_principles,cukup_paham,Dynamic Skill,2.0
Q_UI_U_0248,wireframing,belum_paham,Dynamic Skill,0.0
Q_UI_U_0248,wireframing,paham_dasar,Dynamic Skill,1.0
Q_UI_U_0248,ui_principles,cukup_paham,Dynamic Skill,2.0
Q_WEB__0249,html_basic,belum_paham,Dynamic Skill,0.0
Q_WEB__0249,css_basic,paham_dasar,Dynamic Skill,1.0
Q_WEB__0249,css_basic,cukup_paham,Dynamic Skill,2.0
Q_CYBE_0250,log_analysis,belum_paham,Dynamic Skill,0.0
Q_CYBE_0250,log_analysis,paham_dasar,Dynamic Skill,1.0
Q_CYBE_0250,networking_fundamental,cukup_paham,Dynamic Skill,2.0
Q_DATA_0251,sql_basic,belum_paham,Dynamic Skill,0.0
Q_DATA_0251,python_basic,paham_dasar,Dynamic Skill,1.0
Q_DATA_0251,spreadsheet_basic,cukup_paham,Dynamic Skill,2.0
Q_DATA_0252,sql_basic,belum_paham,Dynamic Skill,0.0
Q_DATA_0252,sql_basic,paham_dasar,Dynamic Skill,1.0
Q_DATA_0252,spreadsheet_basic,cukup_paham,Dynamic Skill,2.0
Q_CYBE_0253,log_analysis,belum_paham,Dynamic Skill,0.0
Q_CYBE_0253,networking_fundamental,paham_dasar,Dynamic Skill,1.0
Q_CYBE_0253,networking_fundamental,cukup_paham,Dynamic Skill,2.0
Q_DATA_0254,python_basic,belum_paham,Dynamic Skill,0.0
Q_DATA_0254,sql_basic,paham_dasar,Dynamic Skill,1.0
Q_DATA_0254,sql_basic,cukup_paham,Dynamic Skill,2.0
Q_UI_U_0255,wireframing,belum_paham,Dynamic Skill,0.0
Q_UI_U_0255,ui_principles,paham_dasar,Dynamic Skill,1.0
Q_UI_U_0255,figma,cukup_paham,Dynamic Skill,2.0
Q_CYBE_0256,log_analysis,belum_paham,Dynamic Skill,0.0
Q_CYBE_0256,log_analysis,paham_dasar,Dynamic Skill,1.0
Q_CYBE_0256,log_analysis,cukup_paham,Dynamic Skill,2.0
Q_WEB__0257,javascript_basic,belum_paham,Dynamic Skill,0.0
Q_WEB__0257,css_basic,paham_dasar,Dynamic Skill,1.0
Q_WEB__0257,html_basic,cukup_paham,Dynamic Skill,2.0
Q_CYBE_0258,linux_basic,belum_paham,Dynamic Skill,0.0
Q_CYBE_0258,linux_basic,paham_dasar,Dynamic Skill,1.0
Q_CYBE_0258,log_analysis,cukup_paham,Dynamic Skill,2.0
Q_DATA_0259,sql_basic,belum_paham,Dynamic Skill,0.0
Q_DATA_0259,sql_basic,paham_dasar,Dynamic Skill,1.0
Q_DATA_0259,sql_basic,cukup_paham,Dynamic Skill,2.0
Q_DATA_0260,sql_basic,belum_paham,Dynamic Skill,0.0
Q_DATA_0260,python_basic,paham_dasar,Dynamic Skill,1.0
Q_DATA_0260,sql_basic,cukup_paham,Dynamic Skill,2.0
Q_WEB__0261,javascript_basic,belum_paham,Dynamic Skill,0.0
Q_WEB__0261,css_basic,paham_dasar,Dynamic Skill,1.0
Q_WEB__0261,html_basic,cukup_paham,Dynamic Skill,2.0
Q_AI_M_0262,mlops,belum_paham,Dynamic Skill,0.0
Q_AI_M_0262,mlops,paham_dasar,Dynamic Skill,1.0
Q_AI_M_0262,mlops,cukup_paham,Dynamic Skill,2.0
Q_WEB__0263,css_basic,belum_paham,Dynamic Skill,0.0
Q_WEB__0263,html_basic,paham_dasar,Dynamic Skill,1.0
Q_WEB__0263,css_basic,cukup_paham,Dynamic Skill,2.0
Q_DATA_0264,spreadsheet_basic,belum_paham,Dynamic Skill,0.0
Q_DATA_0264,python_basic,paham_dasar,Dynamic Skill,1.0
Q_DATA_0264,sql_basic,cukup_paham,Dynamic Skill,2.0
Q_CYBE_0265,log_analysis,belum_paham,Dynamic Skill,0.0
Q_CYBE_0265,log_analysis,paham_dasar,Dynamic Skill,1.0
Q_CYBE_0265,linux_basic,cukup_paham,Dynamic Skill,2.0
Q_AI_M_0266,python_basic,belum_paham,Dynamic Skill,0.0
Q_AI_M_0266,python_basic,paham_dasar,Dynamic Skill,1.0
Q_AI_M_0266,python_basic,cukup_paham,Dynamic Skill,2.0
Q_AI_M_0267,model_training,belum_paham,Dynamic Skill,0.0
Q_AI_M_0267,python_basic,paham_dasar,Dynamic Skill,1.0
Q_AI_M_0267,mlops,cukup_paham,Dynamic Skill,2.0
Q_DATA_0268,spreadsheet_basic,belum_paham,Dynamic Skill,0.0
Q_DATA_0268,python_basic,paham_dasar,Dynamic Skill,1.0
Q_DATA_0268,python_basic,cukup_paham,Dynamic Skill,2.0
Q_CYBE_0269,log_analysis,belum_paham,Dynamic Skill,0.0
Q_CYBE_0269,linux_basic,paham_dasar,Dynamic Skill,1.0
Q_CYBE_0269,log_analysis,cukup_paham,Dynamic Skill,2.0
Q_CYBE_0270,linux_basic,belum_paham,Dynamic Skill,0.0
Q_CYBE_0270,log_analysis,paham_dasar,Dynamic Skill,1.0
Q_CYBE_0270,networking_fundamental,cukup_paham,Dynamic Skill,2.0
Q_DATA_0271,spreadsheet_basic,belum_paham,Dynamic Skill,0.0
Q_DATA_0271,spreadsheet_basic,paham_dasar,Dynamic Skill,1.0
Q_DATA_0271,python_basic,cukup_paham,Dynamic Skill,2.0
Q_UI_U_0272,ui_principles,belum_paham,Dynamic Skill,0.0
Q_UI_U_0272,wireframing,paham_dasar,Dynamic Skill,1.0
Q_UI_U_0272,figma,cukup_paham,Dynamic Skill,2.0
Q_AI_M_0273,python_basic,belum_paham,Dynamic Skill,0.0
Q_AI_M_0273,python_basic,paham_dasar,Dynamic Skill,1.0
Q_AI_M_0273,python_basic,cukup_paham,Dynamic Skill,2.0
Q_CYBE_0274,networking_fundamental,belum_paham,Dynamic Skill,0.0
Q_CYBE_0274,log_analysis,paham_dasar,Dynamic Skill,1.0
Q_CYBE_0274,linux_basic,cukup_paham,Dynamic Skill,2.0
Q_DATA_0275,python_basic,belum_paham,Dynamic Skill,0.0
Q_DATA_0275,python_basic,paham_dasar,Dynamic Skill,1.0
Q_DATA_0275,python_basic,cukup_paham,Dynamic Skill,2.0
Q_WEB__0276,html_basic,belum_paham,Dynamic Skill,0.0
Q_WEB__0276,html_basic,paham_dasar,Dynamic Skill,1.0
Q_WEB__0276,html_basic,cukup_paham,Dynamic Skill,2.0
Q_CYBE_0277,log_analysis,belum_paham,Dynamic Skill,0.0
Q_CYBE_0277,linux_basic,paham_dasar,Dynamic Skill,1.0
Q_CYBE_0277,log_analysis,cukup_paham,Dynamic Skill,2.0
Q_AI_M_0278,mlops,belum_paham,Dynamic Skill,0.0
Q_AI_M_0278,mlops,paham_dasar,Dynamic Skill,1.0
Q_AI_M_0278,python_basic,cukup_paham,Dynamic Skill,2.0
Q_DATA_0279,spreadsheet_basic,belum_paham,Dynamic Skill,0.0
Q_DATA_0279,python_basic,paham_dasar,Dynamic Skill,1.0
Q_DATA_0279,sql_basic,cukup_paham,Dynamic Skill,2.0
Q_CYBE_0280,networking_fundamental,belum_paham,Dynamic Skill,0.0
Q_CYBE_0280,linux_basic,paham_dasar,Dynamic Skill,1.0
Q_CYBE_0280,networking_fundamental,cukup_paham,Dynamic Skill,2.0
Q_AI_M_0281,model_training,belum_paham,Dynamic Skill,0.0
Q_AI_M_0281,model_training,paham_dasar,Dynamic Skill,1.0
Q_AI_M_0281,python_basic,cukup_paham,Dynamic Skill,2.0
Q_DATA_0282,python_basic,belum_paham,Dynamic Skill,0.0
Q_DATA_0282,spreadsheet_basic,paham_dasar,Dynamic Skill,1.0
Q_DATA_0282,python_basic,cukup_paham,Dynamic Skill,2.0
Q_AI_M_0283,mlops,belum_paham,Dynamic Skill,0.0
Q_AI_M_0283,model_training,paham_dasar,Dynamic Skill,1.0
Q_AI_M_0283,model_training,cukup_paham,Dynamic Skill,2.0
Q_AI_M_0284,python_basic,belum_paham,Dynamic Skill,0.0
Q_AI_M_0284,python_basic,paham_dasar,Dynamic Skill,1.0
Q_AI_M_0284,python_basic,cukup_paham,Dynamic Skill,2.0
Q_CYBE_0285,log_analysis,belum_paham,Dynamic Skill,0.0
Q_CYBE_0285,networking_fundamental,paham_dasar,Dynamic Skill,1.0
Q_CYBE_0285,linux_basic,cukup_paham,Dynamic Skill,2.0
Q_WEB__0286,html_basic,belum_paham,Dynamic Skill,0.0
Q_WEB__0286,html_basic,paham_dasar,Dynamic Skill,1.0
Q_WEB__0286,css_basic,cukup_paham,Dynamic Skill,2.0
Q_AI_M_0287,model_training,belum_paham,Dynamic Skill,0.0
Q_AI_M_0287,python_basic,paham_dasar,Dynamic Skill,1.0
Q_AI_M_0287,python_basic,cukup_paham,Dynamic Skill,2.0
Q_WEB__0288,css_basic,belum_paham,Dynamic Skill,0.0
Q_WEB__0288,css_basic,paham_dasar,Dynamic Skill,1.0
Q_WEB__0288,javascript_basic,cukup_paham,Dynamic Skill,2.0
Q_DATA_0289,python_basic,belum_paham,Dynamic Skill,0.0
Q_DATA_0289,spreadsheet_basic,paham_dasar,Dynamic Skill,1.0
Q_DATA_0289,python_basic,cukup_paham,Dynamic Skill,2.0
Q_DATA_0290,spreadsheet_basic,belum_paham,Dynamic Skill,0.0
Q_DATA_0290,python_basic,paham_dasar,Dynamic Skill,1.0
Q_DATA_0290,spreadsheet_basic,cukup_paham,Dynamic Skill,2.0
Q_AI_M_0291,python_basic,belum_paham,Dynamic Skill,0.0
Q_AI_M_0291,python_basic,paham_dasar,Dynamic Skill,1.0
Q_AI_M_0291,mlops,cukup_paham,Dynamic Skill,2.0
Q_WEB__0292,javascript_basic,belum_paham,Dynamic Skill,0.0
Q_WEB__0292,javascript_basic,paham_dasar,Dynamic Skill,1.0
Q_WEB__0292,css_basic,cukup_paham,Dynamic Skill,2.0
Q_UI_U_0293,wireframing,belum_paham,Dynamic Skill,0.0
Q_UI_U_0293,figma,paham_dasar,Dynamic Skill,1.0
Q_UI_U_0293,ui_principles,cukup_paham,Dynamic Skill,2.0
Q_UI_U_0294,wireframing,belum_paham,Dynamic Skill,0.0
Q_UI_U_0294,ui_principles,paham_dasar,Dynamic Skill,1.0
Q_UI_U_0294,figma,cukup_paham,Dynamic Skill,2.0
Q_WEB__0295,css_basic,belum_paham,Dynamic Skill,0.0
Q_WEB__0295,javascript_basic,paham_dasar,Dynamic Skill,1.0
Q_WEB__0295,javascript_basic,cukup_paham,Dynamic Skill,2.0
Q_CYBE_0296,log_analysis,belum_paham,Dynamic Skill,0.0
Q_CYBE_0296,log_analysis,paham_dasar,Dynamic Skill,1.0
Q_CYBE_0296,log_analysis,cukup_paham,Dynamic Skill,2.0
Q_CYBE_0297,log_analysis,belum_paham,Dynamic Skill,0.0
Q_CYBE_0297,log_analysis,paham_dasar,Dynamic Skill,1.0
Q_CYBE_0297,log_analysis,cukup_paham,Dynamic Skill,2.0
Q_WEB__0298,javascript_basic,belum_paham,Dynamic Skill,0.0
Q_WEB__0298,javascript_basic,paham_dasar,Dynamic Skill,1.0
Q_WEB__0298,javascript_basic,cukup_paham,Dynamic Skill,2.0
Q_WEB__0299,html_basic,belum_paham,Dynamic Skill,0.0
Q_WEB__0299,css_basic,paham_dasar,Dynamic Skill,1.0
Q_WEB__0299,css_basic,cukup_paham,Dynamic Skill,2.0
Q_AI_M_0300,python_basic,belum_paham,Dynamic Skill,0.0
Q_AI_M_0300,model_training,paham_dasar,Dynamic Skill,1.0
Q_AI_M_0300,python_basic,cukup_paham,Dynamic Skill,2.0
Q_AI_M_0301,python_basic,belum_paham,Dynamic Skill,0.0
Q_AI_M_0301,model_training,paham_dasar,Dynamic Skill,1.0
Q_AI_M_0301,python_basic,cukup_paham,Dynamic Skill,2.0
Q_CYBE_0302,networking_fundamental,belum_paham,Dynamic Skill,0.0
Q_CYBE_0302,linux_basic,paham_dasar,Dynamic Skill,1.0
Q_CYBE_0302,log_analysis,cukup_paham,Dynamic Skill,2.0
Q_CYBE_0303,networking_fundamental,belum_paham,Dynamic Skill,0.0
Q_CYBE_0303,networking_fundamental,paham_dasar,Dynamic Skill,1.0
Q_CYBE_0303,networking_fundamental,cukup_paham,Dynamic Skill,2.0
Q_DATA_0304,spreadsheet_basic,belum_paham,Dynamic Skill,0.0
Q_DATA_0304,sql_basic,paham_dasar,Dynamic Skill,1.0
Q_DATA_0304,python_basic,cukup_paham,Dynamic Skill,2.0
Q_DATA_0305,spreadsheet_basic,belum_paham,Dynamic Skill,0.0
Q_DATA_0305,spreadsheet_basic,paham_dasar,Dynamic Skill,1.0
Q_DATA_0305,python_basic,cukup_paham,Dynamic Skill,2.0
Q_DATA_0306,sql_basic,belum_paham,Dynamic Skill,0.0
Q_DATA_0306,sql_basic,paham_dasar,Dynamic Skill,1.0
Q_DATA_0306,python_basic,cukup_paham,Dynamic Skill,2.0
Q_CYBE_0307,log_analysis,belum_paham,Dynamic Skill,0.0
Q_CYBE_0307,networking_fundamental,paham_dasar,Dynamic Skill,1.0
Q_CYBE_0307,networking_fundamental,cukup_paham,Dynamic Skill,2.0
Q_AI_M_0308,model_training,belum_paham,Dynamic Skill,0.0
Q_AI_M_0308,python_basic,paham_dasar,Dynamic Skill,1.0
Q_AI_M_0308,mlops,cukup_paham,Dynamic Skill,2.0
Q_DATA_0309,spreadsheet_basic,belum_paham,Dynamic Skill,0.0
Q_DATA_0309,sql_basic,paham_dasar,Dynamic Skill,1.0
Q_DATA_0309,python_basic,cukup_paham,Dynamic Skill,2.0
Q_UI_U_0310,wireframing,belum_paham,Dynamic Skill,0.0
Q_UI_U_0310,ui_principles,paham_dasar,Dynamic Skill,1.0
Q_UI_U_0310,wireframing,cukup_paham,Dynamic Skill,2.0
Q_UI_U_0311,wireframing,belum_paham,Dynamic Skill,0.0
Q_UI_U_0311,figma,paham_dasar,Dynamic Skill,1.0
Q_UI_U_0311,wireframing,cukup_paham,Dynamic Skill,2.0
Q_CYBE_0312,log_analysis,belum_paham,Dynamic Skill,0.0
Q_CYBE_0312,log_analysis,paham_dasar,Dynamic Skill,1.0
Q_CYBE_0312,networking_fundamental,cukup_paham,Dynamic Skill,2.0
Q_DATA_0313,sql_basic,belum_paham,Dynamic Skill,0.0
Q_DATA_0313,spreadsheet_basic,paham_dasar,Dynamic Skill,1.0
Q_DATA_0313,sql_basic,cukup_paham,Dynamic Skill,2.0
Q_WEB__0314,javascript_basic,belum_paham,Dynamic Skill,0.0
Q_WEB__0314,javascript_basic,paham_dasar,Dynamic Skill,1.0
Q_WEB__0314,html_basic,cukup_paham,Dynamic Skill,2.0
Q_DATA_0315,sql_basic,belum_paham,Dynamic Skill,0.0
Q_DATA_0315,spreadsheet_basic,paham_dasar,Dynamic Skill,1.0
Q_DATA_0315,sql_basic,cukup_paham,Dynamic Skill,2.0
Q_AI_M_0316,model_training,belum_paham,Dynamic Skill,0.0
Q_AI_M_0316,mlops,paham_dasar,Dynamic Skill,1.0
Q_AI_M_0316,model_training,cukup_paham,Dynamic Skill,2.0
Q_DATA_0317,sql_basic,belum_paham,Dynamic Skill,0.0
Q_DATA_0317,sql_basic,paham_dasar,Dynamic Skill,1.0
Q_DATA_0317,sql_basic,cukup_paham,Dynamic Skill,2.0
Q_UI_U_0318,ui_principles,belum_paham,Dynamic Skill,0.0
Q_UI_U_0318,wireframing,paham_dasar,Dynamic Skill,1.0
Q_UI_U_0318,figma,cukup_paham,Dynamic Skill,2.0
Q_DATA_0319,spreadsheet_basic,belum_paham,Dynamic Skill,0.0
Q_DATA_0319,sql_basic,paham_dasar,Dynamic Skill,1.0
Q_DATA_0319,python_basic,cukup_paham,Dynamic Skill,2.0
Q_DATA_0320,python_basic,belum_paham,Dynamic Skill,0.0
Q_DATA_0320,spreadsheet_basic,paham_dasar,Dynamic Skill,1.0
Q_DATA_0320,spreadsheet_basic,cukup_paham,Dynamic Skill,2.0
Q_UI_U_0321,wireframing,belum_paham,Dynamic Skill,0.0
Q_UI_U_0321,wireframing,paham_dasar,Dynamic Skill,1.0
Q_UI_U_0321,figma,cukup_paham,Dynamic Skill,2.0
Q_DATA_0322,sql_basic,belum_paham,Dynamic Skill,0.0
Q_DATA_0322,python_basic,paham_dasar,Dynamic Skill,1.0
Q_DATA_0322,sql_basic,cukup_paham,Dynamic Skill,2.0
Q_DATA_0323,sql_basic,belum_paham,Dynamic Skill,0.0
Q_DATA_0323,sql_basic,paham_dasar,Dynamic Skill,1.0
Q_DATA_0323,sql_basic,cukup_paham,Dynamic Skill,2.0
Q_AI_M_0324,mlops,belum_paham,Dynamic Skill,0.0
Q_AI_M_0324,python_basic,paham_dasar,Dynamic Skill,1.0
Q_AI_M_0324,python_basic,cukup_paham,Dynamic Skill,2.0
Q_AI_M_0325,mlops,belum_paham,Dynamic Skill,0.0
Q_AI_M_0325,python_basic,paham_dasar,Dynamic Skill,1.0
Q_AI_M_0325,model_training,cukup_paham,Dynamic Skill,2.0
Q_WEB__0326,html_basic,belum_paham,Dynamic Skill,0.0
Q_WEB__0326,javascript_basic,paham_dasar,Dynamic Skill,1.0
Q_WEB__0326,javascript_basic,cukup_paham,Dynamic Skill,2.0
Q_DATA_0327,python_basic,belum_paham,Dynamic Skill,0.0
Q_DATA_0327,sql_basic,paham_dasar,Dynamic Skill,1.0
Q_DATA_0327,spreadsheet_basic,cukup_paham,Dynamic Skill,2.0
Q_DATA_0328,python_basic,belum_paham,Dynamic Skill,0.0
Q_DATA_0328,sql_basic,paham_dasar,Dynamic Skill,1.0
Q_DATA_0328,python_basic,cukup_paham,Dynamic Skill,2.0
Q_DATA_0329,python_basic,belum_paham,Dynamic Skill,0.0
Q_DATA_0329,python_basic,paham_dasar,Dynamic Skill,1.0
Q_DATA_0329,python_basic,cukup_paham,Dynamic Skill,2.0
Q_UI_U_0330,wireframing,belum_paham,Dynamic Skill,0.0
Q_UI_U_0330,figma,paham_dasar,Dynamic Skill,1.0
Q_UI_U_0330,ui_principles,cukup_paham,Dynamic Skill,2.0
Q_AI_M_0331,mlops,belum_paham,Dynamic Skill,0.0
Q_AI_M_0331,model_training,paham_dasar,Dynamic Skill,1.0
Q_AI_M_0331,mlops,cukup_paham,Dynamic Skill,2.0
Q_DATA_0332,sql_basic,belum_paham,Dynamic Skill,0.0
Q_DATA_0332,spreadsheet_basic,paham_dasar,Dynamic Skill,1.0
Q_DATA_0332,spreadsheet_basic,cukup_paham,Dynamic Skill,2.0
Q_WEB__0333,html_basic,belum_paham,Dynamic Skill,0.0
Q_WEB__0333,javascript_basic,paham_dasar,Dynamic Skill,1.0
Q_WEB__0333,javascript_basic,cukup_paham,Dynamic Skill,2.0
Q_UI_U_0334,ui_principles,belum_paham,Dynamic Skill,0.0
Q_UI_U_0334,figma,paham_dasar,Dynamic Skill,1.0
Q_UI_U_0334,wireframing,cukup_paham,Dynamic Skill,2.0
Q_WEB__0335,html_basic,belum_paham,Dynamic Skill,0.0
Q_WEB__0335,javascript_basic,paham_dasar,Dynamic Skill,1.0
Q_WEB__0335,javascript_basic,cukup_paham,Dynamic Skill,2.0
Q_AI_M_0336,model_training,belum_paham,Dynamic Skill,0.0
Q_AI_M_0336,model_training,paham_dasar,Dynamic Skill,1.0
Q_AI_M_0336,model_training,cukup_paham,Dynamic Skill,2.0
Q_AI_M_0337,python_basic,belum_paham,Dynamic Skill,0.0
Q_AI_M_0337,model_training,paham_dasar,Dynamic Skill,1.0
Q_AI_M_0337,python_basic,cukup_paham,Dynamic Skill,2.0
Q_CYBE_0338,networking_fundamental,belum_paham,Dynamic Skill,0.0
Q_CYBE_0338,log_analysis,paham_dasar,Dynamic Skill,1.0
Q_CYBE_0338,log_analysis,cukup_paham,Dynamic Skill,2.0
Q_DATA_0339,sql_basic,belum_paham,Dynamic Skill,0.0
Q_DATA_0339,python_basic,paham_dasar,Dynamic Skill,1.0
Q_DATA_0339,spreadsheet_basic,cukup_paham,Dynamic Skill,2.0
Q_DATA_0340,sql_basic,belum_paham,Dynamic Skill,0.0
Q_DATA_0340,python_basic,paham_dasar,Dynamic Skill,1.0
Q_DATA_0340,python_basic,cukup_paham,Dynamic Skill,2.0
Q_DATA_0341,sql_basic,belum_paham,Dynamic Skill,0.0
Q_DATA_0341,spreadsheet_basic,paham_dasar,Dynamic Skill,1.0
Q_DATA_0341,python_basic,cukup_paham,Dynamic Skill,2.0
Q_DATA_0342,sql_basic,belum_paham,Dynamic Skill,0.0
Q_DATA_0342,spreadsheet_basic,paham_dasar,Dynamic Skill,1.0
Q_DATA_0342,spreadsheet_basic,cukup_paham,Dynamic Skill,2.0
Q_DATA_0343,sql_basic,belum_paham,Dynamic Skill,0.0
Q_DATA_0343,sql_basic,paham_dasar,Dynamic Skill,1.0
Q_DATA_0343,sql_basic,cukup_paham,Dynamic Skill,2.0
Q_CYBE_0344,linux_basic,belum_paham,Dynamic Skill,0.0
Q_CYBE_0344,networking_fundamental,paham_dasar,Dynamic Skill,1.0
Q_CYBE_0344,log_analysis,cukup_paham,Dynamic Skill,2.0
Q_WEB__0345,css_basic,belum_paham,Dynamic Skill,0.0
Q_WEB__0345,javascript_basic,paham_dasar,Dynamic Skill,1.0
Q_WEB__0345,css_basic,cukup_paham,Dynamic Skill,2.0
Q_UI_U_0346,figma,belum_paham,Dynamic Skill,0.0
Q_UI_U_0346,figma,paham_dasar,Dynamic Skill,1.0
Q_UI_U_0346,figma,cukup_paham,Dynamic Skill,2.0
Q_DATA_0347,python_basic,belum_paham,Dynamic Skill,0.0
Q_DATA_0347,sql_basic,paham_dasar,Dynamic Skill,1.0
Q_DATA_0347,python_basic,cukup_paham,Dynamic Skill,2.0
Q_WEB__0348,javascript_basic,belum_paham,Dynamic Skill,0.0
Q_WEB__0348,html_basic,paham_dasar,Dynamic Skill,1.0
Q_WEB__0348,css_basic,cukup_paham,Dynamic Skill,2.0
Q_CYBE_0349,linux_basic,belum_paham,Dynamic Skill,0.0
Q_CYBE_0349,log_analysis,paham_dasar,Dynamic Skill,1.0
Q_CYBE_0349,linux_basic,cukup_paham,Dynamic Skill,2.0
Q_UI_U_0350,figma,belum_paham,Dynamic Skill,0.0
Q_UI_U_0350,wireframing,paham_dasar,Dynamic Skill,1.0
Q_UI_U_0350,ui_principles,cukup_paham,Dynamic Skill,2.0
Q_WEB__0351,css_basic,belum_paham,Dynamic Skill,0.0
Q_WEB__0351,javascript_basic,paham_dasar,Dynamic Skill,1.0
Q_WEB__0351,html_basic,cukup_paham,Dynamic Skill,2.0
Q_WEB__0352,css_basic,belum_paham,Dynamic Skill,0.0
Q_WEB__0352,html_basic,paham_dasar,Dynamic Skill,1.0
Q_WEB__0352,javascript_basic,cukup_paham,Dynamic Skill,2.0
Q_DATA_0353,python_basic,belum_paham,Dynamic Skill,0.0
Q_DATA_0353,spreadsheet_basic,paham_dasar,Dynamic Skill,1.0
Q_DATA_0353,sql_basic,cukup_paham,Dynamic Skill,2.0
Q_CYBE_0354,networking_fundamental,belum_paham,Dynamic Skill,0.0
Q_CYBE_0354,networking_fundamental,paham_dasar,Dynamic Skill,1.0
Q_CYBE_0354,log_analysis,cukup_paham,Dynamic Skill,2.0
Q_DATA_0355,python_basic,belum_paham,Dynamic Skill,0.0
Q_DATA_0355,spreadsheet_basic,paham_dasar,Dynamic Skill,1.0
Q_DATA_0355,spreadsheet_basic,cukup_paham,Dynamic Skill,2.0
Q_DATA_0356,sql_basic,belum_paham,Dynamic Skill,0.0
Q_DATA_0356,spreadsheet_basic,paham_dasar,Dynamic Skill,1.0
Q_DATA_0356,python_basic,cukup_paham,Dynamic Skill,2.0
Q_UI_U_0357,wireframing,belum_paham,Dynamic Skill,0.0
Q_UI_U_0357,wireframing,paham_dasar,Dynamic Skill,1.0
Q_UI_U_0357,figma,cukup_paham,Dynamic Skill,2.0
Q_UI_U_0358,ui_principles,belum_paham,Dynamic Skill,0.0
Q_UI_U_0358,figma,paham_dasar,Dynamic Skill,1.0
Q_UI_U_0358,ui_principles,cukup_paham,Dynamic Skill,2.0
Q_WEB__0359,javascript_basic,belum_paham,Dynamic Skill,0.0
Q_WEB__0359,html_basic,paham_dasar,Dynamic Skill,1.0
Q_WEB__0359,javascript_basic,cukup_paham,Dynamic Skill,2.0
Q_AI_M_0360,python_basic,belum_paham,Dynamic Skill,0.0
Q_AI_M_0360,mlops,paham_dasar,Dynamic Skill,1.0
Q_AI_M_0360,python_basic,cukup_paham,Dynamic Skill,2.0
Q_DATA_0361,spreadsheet_basic,belum_paham,Dynamic Skill,0.0
Q_DATA_0361,python_basic,paham_dasar,Dynamic Skill,1.0
Q_DATA_0361,spreadsheet_basic,cukup_paham,Dynamic Skill,2.0
Q_AI_M_0362,model_training,belum_paham,Dynamic Skill,0.0
Q_AI_M_0362,model_training,paham_dasar,Dynamic Skill,1.0
Q_AI_M_0362,model_training,cukup_paham,Dynamic Skill,2.0
Q_WEB__0363,javascript_basic,belum_paham,Dynamic Skill,0.0
Q_WEB__0363,html_basic,paham_dasar,Dynamic Skill,1.0
Q_WEB__0363,javascript_basic,cukup_paham,Dynamic Skill,2.0
Q_WEB__0364,javascript_basic,belum_paham,Dynamic Skill,0.0
Q_WEB__0364,css_basic,paham_dasar,Dynamic Skill,1.0
Q_WEB__0364,css_basic,cukup_paham,Dynamic Skill,2.0
Q_DATA_0365,spreadsheet_basic,belum_paham,Dynamic Skill,0.0
Q_DATA_0365,sql_basic,paham_dasar,Dynamic Skill,1.0
Q_DATA_0365,sql_basic,cukup_paham,Dynamic Skill,2.0
Q_WEB__0366,html_basic,belum_paham,Dynamic Skill,0.0
Q_WEB__0366,html_basic,paham_dasar,Dynamic Skill,1.0
Q_WEB__0366,javascript_basic,cukup_paham,Dynamic Skill,2.0
Q_AI_M_0367,python_basic,belum_paham,Dynamic Skill,0.0
Q_AI_M_0367,model_training,paham_dasar,Dynamic Skill,1.0
Q_AI_M_0367,python_basic,cukup_paham,Dynamic Skill,2.0
Q_CYBE_0368,log_analysis,belum_paham,Dynamic Skill,0.0
Q_CYBE_0368,log_analysis,paham_dasar,Dynamic Skill,1.0
Q_CYBE_0368,linux_basic,cukup_paham,Dynamic Skill,2.0
Q_DATA_0369,sql_basic,belum_paham,Dynamic Skill,0.0
Q_DATA_0369,python_basic,paham_dasar,Dynamic Skill,1.0
Q_DATA_0369,python_basic,cukup_paham,Dynamic Skill,2.0
Q_AI_M_0370,python_basic,belum_paham,Dynamic Skill,0.0
Q_AI_M_0370,mlops,paham_dasar,Dynamic Skill,1.0
Q_AI_M_0370,model_training,cukup_paham,Dynamic Skill,2.0
Q_DATA_0371,python_basic,belum_paham,Dynamic Skill,0.0
Q_DATA_0371,spreadsheet_basic,paham_dasar,Dynamic Skill,1.0
Q_DATA_0371,spreadsheet_basic,cukup_paham,Dynamic Skill,2.0
Q_CYBE_0372,log_analysis,belum_paham,Dynamic Skill,0.0
Q_CYBE_0372,linux_basic,paham_dasar,Dynamic Skill,1.0
Q_CYBE_0372,networking_fundamental,cukup_paham,Dynamic Skill,2.0
Q_AI_M_0373,mlops,belum_paham,Dynamic Skill,0.0
Q_AI_M_0373,model_training,paham_dasar,Dynamic Skill,1.0
Q_AI_M_0373,mlops,cukup_paham,Dynamic Skill,2.0
Q_WEB__0374,css_basic,belum_paham,Dynamic Skill,0.0
Q_WEB__0374,javascript_basic,paham_dasar,Dynamic Skill,1.0
Q_WEB__0374,javascript_basic,cukup_paham,Dynamic Skill,2.0
Q_DATA_0375,python_basic,belum_paham,Dynamic Skill,0.0
Q_DATA_0375,python_basic,paham_dasar,Dynamic Skill,1.0
Q_DATA_0375,spreadsheet_basic,cukup_paham,Dynamic Skill,2.0
Q_UI_U_0376,figma,belum_paham,Dynamic Skill,0.0
Q_UI_U_0376,figma,paham_dasar,Dynamic Skill,1.0
Q_UI_U_0376,wireframing,cukup_paham,Dynamic Skill,2.0
Q_DATA_0377,sql_basic,belum_paham,Dynamic Skill,0.0
Q_DATA_0377,spreadsheet_basic,paham_dasar,Dynamic Skill,1.0
Q_DATA_0377,sql_basic,cukup_paham,Dynamic Skill,2.0
Q_UI_U_0378,figma,belum_paham,Dynamic Skill,0.0
Q_UI_U_0378,figma,paham_dasar,Dynamic Skill,1.0
Q_UI_U_0378,figma,cukup_paham,Dynamic Skill,2.0
Q_DATA_0379,sql_basic,belum_paham,Dynamic Skill,0.0
Q_DATA_0379,spreadsheet_basic,paham_dasar,Dynamic Skill,1.0
Q_DATA_0379,spreadsheet_basic,cukup_paham,Dynamic Skill,2.0
Q_CYBE_0380,linux_basic,belum_paham,Dynamic Skill,0.0
Q_CYBE_0380,linux_basic,paham_dasar,Dynamic Skill,1.0
Q_CYBE_0380,log_analysis,cukup_paham,Dynamic Skill,2.0
Q_UI_U_0381,figma,belum_paham,Dynamic Skill,0.0
Q_UI_U_0381,wireframing,paham_dasar,Dynamic Skill,1.0
Q_UI_U_0381,wireframing,cukup_paham,Dynamic Skill,2.0
Q_CYBE_0382,networking_fundamental,belum_paham,Dynamic Skill,0.0
Q_CYBE_0382,log_analysis,paham_dasar,Dynamic Skill,1.0
Q_CYBE_0382,networking_fundamental,cukup_paham,Dynamic Skill,2.0
Q_DATA_0383,python_basic,belum_paham,Dynamic Skill,0.0
Q_DATA_0383,spreadsheet_basic,paham_dasar,Dynamic Skill,1.0
Q_DATA_0383,spreadsheet_basic,cukup_paham,Dynamic Skill,2.0
Q_AI_M_0384,model_training,belum_paham,Dynamic Skill,0.0
Q_AI_M_0384,mlops,paham_dasar,Dynamic Skill,1.0
Q_AI_M_0384,python_basic,cukup_paham,Dynamic Skill,2.0
Q_CYBE_0385,networking_fundamental,belum_paham,Dynamic Skill,0.0
Q_CYBE_0385,linux_basic,paham_dasar,Dynamic Skill,1.0
Q_CYBE_0385,networking_fundamental,cukup_paham,Dynamic Skill,2.0
Q_DATA_0386,sql_basic,belum_paham,Dynamic Skill,0.0
Q_DATA_0386,python_basic,paham_dasar,Dynamic Skill,1.0
Q_DATA_0386,python_basic,cukup_paham,Dynamic Skill,2.0
Q_UI_U_0387,ui_principles,belum_paham,Dynamic Skill,0.0
Q_UI_U_0387,wireframing,paham_dasar,Dynamic Skill,1.0
Q_UI_U_0387,wireframing,cukup_paham,Dynamic Skill,2.0
Q_UI_U_0388,wireframing,belum_paham,Dynamic Skill,0.0
Q_UI_U_0388,ui_principles,paham_dasar,Dynamic Skill,1.0
Q_UI_U_0388,figma,cukup_paham,Dynamic Skill,2.0
Q_CYBE_0389,networking_fundamental,belum_paham,Dynamic Skill,0.0
Q_CYBE_0389,log_analysis,paham_dasar,Dynamic Skill,1.0
Q_CYBE_0389,log_analysis,cukup_paham,Dynamic Skill,2.0
Q_CYBE_0390,linux_basic,belum_paham,Dynamic Skill,0.0
Q_CYBE_0390,networking_fundamental,paham_dasar,Dynamic Skill,1.0
Q_CYBE_0390,networking_fundamental,cukup_paham,Dynamic Skill,2.0
Q_AI_M_0391,python_basic,belum_paham,Dynamic Skill,0.0
Q_AI_M_0391,model_training,paham_dasar,Dynamic Skill,1.0
Q_AI_M_0391,mlops,cukup_paham,Dynamic Skill,2.0
Q_UI_U_0392,wireframing,belum_paham,Dynamic Skill,0.0
Q_UI_U_0392,ui_principles,paham_dasar,Dynamic Skill,1.0
Q_UI_U_0392,wireframing,cukup_paham,Dynamic Skill,2.0
Q_AI_M_0393,mlops,belum_paham,Dynamic Skill,0.0
Q_AI_M_0393,mlops,paham_dasar,Dynamic Skill,1.0
Q_AI_M_0393,model_training,cukup_paham,Dynamic Skill,2.0
Q_CYBE_0394,linux_basic,belum_paham,Dynamic Skill,0.0
Q_CYBE_0394,linux_basic,paham_dasar,Dynamic Skill,1.0
Q_CYBE_0394,networking_fundamental,cukup_paham,Dynamic Skill,2.0
Q_UI_U_0395,wireframing,belum_paham,Dynamic Skill,0.0
Q_UI_U_0395,wireframing,paham_dasar,Dynamic Skill,1.0
Q_UI_U_0395,figma,cukup_paham,Dynamic Skill,2.0
Q_DATA_0396,python_basic,belum_paham,Dynamic Skill,0.0
Q_DATA_0396,python_basic,paham_dasar,Dynamic Skill,1.0
Q_DATA_0396,sql_basic,cukup_paham,Dynamic Skill,2.0
Q_UI_U_0397,ui_principles,belum_paham,Dynamic Skill,0.0
Q_UI_U_0397,wireframing,paham_dasar,Dynamic Skill,1.0
Q_UI_U_0397,ui_principles,cukup_paham,Dynamic Skill,2.0
Q_CYBE_0398,linux_basic,belum_paham,Dynamic Skill,0.0
Q_CYBE_0398,linux_basic,paham_dasar,Dynamic Skill,1.0
Q_CYBE_0398,linux_basic,cukup_paham,Dynamic Skill,2.0
Q_UI_U_0399,figma,belum_paham,Dynamic Skill,0.0
Q_UI_U_0399,figma,paham_dasar,Dynamic Skill,1.0
Q_UI_U_0399,wireframing,cukup_paham,Dynamic Skill,2.0
Q_CYBE_0400,networking_fundamental,belum_paham,Dynamic Skill,0.0
Q_CYBE_0400,networking_fundamental,paham_dasar,Dynamic Skill,1.0
Q_CYBE_0400,log_analysis,cukup_paham,Dynamic Skill,2.0
Q_CYBE_0401,linux_basic,belum_paham,Dynamic Skill,0.0
Q_CYBE_0401,linux_basic,paham_dasar,Dynamic Skill,1.0
Q_CYBE_0401,linux_basic,cukup_paham,Dynamic Skill,2.0
Q_DATA_0402,python_basic,belum_paham,Dynamic Skill,0.0
Q_DATA_0402,spreadsheet_basic,paham_dasar,Dynamic Skill,1.0
Q_DATA_0402,sql_basic,cukup_paham,Dynamic Skill,2.0
Q_DATA_0403,spreadsheet_basic,belum_paham,Dynamic Skill,0.0
Q_DATA_0403,spreadsheet_basic,paham_dasar,Dynamic Skill,1.0
Q_DATA_0403,sql_basic,cukup_paham,Dynamic Skill,2.0
Q_UI_U_0404,wireframing,belum_paham,Dynamic Skill,0.0
Q_UI_U_0404,wireframing,paham_dasar,Dynamic Skill,1.0
Q_UI_U_0404,ui_principles,cukup_paham,Dynamic Skill,2.0
Q_DATA_0405,sql_basic,belum_paham,Dynamic Skill,0.0
Q_DATA_0405,sql_basic,paham_dasar,Dynamic Skill,1.0
Q_DATA_0405,sql_basic,cukup_paham,Dynamic Skill,2.0
Q_DATA_0406,spreadsheet_basic,belum_paham,Dynamic Skill,0.0
Q_DATA_0406,spreadsheet_basic,paham_dasar,Dynamic Skill,1.0
Q_DATA_0406,sql_basic,cukup_paham,Dynamic Skill,2.0
Q_DATA_0407,python_basic,belum_paham,Dynamic Skill,0.0
Q_DATA_0407,spreadsheet_basic,paham_dasar,Dynamic Skill,1.0
Q_DATA_0407,python_basic,cukup_paham,Dynamic Skill,2.0
Q_DATA_0408,spreadsheet_basic,belum_paham,Dynamic Skill,0.0
Q_DATA_0408,sql_basic,paham_dasar,Dynamic Skill,1.0
Q_DATA_0408,sql_basic,cukup_paham,Dynamic Skill,2.0
Q_CYBE_0409,linux_basic,belum_paham,Dynamic Skill,0.0
Q_CYBE_0409,networking_fundamental,paham_dasar,Dynamic Skill,1.0
Q_CYBE_0409,log_analysis,cukup_paham,Dynamic Skill,2.0
Q_WEB__0410,css_basic,belum_paham,Dynamic Skill,0.0
Q_WEB__0410,javascript_basic,paham_dasar,Dynamic Skill,1.0
Q_WEB__0410,html_basic,cukup_paham,Dynamic Skill,2.0
Q_UI_U_0411,ui_principles,belum_paham,Dynamic Skill,0.0
Q_UI_U_0411,figma,paham_dasar,Dynamic Skill,1.0
Q_UI_U_0411,ui_principles,cukup_paham,Dynamic Skill,2.0
Q_WEB__0412,javascript_basic,belum_paham,Dynamic Skill,0.0
Q_WEB__0412,css_basic,paham_dasar,Dynamic Skill,1.0
Q_WEB__0412,css_basic,cukup_paham,Dynamic Skill,2.0
Q_DATA_0413,python_basic,belum_paham,Dynamic Skill,0.0
Q_DATA_0413,python_basic,paham_dasar,Dynamic Skill,1.0
Q_DATA_0413,spreadsheet_basic,cukup_paham,Dynamic Skill,2.0
Q_DATA_0414,sql_basic,belum_paham,Dynamic Skill,0.0
Q_DATA_0414,sql_basic,paham_dasar,Dynamic Skill,1.0
Q_DATA_0414,spreadsheet_basic,cukup_paham,Dynamic Skill,2.0
Q_AI_M_0415,python_basic,belum_paham,Dynamic Skill,0.0
Q_AI_M_0415,model_training,paham_dasar,Dynamic Skill,1.0
Q_AI_M_0415,mlops,cukup_paham,Dynamic Skill,2.0
Q_AI_M_0416,mlops,belum_paham,Dynamic Skill,0.0
Q_AI_M_0416,mlops,paham_dasar,Dynamic Skill,1.0
Q_AI_M_0416,python_basic,cukup_paham,Dynamic Skill,2.0
Q_WEB__0417,javascript_basic,belum_paham,Dynamic Skill,0.0
Q_WEB__0417,html_basic,paham_dasar,Dynamic Skill,1.0
Q_WEB__0417,css_basic,cukup_paham,Dynamic Skill,2.0
Q_UI_U_0418,figma,belum_paham,Dynamic Skill,0.0
Q_UI_U_0418,figma,paham_dasar,Dynamic Skill,1.0
Q_UI_U_0418,ui_principles,cukup_paham,Dynamic Skill,2.0
Q_UI_U_0419,ui_principles,belum_paham,Dynamic Skill,0.0
Q_UI_U_0419,figma,paham_dasar,Dynamic Skill,1.0
Q_UI_U_0419,wireframing,cukup_paham,Dynamic Skill,2.0
Q_UI_U_0420,ui_principles,belum_paham,Dynamic Skill,0.0
Q_UI_U_0420,wireframing,paham_dasar,Dynamic Skill,1.0
Q_UI_U_0420,figma,cukup_paham,Dynamic Skill,2.0
Q_AI_M_0421,mlops,belum_paham,Dynamic Skill,0.0
Q_AI_M_0421,mlops,paham_dasar,Dynamic Skill,1.0
Q_AI_M_0421,mlops,cukup_paham,Dynamic Skill,2.0
Q_CYBE_0422,log_analysis,belum_paham,Dynamic Skill,0.0
Q_CYBE_0422,log_analysis,paham_dasar,Dynamic Skill,1.0
Q_CYBE_0422,linux_basic,cukup_paham,Dynamic Skill,2.0
Q_AI_M_0423,model_training,belum_paham,Dynamic Skill,0.0
Q_AI_M_0423,python_basic,paham_dasar,Dynamic Skill,1.0
Q_AI_M_0423,mlops,cukup_paham,Dynamic Skill,2.0
Q_DATA_0424,sql_basic,belum_paham,Dynamic Skill,0.0
Q_DATA_0424,python_basic,paham_dasar,Dynamic Skill,1.0
Q_DATA_0424,spreadsheet_basic,cukup_paham,Dynamic Skill,2.0
Q_DATA_0425,sql_basic,belum_paham,Dynamic Skill,0.0
Q_DATA_0425,sql_basic,paham_dasar,Dynamic Skill,1.0
Q_DATA_0425,spreadsheet_basic,cukup_paham,Dynamic Skill,2.0
Q_AI_M_0426,mlops,belum_paham,Dynamic Skill,0.0
Q_AI_M_0426,python_basic,paham_dasar,Dynamic Skill,1.0
Q_AI_M_0426,python_basic,cukup_paham,Dynamic Skill,2.0
Q_DATA_0427,spreadsheet_basic,belum_paham,Dynamic Skill,0.0
Q_DATA_0427,sql_basic,paham_dasar,Dynamic Skill,1.0
Q_DATA_0427,python_basic,cukup_paham,Dynamic Skill,2.0
Q_CYBE_0428,networking_fundamental,belum_paham,Dynamic Skill,0.0
Q_CYBE_0428,linux_basic,paham_dasar,Dynamic Skill,1.0
Q_CYBE_0428,linux_basic,cukup_paham,Dynamic Skill,2.0
Q_CYBE_0429,log_analysis,belum_paham,Dynamic Skill,0.0
Q_CYBE_0429,networking_fundamental,paham_dasar,Dynamic Skill,1.0
Q_CYBE_0429,log_analysis,cukup_paham,Dynamic Skill,2.0
Q_UI_U_0430,ui_principles,belum_paham,Dynamic Skill,0.0
Q_UI_U_0430,wireframing,paham_dasar,Dynamic Skill,1.0
Q_UI_U_0430,figma,cukup_paham,Dynamic Skill,2.0
Q_WEB__0431,css_basic,belum_paham,Dynamic Skill,0.0
Q_WEB__0431,css_basic,paham_dasar,Dynamic Skill,1.0
Q_WEB__0431,html_basic,cukup_paham,Dynamic Skill,2.0
Q_AI_M_0432,python_basic,belum_paham,Dynamic Skill,0.0
Q_AI_M_0432,model_training,paham_dasar,Dynamic Skill,1.0
Q_AI_M_0432,python_basic,cukup_paham,Dynamic Skill,2.0
Q_DATA_0433,sql_basic,belum_paham,Dynamic Skill,0.0
Q_DATA_0433,spreadsheet_basic,paham_dasar,Dynamic Skill,1.0
Q_DATA_0433,sql_basic,cukup_paham,Dynamic Skill,2.0
Q_WEB__0434,html_basic,belum_paham,Dynamic Skill,0.0
Q_WEB__0434,javascript_basic,paham_dasar,Dynamic Skill,1.0
Q_WEB__0434,css_basic,cukup_paham,Dynamic Skill,2.0
Q_DATA_0435,python_basic,belum_paham,Dynamic Skill,0.0
Q_DATA_0435,sql_basic,paham_dasar,Dynamic Skill,1.0
Q_DATA_0435,sql_basic,cukup_paham,Dynamic Skill,2.0
Q_WEB__0436,html_basic,belum_paham,Dynamic Skill,0.0
Q_WEB__0436,javascript_basic,paham_dasar,Dynamic Skill,1.0
Q_WEB__0436,css_basic,cukup_paham,Dynamic Skill,2.0
Q_DATA_0437,python_basic,belum_paham,Dynamic Skill,0.0
Q_DATA_0437,sql_basic,paham_dasar,Dynamic Skill,1.0
Q_DATA_0437,spreadsheet_basic,cukup_paham,Dynamic Skill,2.0
Q_UI_U_0438,figma,belum_paham,Dynamic Skill,0.0
Q_UI_U_0438,figma,paham_dasar,Dynamic Skill,1.0
Q_UI_U_0438,figma,cukup_paham,Dynamic Skill,2.0
Q_WEB__0439,javascript_basic,belum_paham,Dynamic Skill,0.0
Q_WEB__0439,css_basic,paham_dasar,Dynamic Skill,1.0
Q_WEB__0439,javascript_basic,cukup_paham,Dynamic Skill,2.0
Q_AI_M_0440,python_basic,belum_paham,Dynamic Skill,0.0
Q_AI_M_0440,python_basic,paham_dasar,Dynamic Skill,1.0
Q_AI_M_0440,model_training,cukup_paham,Dynamic Skill,2.0
Q_AI_M_0441,model_training,belum_paham,Dynamic Skill,0.0
Q_AI_M_0441,model_training,paham_dasar,Dynamic Skill,1.0
Q_AI_M_0441,python_basic,cukup_paham,Dynamic Skill,2.0
Q_UI_U_0442,ui_principles,belum_paham,Dynamic Skill,0.0
Q_UI_U_0442,wireframing,paham_dasar,Dynamic Skill,1.0
Q_UI_U_0442,wireframing,cukup_paham,Dynamic Skill,2.0
Q_AI_M_0443,python_basic,belum_paham,Dynamic Skill,0.0
Q_AI_M_0443,mlops,paham_dasar,Dynamic Skill,1.0
Q_AI_M_0443,mlops,cukup_paham,Dynamic Skill,2.0
Q_DATA_0444,python_basic,belum_paham,Dynamic Skill,0.0
Q_DATA_0444,python_basic,paham_dasar,Dynamic Skill,1.0
Q_DATA_0444,sql_basic,cukup_paham,Dynamic Skill,2.0
Q_DATA_0445,python_basic,belum_paham,Dynamic Skill,0.0
Q_DATA_0445,python_basic,paham_dasar,Dynamic Skill,1.0
Q_DATA_0445,sql_basic,cukup_paham,Dynamic Skill,2.0
Q_WEB__0446,javascript_basic,belum_paham,Dynamic Skill,0.0
Q_WEB__0446,html_basic,paham_dasar,Dynamic Skill,1.0
Q_WEB__0446,html_basic,cukup_paham,Dynamic Skill,2.0
Q_DATA_0447,python_basic,belum_paham,Dynamic Skill,0.0
Q_DATA_0447,python_basic,paham_dasar,Dynamic Skill,1.0
Q_DATA_0447,spreadsheet_basic,cukup_paham,Dynamic Skill,2.0
Q_DATA_0448,spreadsheet_basic,belum_paham,Dynamic Skill,0.0
Q_DATA_0448,python_basic,paham_dasar,Dynamic Skill,1.0
Q_DATA_0448,spreadsheet_basic,cukup_paham,Dynamic Skill,2.0
Q_DATA_0449,python_basic,belum_paham,Dynamic Skill,0.0
Q_DATA_0449,python_basic,paham_dasar,Dynamic Skill,1.0
Q_DATA_0449,sql_basic,cukup_paham,Dynamic Skill,2.0
Q_AI_M_0450,mlops,belum_paham,Dynamic Skill,0.0
Q_AI_M_0450,mlops,paham_dasar,Dynamic Skill,1.0
Q_AI_M_0450,model_training,cukup_paham,Dynamic Skill,2.0
Q_AI_M_0451,mlops,belum_paham,Dynamic Skill,0.0
Q_AI_M_0451,mlops,paham_dasar,Dynamic Skill,1.0
Q_AI_M_0451,model_training,cukup_paham,Dynamic Skill,2.0
Q_AI_M_0452,model_training,belum_paham,Dynamic Skill,0.0
Q_AI_M_0452,mlops,paham_dasar,Dynamic Skill,1.0
Q_AI_M_0452,model_training,cukup_paham,Dynamic Skill,2.0
Q_DATA_0453,python_basic,belum_paham,Dynamic Skill,0.0
Q_DATA_0453,python_basic,paham_dasar,Dynamic Skill,1.0
Q_DATA_0453,sql_basic,cukup_paham,Dynamic Skill,2.0
Q_AI_M_0454,mlops,belum_paham,Dynamic Skill,0.0
Q_AI_M_0454,model_training,paham_dasar,Dynamic Skill,1.0
Q_AI_M_0454,mlops,cukup_paham,Dynamic Skill,2.0
Q_AI_M_0455,model_training,belum_paham,Dynamic Skill,0.0
Q_AI_M_0455,python_basic,paham_dasar,Dynamic Skill,1.0
Q_AI_M_0455,model_training,cukup_paham,Dynamic Skill,2.0
Q_DATA_0456,spreadsheet_basic,belum_paham,Dynamic Skill,0.0
Q_DATA_0456,spreadsheet_basic,paham_dasar,Dynamic Skill,1.0
Q_DATA_0456,spreadsheet_basic,cukup_paham,Dynamic Skill,2.0
Q_WEB__0457,html_basic,belum_paham,Dynamic Skill,0.0
Q_WEB__0457,html_basic,paham_dasar,Dynamic Skill,1.0
Q_WEB__0457,css_basic,cukup_paham,Dynamic Skill,2.0
Q_AI_M_0458,mlops,belum_paham,Dynamic Skill,0.0
Q_AI_M_0458,python_basic,paham_dasar,Dynamic Skill,1.0
Q_AI_M_0458,mlops,cukup_paham,Dynamic Skill,2.0
Q_WEB__0459,html_basic,belum_paham,Dynamic Skill,0.0
Q_WEB__0459,javascript_basic,paham_dasar,Dynamic Skill,1.0
Q_WEB__0459,css_basic,cukup_paham,Dynamic Skill,2.0
Q_DATA_0460,python_basic,belum_paham,Dynamic Skill,0.0
Q_DATA_0460,spreadsheet_basic,paham_dasar,Dynamic Skill,1.0
Q_DATA_0460,python_basic,cukup_paham,Dynamic Skill,2.0
Q_DATA_0461,sql_basic,belum_paham,Dynamic Skill,0.0
Q_DATA_0461,spreadsheet_basic,paham_dasar,Dynamic Skill,1.0
Q_DATA_0461,spreadsheet_basic,cukup_paham,Dynamic Skill,2.0
Q_UI_U_0462,wireframing,belum_paham,Dynamic Skill,0.0
Q_UI_U_0462,figma,paham_dasar,Dynamic Skill,1.0
Q_UI_U_0462,figma,cukup_paham,Dynamic Skill,2.0
Q_CYBE_0463,networking_fundamental,belum_paham,Dynamic Skill,0.0
Q_CYBE_0463,log_analysis,paham_dasar,Dynamic Skill,1.0
Q_CYBE_0463,networking_fundamental,cukup_paham,Dynamic Skill,2.0
Q_CYBE_0464,linux_basic,belum_paham,Dynamic Skill,0.0
Q_CYBE_0464,networking_fundamental,paham_dasar,Dynamic Skill,1.0
Q_CYBE_0464,linux_basic,cukup_paham,Dynamic Skill,2.0
Q_UI_U_0465,ui_principles,belum_paham,Dynamic Skill,0.0
Q_UI_U_0465,wireframing,paham_dasar,Dynamic Skill,1.0
Q_UI_U_0465,wireframing,cukup_paham,Dynamic Skill,2.0
Q_CYBE_0466,log_analysis,belum_paham,Dynamic Skill,0.0
Q_CYBE_0466,linux_basic,paham_dasar,Dynamic Skill,1.0
Q_CYBE_0466,linux_basic,cukup_paham,Dynamic Skill,2.0
Q_UI_U_0467,wireframing,belum_paham,Dynamic Skill,0.0
Q_UI_U_0467,wireframing,paham_dasar,Dynamic Skill,1.0
Q_UI_U_0467,ui_principles,cukup_paham,Dynamic Skill,2.0
Q_CYBE_0468,log_analysis,belum_paham,Dynamic Skill,0.0
Q_CYBE_0468,networking_fundamental,paham_dasar,Dynamic Skill,1.0
Q_CYBE_0468,networking_fundamental,cukup_paham,Dynamic Skill,2.0
Q_CYBE_0469,log_analysis,belum_paham,Dynamic Skill,0.0
Q_CYBE_0469,networking_fundamental,paham_dasar,Dynamic Skill,1.0
Q_CYBE_0469,linux_basic,cukup_paham,Dynamic Skill,2.0
Q_DATA_0470,python_basic,belum_paham,Dynamic Skill,0.0
Q_DATA_0470,python_basic,paham_dasar,Dynamic Skill,1.0
Q_DATA_0470,spreadsheet_basic,cukup_paham,Dynamic Skill,2.0
Q_AI_M_0471,python_basic,belum_paham,Dynamic Skill,0.0
Q_AI_M_0471,mlops,paham_dasar,Dynamic Skill,1.0
Q_AI_M_0471,mlops,cukup_paham,Dynamic Skill,2.0
Q_AI_M_0472,model_training,belum_paham,Dynamic Skill,0.0
Q_AI_M_0472,model_training,paham_dasar,Dynamic Skill,1.0
Q_AI_M_0472,python_basic,cukup_paham,Dynamic Skill,2.0
Q_CYBE_0473,log_analysis,belum_paham,Dynamic Skill,0.0
Q_CYBE_0473,log_analysis,paham_dasar,Dynamic Skill,1.0
Q_CYBE_0473,linux_basic,cukup_paham,Dynamic Skill,2.0
Q_UI_U_0474,wireframing,belum_paham,Dynamic Skill,0.0
Q_UI_U_0474,figma,paham_dasar,Dynamic Skill,1.0
Q_UI_U_0474,wireframing,cukup_paham,Dynamic Skill,2.0
Q_DATA_0475,sql_basic,belum_paham,Dynamic Skill,0.0
Q_DATA_0475,python_basic,paham_dasar,Dynamic Skill,1.0
Q_DATA_0475,spreadsheet_basic,cukup_paham,Dynamic Skill,2.0
Q_AI_M_0476,model_training,belum_paham,Dynamic Skill,0.0
Q_AI_M_0476,model_training,paham_dasar,Dynamic Skill,1.0
Q_AI_M_0476,mlops,cukup_paham,Dynamic Skill,2.0
Q_CYBE_0477,log_analysis,belum_paham,Dynamic Skill,0.0
Q_CYBE_0477,log_analysis,paham_dasar,Dynamic Skill,1.0
Q_CYBE_0477,networking_fundamental,cukup_paham,Dynamic Skill,2.0
Q_WEB__0478,css_basic,belum_paham,Dynamic Skill,0.0
Q_WEB__0478,javascript_basic,paham_dasar,Dynamic Skill,1.0
Q_WEB__0478,javascript_basic,cukup_paham,Dynamic Skill,2.0
Q_UI_U_0479,wireframing,belum_paham,Dynamic Skill,0.0
Q_UI_U_0479,wireframing,paham_dasar,Dynamic Skill,1.0
Q_UI_U_0479,ui_principles,cukup_paham,Dynamic Skill,2.0
Q_UI_U_0480,figma,belum_paham,Dynamic Skill,0.0
Q_UI_U_0480,ui_principles,paham_dasar,Dynamic Skill,1.0
Q_UI_U_0480,figma,cukup_paham,Dynamic Skill,2.0
Q_WEB__0481,html_basic,belum_paham,Dynamic Skill,0.0
Q_WEB__0481,css_basic,paham_dasar,Dynamic Skill,1.0
Q_WEB__0481,html_basic,cukup_paham,Dynamic Skill,2.0
Q_UI_U_0482,ui_principles,belum_paham,Dynamic Skill,0.0
Q_UI_U_0482,ui_principles,paham_dasar,Dynamic Skill,1.0
Q_UI_U_0482,ui_principles,cukup_paham,Dynamic Skill,2.0
Q_DATA_0483,python_basic,belum_paham,Dynamic Skill,0.0
Q_DATA_0483,python_basic,paham_dasar,Dynamic Skill,1.0
Q_DATA_0483,python_basic,cukup_paham,Dynamic Skill,2.0
Q_WEB__0484,javascript_basic,belum_paham,Dynamic Skill,0.0
Q_WEB__0484,css_basic,paham_dasar,Dynamic Skill,1.0
Q_WEB__0484,css_basic,cukup_paham,Dynamic Skill,2.0
Q_AI_M_0485,model_training,belum_paham,Dynamic Skill,0.0
Q_AI_M_0485,python_basic,paham_dasar,Dynamic Skill,1.0
Q_AI_M_0485,python_basic,cukup_paham,Dynamic Skill,2.0
Q_AI_M_0486,model_training,belum_paham,Dynamic Skill,0.0
Q_AI_M_0486,model_training,paham_dasar,Dynamic Skill,1.0
Q_AI_M_0486,python_basic,cukup_paham,Dynamic Skill,2.0
Q_UI_U_0487,ui_principles,belum_paham,Dynamic Skill,0.0
Q_UI_U_0487,ui_principles,paham_dasar,Dynamic Skill,1.0
Q_UI_U_0487,ui_principles,cukup_paham,Dynamic Skill,2.0
Q_DATA_0488,sql_basic,belum_paham,Dynamic Skill,0.0
Q_DATA_0488,python_basic,paham_dasar,Dynamic Skill,1.0
Q_DATA_0488,sql_basic,cukup_paham,Dynamic Skill,2.0
Q_AI_M_0489,mlops,belum_paham,Dynamic Skill,0.0
Q_AI_M_0489,python_basic,paham_dasar,Dynamic Skill,1.0
Q_AI_M_0489,mlops,cukup_paham,Dynamic Skill,2.0
Q_CYBE_0490,linux_basic,belum_paham,Dynamic Skill,0.0
Q_CYBE_0490,networking_fundamental,paham_dasar,Dynamic Skill,1.0
Q_CYBE_0490,networking_fundamental,cukup_paham,Dynamic Skill,2.0
Q_CYBE_0491,networking_fundamental,belum_paham,Dynamic Skill,0.0
Q_CYBE_0491,networking_fundamental,paham_dasar,Dynamic Skill,1.0
Q_CYBE_0491,linux_basic,cukup_paham,Dynamic Skill,2.0
Q_AI_M_0492,mlops,belum_paham,Dynamic Skill,0.0
Q_AI_M_0492,mlops,paham_dasar,Dynamic Skill,1.0
Q_AI_M_0492,model_training,cukup_paham,Dynamic Skill,2.0
Q_AI_M_0493,model_training,belum_paham,Dynamic Skill,0.0
Q_AI_M_0493,python_basic,paham_dasar,Dynamic Skill,1.0
Q_AI_M_0493,python_basic,cukup_paham,Dynamic Skill,2.0
Q_WEB__0494,html_basic,belum_paham,Dynamic Skill,0.0
Q_WEB__0494,html_basic,paham_dasar,Dynamic Skill,1.0
Q_WEB__0494,html_basic,cukup_paham,Dynamic Skill,2.0
Q_AI_M_0495,model_training,belum_paham,Dynamic Skill,0.0
Q_AI_M_0495,python_basic,paham_dasar,Dynamic Skill,1.0
Q_AI_M_0495,python_basic,cukup_paham,Dynamic Skill,2.0
Q_UI_U_0496,figma,belum_paham,Dynamic Skill,0.0
Q_UI_U_0496,ui_principles,paham_dasar,Dynamic Skill,1.0
Q_UI_U_0496,wireframing,cukup_paham,Dynamic Skill,2.0
Q_CYBE_0497,networking_fundamental,belum_paham,Dynamic Skill,0.0
Q_CYBE_0497,networking_fundamental,paham_dasar,Dynamic Skill,1.0
Q_CYBE_0497,log_analysis,cukup_paham,Dynamic Skill,2.0
Q_CYBE_0498,networking_fundamental,belum_paham,Dynamic Skill,0.0
Q_CYBE_0498,log_analysis,paham_dasar,Dynamic Skill,1.0
Q_CYBE_0498,log_analysis,cukup_paham,Dynamic Skill,2.0
Q_WEB__0499,html_basic,belum_paham,Dynamic Skill,0.0
Q_WEB__0499,javascript_basic,paham_dasar,Dynamic Skill,1.0
Q_WEB__0499,css_basic,cukup_paham,Dynamic Skill,2.0
Q_CYBE_0500,log_analysis,belum_paham,Dynamic Skill,0.0
Q_CYBE_0500,log_analysis,paham_dasar,Dynamic Skill,1.0
Q_CYBE_0500,networking_fundamental,cukup_paham,Dynamic Skill,2.0
Q_UI_U_0501,ui_principles,belum_paham,Dynamic Skill,0.0
Q_UI_U_0501,figma,paham_dasar,Dynamic Skill,1.0
Q_UI_U_0501,figma,cukup_paham,Dynamic Skill,2.0
Q_CYBE_0502,linux_basic,belum_paham,Dynamic Skill,0.0
Q_CYBE_0502,log_analysis,paham_dasar,Dynamic Skill,1.0
Q_CYBE_0502,linux_basic,cukup_paham,Dynamic Skill,2.0
Q_AI_M_0503,mlops,belum_paham,Dynamic Skill,0.0
Q_AI_M_0503,model_training,paham_dasar,Dynamic Skill,1.0
Q_AI_M_0503,model_training,cukup_paham,Dynamic Skill,2.0
Q_WEB__0504,html_basic,belum_paham,Dynamic Skill,0.0
Q_WEB__0504,javascript_basic,paham_dasar,Dynamic Skill,1.0
Q_WEB__0504,javascript_basic,cukup_paham,Dynamic Skill,2.0
Q_AI_M_0505,python_basic,belum_paham,Dynamic Skill,0.0
Q_AI_M_0505,model_training,paham_dasar,Dynamic Skill,1.0
Q_AI_M_0505,mlops,cukup_paham,Dynamic Skill,2.0
Q_WEB__0506,javascript_basic,belum_paham,Dynamic Skill,0.0
Q_WEB__0506,css_basic,paham_dasar,Dynamic Skill,1.0
Q_WEB__0506,javascript_basic,cukup_paham,Dynamic Skill,2.0
Q_UI_U_0507,ui_principles,belum_paham,Dynamic Skill,0.0
Q_UI_U_0507,ui_principles,paham_dasar,Dynamic Skill,1.0
Q_UI_U_0507,figma,cukup_paham,Dynamic Skill,2.0
Q_DATA_0508,spreadsheet_basic,belum_paham,Dynamic Skill,0.0
Q_DATA_0508,sql_basic,paham_dasar,Dynamic Skill,1.0
Q_DATA_0508,sql_basic,cukup_paham,Dynamic Skill,2.0
Q_UI_U_0509,wireframing,belum_paham,Dynamic Skill,0.0
Q_UI_U_0509,wireframing,paham_dasar,Dynamic Skill,1.0
Q_UI_U_0509,wireframing,cukup_paham,Dynamic Skill,2.0
Q_AI_M_0510,python_basic,belum_paham,Dynamic Skill,0.0
Q_AI_M_0510,python_basic,paham_dasar,Dynamic Skill,1.0
Q_AI_M_0510,mlops,cukup_paham,Dynamic Skill,2.0
Q_WEB__0511,css_basic,belum_paham,Dynamic Skill,0.0
Q_WEB__0511,html_basic,paham_dasar,Dynamic Skill,1.0
Q_WEB__0511,html_basic,cukup_paham,Dynamic Skill,2.0
Q_UI_U_0512,figma,belum_paham,Dynamic Skill,0.0
Q_UI_U_0512,wireframing,paham_dasar,Dynamic Skill,1.0
Q_UI_U_0512,ui_principles,cukup_paham,Dynamic Skill,2.0
Q_AI_M_0513,model_training,belum_paham,Dynamic Skill,0.0
Q_AI_M_0513,python_basic,paham_dasar,Dynamic Skill,1.0
Q_AI_M_0513,python_basic,cukup_paham,Dynamic Skill,2.0
Q_AI_M_0514,model_training,belum_paham,Dynamic Skill,0.0
Q_AI_M_0514,python_basic,paham_dasar,Dynamic Skill,1.0
Q_AI_M_0514,model_training,cukup_paham,Dynamic Skill,2.0
Q_AI_M_0515,model_training,belum_paham,Dynamic Skill,0.0
Q_AI_M_0515,model_training,paham_dasar,Dynamic Skill,1.0
Q_AI_M_0515,model_training,cukup_paham,Dynamic Skill,2.0
Q_AI_M_0516,python_basic,belum_paham,Dynamic Skill,0.0
Q_AI_M_0516,model_training,paham_dasar,Dynamic Skill,1.0
Q_AI_M_0516,python_basic,cukup_paham,Dynamic Skill,2.0
Q_AI_M_0517,model_training,belum_paham,Dynamic Skill,0.0
Q_AI_M_0517,model_training,paham_dasar,Dynamic Skill,1.0
Q_AI_M_0517,python_basic,cukup_paham,Dynamic Skill,2.0
Q_DATA_0518,python_basic,belum_paham,Dynamic Skill,0.0
Q_DATA_0518,python_basic,paham_dasar,Dynamic Skill,1.0
Q_DATA_0518,python_basic,cukup_paham,Dynamic Skill,2.0
Q_DATA_0519,spreadsheet_basic,belum_paham,Dynamic Skill,0.0
Q_DATA_0519,spreadsheet_basic,paham_dasar,Dynamic Skill,1.0
Q_DATA_0519,spreadsheet_basic,cukup_paham,Dynamic Skill,2.0
Q_CYBE_0520,networking_fundamental,belum_paham,Dynamic Skill,0.0
Q_CYBE_0520,log_analysis,paham_dasar,Dynamic Skill,1.0
Q_CYBE_0520,log_analysis,cukup_paham,Dynamic Skill,2.0
Q_CYBE_0521,log_analysis,belum_paham,Dynamic Skill,0.0
Q_CYBE_0521,log_analysis,paham_dasar,Dynamic Skill,1.0
Q_CYBE_0521,log_analysis,cukup_paham,Dynamic Skill,2.0
Q_UI_U_0522,ui_principles,belum_paham,Dynamic Skill,0.0
Q_UI_U_0522,ui_principles,paham_dasar,Dynamic Skill,1.0
Q_UI_U_0522,wireframing,cukup_paham,Dynamic Skill,2.0
Q_DATA_0523,python_basic,belum_paham,Dynamic Skill,0.0
Q_DATA_0523,python_basic,paham_dasar,Dynamic Skill,1.0
Q_DATA_0523,python_basic,cukup_paham,Dynamic Skill,2.0
Q_DATA_0524,spreadsheet_basic,belum_paham,Dynamic Skill,0.0
Q_DATA_0524,spreadsheet_basic,paham_dasar,Dynamic Skill,1.0
Q_DATA_0524,spreadsheet_basic,cukup_paham,Dynamic Skill,2.0
Q_DATA_0525,spreadsheet_basic,belum_paham,Dynamic Skill,0.0
Q_DATA_0525,spreadsheet_basic,paham_dasar,Dynamic Skill,1.0
Q_DATA_0525,sql_basic,cukup_paham,Dynamic Skill,2.0
Q_WEB__0526,html_basic,belum_paham,Dynamic Skill,0.0
Q_WEB__0526,javascript_basic,paham_dasar,Dynamic Skill,1.0
Q_WEB__0526,javascript_basic,cukup_paham,Dynamic Skill,2.0
Q_WEB__0527,javascript_basic,belum_paham,Dynamic Skill,0.0
Q_WEB__0527,javascript_basic,paham_dasar,Dynamic Skill,1.0
Q_WEB__0527,html_basic,cukup_paham,Dynamic Skill,2.0
Q_WEB__0528,css_basic,belum_paham,Dynamic Skill,0.0
Q_WEB__0528,css_basic,paham_dasar,Dynamic Skill,1.0
Q_WEB__0528,css_basic,cukup_paham,Dynamic Skill,2.0
Q_AI_M_0529,model_training,belum_paham,Dynamic Skill,0.0
Q_AI_M_0529,mlops,paham_dasar,Dynamic Skill,1.0
Q_AI_M_0529,python_basic,cukup_paham,Dynamic Skill,2.0
Q_WEB__0530,javascript_basic,belum_paham,Dynamic Skill,0.0
Q_WEB__0530,html_basic,paham_dasar,Dynamic Skill,1.0
Q_WEB__0530,html_basic,cukup_paham,Dynamic Skill,2.0
Q_CYBE_0531,log_analysis,belum_paham,Dynamic Skill,0.0
Q_CYBE_0531,linux_basic,paham_dasar,Dynamic Skill,1.0
Q_CYBE_0531,linux_basic,cukup_paham,Dynamic Skill,2.0
Q_AI_M_0532,python_basic,belum_paham,Dynamic Skill,0.0
Q_AI_M_0532,python_basic,paham_dasar,Dynamic Skill,1.0
Q_AI_M_0532,model_training,cukup_paham,Dynamic Skill,2.0
Q_UI_U_0533,figma,belum_paham,Dynamic Skill,0.0
Q_UI_U_0533,ui_principles,paham_dasar,Dynamic Skill,1.0
Q_UI_U_0533,figma,cukup_paham,Dynamic Skill,2.0
Q_AI_M_0534,model_training,belum_paham,Dynamic Skill,0.0
Q_AI_M_0534,python_basic,paham_dasar,Dynamic Skill,1.0
Q_AI_M_0534,mlops,cukup_paham,Dynamic Skill,2.0
Q_UI_U_0535,ui_principles,belum_paham,Dynamic Skill,0.0
Q_UI_U_0535,ui_principles,paham_dasar,Dynamic Skill,1.0
Q_UI_U_0535,figma,cukup_paham,Dynamic Skill,2.0
Q_DATA_0536,spreadsheet_basic,belum_paham,Dynamic Skill,0.0
Q_DATA_0536,sql_basic,paham_dasar,Dynamic Skill,1.0
Q_DATA_0536,sql_basic,cukup_paham,Dynamic Skill,2.0
Q_WEB__0537,css_basic,belum_paham,Dynamic Skill,0.0
Q_WEB__0537,html_basic,paham_dasar,Dynamic Skill,1.0
Q_WEB__0537,javascript_basic,cukup_paham,Dynamic Skill,2.0
Q_DATA_0538,spreadsheet_basic,belum_paham,Dynamic Skill,0.0
Q_DATA_0538,sql_basic,paham_dasar,Dynamic Skill,1.0
Q_DATA_0538,python_basic,cukup_paham,Dynamic Skill,2.0
Q_DATA_0539,sql_basic,belum_paham,Dynamic Skill,0.0
Q_DATA_0539,python_basic,paham_dasar,Dynamic Skill,1.0
Q_DATA_0539,spreadsheet_basic,cukup_paham,Dynamic Skill,2.0
Q_AI_M_0540,mlops,belum_paham,Dynamic Skill,0.0
Q_AI_M_0540,mlops,paham_dasar,Dynamic Skill,1.0
Q_AI_M_0540,mlops,cukup_paham,Dynamic Skill,2.0
Q_WEB__0541,html_basic,belum_paham,Dynamic Skill,0.0
Q_WEB__0541,javascript_basic,paham_dasar,Dynamic Skill,1.0
Q_WEB__0541,javascript_basic,cukup_paham,Dynamic Skill,2.0
Q_AI_M_0542,model_training,belum_paham,Dynamic Skill,0.0
Q_AI_M_0542,mlops,paham_dasar,Dynamic Skill,1.0
Q_AI_M_0542,model_training,cukup_paham,Dynamic Skill,2.0
Q_CYBE_0543,networking_fundamental,belum_paham,Dynamic Skill,0.0
Q_CYBE_0543,linux_basic,paham_dasar,Dynamic Skill,1.0
Q_CYBE_0543,log_analysis,cukup_paham,Dynamic Skill,2.0
Q_WEB__0544,html_basic,belum_paham,Dynamic Skill,0.0
Q_WEB__0544,javascript_basic,paham_dasar,Dynamic Skill,1.0
Q_WEB__0544,html_basic,cukup_paham,Dynamic Skill,2.0
Q_UI_U_0545,wireframing,belum_paham,Dynamic Skill,0.0
Q_UI_U_0545,ui_principles,paham_dasar,Dynamic Skill,1.0
Q_UI_U_0545,ui_principles,cukup_paham,Dynamic Skill,2.0
Q_WEB__0546,javascript_basic,belum_paham,Dynamic Skill,0.0
Q_WEB__0546,html_basic,paham_dasar,Dynamic Skill,1.0
Q_WEB__0546,javascript_basic,cukup_paham,Dynamic Skill,2.0
Q_UI_U_0547,figma,belum_paham,Dynamic Skill,0.0
Q_UI_U_0547,ui_principles,paham_dasar,Dynamic Skill,1.0
Q_UI_U_0547,figma,cukup_paham,Dynamic Skill,2.0
Q_UI_U_0548,figma,belum_paham,Dynamic Skill,0.0
Q_UI_U_0548,wireframing,paham_dasar,Dynamic Skill,1.0
Q_UI_U_0548,wireframing,cukup_paham,Dynamic Skill,2.0
Q_DATA_0549,spreadsheet_basic,belum_paham,Dynamic Skill,0.0
Q_DATA_0549,spreadsheet_basic,paham_dasar,Dynamic Skill,1.0
Q_DATA_0549,spreadsheet_basic,cukup_paham,Dynamic Skill,2.0
Q_UI_U_0550,ui_principles,belum_paham,Dynamic Skill,0.0
Q_UI_U_0550,wireframing,paham_dasar,Dynamic Skill,1.0
Q_UI_U_0550,wireframing,cukup_paham,Dynamic Skill,2.0
Q_DATA_0551,spreadsheet_basic,belum_paham,Dynamic Skill,0.0
Q_DATA_0551,sql_basic,paham_dasar,Dynamic Skill,1.0
Q_DATA_0551,sql_basic,cukup_paham,Dynamic Skill,2.0
Q_DATA_0552,sql_basic,belum_paham,Dynamic Skill,0.0
Q_DATA_0552,python_basic,paham_dasar,Dynamic Skill,1.0
Q_DATA_0552,spreadsheet_basic,cukup_paham,Dynamic Skill,2.0
Q_CYBE_0553,linux_basic,belum_paham,Dynamic Skill,0.0
Q_CYBE_0553,log_analysis,paham_dasar,Dynamic Skill,1.0
Q_CYBE_0553,networking_fundamental,cukup_paham,Dynamic Skill,2.0
Q_WEB__0554,javascript_basic,belum_paham,Dynamic Skill,0.0
Q_WEB__0554,css_basic,paham_dasar,Dynamic Skill,1.0
Q_WEB__0554,html_basic,cukup_paham,Dynamic Skill,2.0
Q_AI_M_0555,mlops,belum_paham,Dynamic Skill,0.0
Q_AI_M_0555,python_basic,paham_dasar,Dynamic Skill,1.0
Q_AI_M_0555,mlops,cukup_paham,Dynamic Skill,2.0
Q_DATA_0556,sql_basic,belum_paham,Dynamic Skill,0.0
Q_DATA_0556,python_basic,paham_dasar,Dynamic Skill,1.0
Q_DATA_0556,sql_basic,cukup_paham,Dynamic Skill,2.0
Q_DATA_0557,python_basic,belum_paham,Dynamic Skill,0.0
Q_DATA_0557,sql_basic,paham_dasar,Dynamic Skill,1.0
Q_DATA_0557,spreadsheet_basic,cukup_paham,Dynamic Skill,2.0
Q_CYBE_0558,linux_basic,belum_paham,Dynamic Skill,0.0
Q_CYBE_0558,linux_basic,paham_dasar,Dynamic Skill,1.0
Q_CYBE_0558,linux_basic,cukup_paham,Dynamic Skill,2.0
Q_CYBE_0559,log_analysis,belum_paham,Dynamic Skill,0.0
Q_CYBE_0559,linux_basic,paham_dasar,Dynamic Skill,1.0
Q_CYBE_0559,linux_basic,cukup_paham,Dynamic Skill,2.0
Q_UI_U_0560,wireframing,belum_paham,Dynamic Skill,0.0
Q_UI_U_0560,ui_principles,paham_dasar,Dynamic Skill,1.0
Q_UI_U_0560,figma,cukup_paham,Dynamic Skill,2.0
Q_DATA_0561,python_basic,belum_paham,Dynamic Skill,0.0
Q_DATA_0561,spreadsheet_basic,paham_dasar,Dynamic Skill,1.0
Q_DATA_0561,sql_basic,cukup_paham,Dynamic Skill,2.0
Q_DATA_0562,sql_basic,belum_paham,Dynamic Skill,0.0
Q_DATA_0562,sql_basic,paham_dasar,Dynamic Skill,1.0
Q_DATA_0562,sql_basic,cukup_paham,Dynamic Skill,2.0
Q_WEB__0563,html_basic,belum_paham,Dynamic Skill,0.0
Q_WEB__0563,html_basic,paham_dasar,Dynamic Skill,1.0
Q_WEB__0563,css_basic,cukup_paham,Dynamic Skill,2.0
Q_WEB__0564,css_basic,belum_paham,Dynamic Skill,0.0
Q_WEB__0564,javascript_basic,paham_dasar,Dynamic Skill,1.0
Q_WEB__0564,html_basic,cukup_paham,Dynamic Skill,2.0
Q_CYBE_0565,networking_fundamental,belum_paham,Dynamic Skill,0.0
Q_CYBE_0565,networking_fundamental,paham_dasar,Dynamic Skill,1.0
Q_CYBE_0565,networking_fundamental,cukup_paham,Dynamic Skill,2.0
Q_DATA_0566,spreadsheet_basic,belum_paham,Dynamic Skill,0.0
Q_DATA_0566,spreadsheet_basic,paham_dasar,Dynamic Skill,1.0
Q_DATA_0566,python_basic,cukup_paham,Dynamic Skill,2.0
Q_AI_M_0567,python_basic,belum_paham,Dynamic Skill,0.0
Q_AI_M_0567,python_basic,paham_dasar,Dynamic Skill,1.0
Q_AI_M_0567,python_basic,cukup_paham,Dynamic Skill,2.0
Q_UI_U_0568,figma,belum_paham,Dynamic Skill,0.0
Q_UI_U_0568,ui_principles,paham_dasar,Dynamic Skill,1.0
Q_UI_U_0568,ui_principles,cukup_paham,Dynamic Skill,2.0
Q_DATA_0569,sql_basic,belum_paham,Dynamic Skill,0.0
Q_DATA_0569,spreadsheet_basic,paham_dasar,Dynamic Skill,1.0
Q_DATA_0569,sql_basic,cukup_paham,Dynamic Skill,2.0
Q_WEB__0570,html_basic,belum_paham,Dynamic Skill,0.0
Q_WEB__0570,javascript_basic,paham_dasar,Dynamic Skill,1.0
Q_WEB__0570,javascript_basic,cukup_paham,Dynamic Skill,2.0
Q_WEB__0571,css_basic,belum_paham,Dynamic Skill,0.0
Q_WEB__0571,html_basic,paham_dasar,Dynamic Skill,1.0
Q_WEB__0571,html_basic,cukup_paham,Dynamic Skill,2.0
Q_UI_U_0572,ui_principles,belum_paham,Dynamic Skill,0.0
Q_UI_U_0572,ui_principles,paham_dasar,Dynamic Skill,1.0
Q_UI_U_0572,ui_principles,cukup_paham,Dynamic Skill,2.0
Q_UI_U_0573,wireframing,belum_paham,Dynamic Skill,0.0
Q_UI_U_0573,figma,paham_dasar,Dynamic Skill,1.0
Q_UI_U_0573,ui_principles,cukup_paham,Dynamic Skill,2.0
Q_AI_M_0574,model_training,belum_paham,Dynamic Skill,0.0
Q_AI_M_0574,mlops,paham_dasar,Dynamic Skill,1.0
Q_AI_M_0574,mlops,cukup_paham,Dynamic Skill,2.0
Q_DATA_0575,python_basic,belum_paham,Dynamic Skill,0.0
Q_DATA_0575,python_basic,paham_dasar,Dynamic Skill,1.0
Q_DATA_0575,python_basic,cukup_paham,Dynamic Skill,2.0
Q_AI_M_0576,mlops,belum_paham,Dynamic Skill,0.0
Q_AI_M_0576,python_basic,paham_dasar,Dynamic Skill,1.0
Q_AI_M_0576,python_basic,cukup_paham,Dynamic Skill,2.0
Q_CYBE_0577,linux_basic,belum_paham,Dynamic Skill,0.0
Q_CYBE_0577,linux_basic,paham_dasar,Dynamic Skill,1.0
Q_CYBE_0577,networking_fundamental,cukup_paham,Dynamic Skill,2.0
Q_UI_U_0578,figma,belum_paham,Dynamic Skill,0.0
Q_UI_U_0578,figma,paham_dasar,Dynamic Skill,1.0
Q_UI_U_0578,figma,cukup_paham,Dynamic Skill,2.0
Q_UI_U_0579,ui_principles,belum_paham,Dynamic Skill,0.0
Q_UI_U_0579,ui_principles,paham_dasar,Dynamic Skill,1.0
Q_UI_U_0579,wireframing,cukup_paham,Dynamic Skill,2.0
Q_UI_U_0580,ui_principles,belum_paham,Dynamic Skill,0.0
Q_UI_U_0580,wireframing,paham_dasar,Dynamic Skill,1.0
Q_UI_U_0580,wireframing,cukup_paham,Dynamic Skill,2.0
Q_AI_M_0581,mlops,belum_paham,Dynamic Skill,0.0
Q_AI_M_0581,python_basic,paham_dasar,Dynamic Skill,1.0
Q_AI_M_0581,model_training,cukup_paham,Dynamic Skill,2.0
Q_WEB__0582,css_basic,belum_paham,Dynamic Skill,0.0
Q_WEB__0582,css_basic,paham_dasar,Dynamic Skill,1.0
Q_WEB__0582,javascript_basic,cukup_paham,Dynamic Skill,2.0
Q_AI_M_0583,model_training,belum_paham,Dynamic Skill,0.0
Q_AI_M_0583,python_basic,paham_dasar,Dynamic Skill,1.0
Q_AI_M_0583,model_training,cukup_paham,Dynamic Skill,2.0
Q_WEB__0584,javascript_basic,belum_paham,Dynamic Skill,0.0
Q_WEB__0584,javascript_basic,paham_dasar,Dynamic Skill,1.0
Q_WEB__0584,html_basic,cukup_paham,Dynamic Skill,2.0
Q_AI_M_0585,mlops,belum_paham,Dynamic Skill,0.0
Q_AI_M_0585,mlops,paham_dasar,Dynamic Skill,1.0
Q_AI_M_0585,mlops,cukup_paham,Dynamic Skill,2.0
Q_DATA_0586,sql_basic,belum_paham,Dynamic Skill,0.0
Q_DATA_0586,spreadsheet_basic,paham_dasar,Dynamic Skill,1.0
Q_DATA_0586,sql_basic,cukup_paham,Dynamic Skill,2.0
Q_DATA_0587,spreadsheet_basic,belum_paham,Dynamic Skill,0.0
Q_DATA_0587,spreadsheet_basic,paham_dasar,Dynamic Skill,1.0
Q_DATA_0587,python_basic,cukup_paham,Dynamic Skill,2.0
Q_UI_U_0588,ui_principles,belum_paham,Dynamic Skill,0.0
Q_UI_U_0588,wireframing,paham_dasar,Dynamic Skill,1.0
Q_UI_U_0588,wireframing,cukup_paham,Dynamic Skill,2.0
Q_WEB__0589,html_basic,belum_paham,Dynamic Skill,0.0
Q_WEB__0589,javascript_basic,paham_dasar,Dynamic Skill,1.0
Q_WEB__0589,javascript_basic,cukup_paham,Dynamic Skill,2.0
Q_DATA_0590,python_basic,belum_paham,Dynamic Skill,0.0
Q_DATA_0590,sql_basic,paham_dasar,Dynamic Skill,1.0
Q_DATA_0590,python_basic,cukup_paham,Dynamic Skill,2.0
Q_UI_U_0591,figma,belum_paham,Dynamic Skill,0.0
Q_UI_U_0591,wireframing,paham_dasar,Dynamic Skill,1.0
Q_UI_U_0591,wireframing,cukup_paham,Dynamic Skill,2.0
Q_DATA_0592,spreadsheet_basic,belum_paham,Dynamic Skill,0.0
Q_DATA_0592,python_basic,paham_dasar,Dynamic Skill,1.0
Q_DATA_0592,sql_basic,cukup_paham,Dynamic Skill,2.0
Q_DATA_0593,spreadsheet_basic,belum_paham,Dynamic Skill,0.0
Q_DATA_0593,sql_basic,paham_dasar,Dynamic Skill,1.0
Q_DATA_0593,python_basic,cukup_paham,Dynamic Skill,2.0
Q_CYBE_0594,log_analysis,belum_paham,Dynamic Skill,0.0
Q_CYBE_0594,linux_basic,paham_dasar,Dynamic Skill,1.0
Q_CYBE_0594,linux_basic,cukup_paham,Dynamic Skill,2.0
Q_CYBE_0595,networking_fundamental,belum_paham,Dynamic Skill,0.0
Q_CYBE_0595,networking_fundamental,paham_dasar,Dynamic Skill,1.0
Q_CYBE_0595,log_analysis,cukup_paham,Dynamic Skill,2.0
Q_WEB__0596,javascript_basic,belum_paham,Dynamic Skill,0.0
Q_WEB__0596,html_basic,paham_dasar,Dynamic Skill,1.0
Q_WEB__0596,css_basic,cukup_paham,Dynamic Skill,2.0
Q_CYBE_0597,linux_basic,belum_paham,Dynamic Skill,0.0
Q_CYBE_0597,networking_fundamental,paham_dasar,Dynamic Skill,1.0
Q_CYBE_0597,networking_fundamental,cukup_paham,Dynamic Skill,2.0
Q_AI_M_0598,python_basic,belum_paham,Dynamic Skill,0.0
Q_AI_M_0598,python_basic,paham_dasar,Dynamic Skill,1.0
Q_AI_M_0598,python_basic,cukup_paham,Dynamic Skill,2.0
Q_WEB__0599,css_basic,belum_paham,Dynamic Skill,0.0
Q_WEB__0599,javascript_basic,paham_dasar,Dynamic Skill,1.0
Q_WEB__0599,css_basic,cukup_paham,Dynamic Skill,2.0
Q_CYBE_0600,linux_basic,belum_paham,Dynamic Skill,0.0
Q_CYBE_0600,log_analysis,paham_dasar,Dynamic Skill,1.0
Q_CYBE_0600,linux_basic,cukup_paham,Dynamic Skill,2.0
Q_CYBE_0601,linux_basic,belum_paham,Dynamic Skill,0.0
Q_CYBE_0601,log_analysis,paham_dasar,Dynamic Skill,1.0
Q_CYBE_0601,networking_fundamental,cukup_paham,Dynamic Skill,2.0
Q_AI_M_0602,mlops,belum_paham,Dynamic Skill,0.0
Q_AI_M_0602,python_basic,paham_dasar,Dynamic Skill,1.0
Q_AI_M_0602,python_basic,cukup_paham,Dynamic Skill,2.0
Q_CYBE_0603,log_analysis,belum_paham,Dynamic Skill,0.0
Q_CYBE_0603,networking_fundamental,paham_dasar,Dynamic Skill,1.0
Q_CYBE_0603,log_analysis,cukup_paham,Dynamic Skill,2.0
Q_CYBE_0604,linux_basic,belum_paham,Dynamic Skill,0.0
Q_CYBE_0604,log_analysis,paham_dasar,Dynamic Skill,1.0
Q_CYBE_0604,linux_basic,cukup_paham,Dynamic Skill,2.0
Q_CYBE_0605,linux_basic,belum_paham,Dynamic Skill,0.0
Q_CYBE_0605,log_analysis,paham_dasar,Dynamic Skill,1.0
Q_CYBE_0605,linux_basic,cukup_paham,Dynamic Skill,2.0
Q_UI_U_0606,figma,belum_paham,Dynamic Skill,0.0
Q_UI_U_0606,wireframing,paham_dasar,Dynamic Skill,1.0
Q_UI_U_0606,ui_principles,cukup_paham,Dynamic Skill,2.0
Q_CYBE_0607,linux_basic,belum_paham,Dynamic Skill,0.0
Q_CYBE_0607,linux_basic,paham_dasar,Dynamic Skill,1.0
Q_CYBE_0607,networking_fundamental,cukup_paham,Dynamic Skill,2.0
Q_WEB__0608,javascript_basic,belum_paham,Dynamic Skill,0.0
Q_WEB__0608,javascript_basic,paham_dasar,Dynamic Skill,1.0
Q_WEB__0608,javascript_basic,cukup_paham,Dynamic Skill,2.0
Q_UI_U_0609,wireframing,belum_paham,Dynamic Skill,0.0
Q_UI_U_0609,ui_principles,paham_dasar,Dynamic Skill,1.0
Q_UI_U_0609,wireframing,cukup_paham,Dynamic Skill,2.0
Q_UI_U_0610,ui_principles,belum_paham,Dynamic Skill,0.0
Q_UI_U_0610,figma,paham_dasar,Dynamic Skill,1.0
Q_UI_U_0610,figma,cukup_paham,Dynamic Skill,2.0
Q_AI_M_0611,model_training,belum_paham,Dynamic Skill,0.0
Q_AI_M_0611,mlops,paham_dasar,Dynamic Skill,1.0
Q_AI_M_0611,python_basic,cukup_paham,Dynamic Skill,2.0
Q_AI_M_0612,model_training,belum_paham,Dynamic Skill,0.0
Q_AI_M_0612,mlops,paham_dasar,Dynamic Skill,1.0
Q_AI_M_0612,python_basic,cukup_paham,Dynamic Skill,2.0
Q_WEB__0613,css_basic,belum_paham,Dynamic Skill,0.0
Q_WEB__0613,javascript_basic,paham_dasar,Dynamic Skill,1.0
Q_WEB__0613,css_basic,cukup_paham,Dynamic Skill,2.0
Q_DATA_0614,sql_basic,belum_paham,Dynamic Skill,0.0
Q_DATA_0614,python_basic,paham_dasar,Dynamic Skill,1.0
Q_DATA_0614,spreadsheet_basic,cukup_paham,Dynamic Skill,2.0
Q_CYBE_0615,linux_basic,belum_paham,Dynamic Skill,0.0
Q_CYBE_0615,log_analysis,paham_dasar,Dynamic Skill,1.0
Q_CYBE_0615,linux_basic,cukup_paham,Dynamic Skill,2.0
Q_CYBE_0616,log_analysis,belum_paham,Dynamic Skill,0.0
Q_CYBE_0616,linux_basic,paham_dasar,Dynamic Skill,1.0
Q_CYBE_0616,networking_fundamental,cukup_paham,Dynamic Skill,2.0
Q_AI_M_0617,model_training,belum_paham,Dynamic Skill,0.0
Q_AI_M_0617,model_training,paham_dasar,Dynamic Skill,1.0
Q_AI_M_0617,model_training,cukup_paham,Dynamic Skill,2.0
Q_UI_U_0618,wireframing,belum_paham,Dynamic Skill,0.0
Q_UI_U_0618,figma,paham_dasar,Dynamic Skill,1.0
Q_UI_U_0618,wireframing,cukup_paham,Dynamic Skill,2.0
Q_DATA_0619,python_basic,belum_paham,Dynamic Skill,0.0
Q_DATA_0619,python_basic,paham_dasar,Dynamic Skill,1.0
Q_DATA_0619,sql_basic,cukup_paham,Dynamic Skill,2.0
Q_WEB__0620,html_basic,belum_paham,Dynamic Skill,0.0
Q_WEB__0620,css_basic,paham_dasar,Dynamic Skill,1.0
Q_WEB__0620,html_basic,cukup_paham,Dynamic Skill,2.0
Q_AI_M_0621,python_basic,belum_paham,Dynamic Skill,0.0
Q_AI_M_0621,model_training,paham_dasar,Dynamic Skill,1.0
Q_AI_M_0621,model_training,cukup_paham,Dynamic Skill,2.0
Q_DATA_0622,python_basic,belum_paham,Dynamic Skill,0.0
Q_DATA_0622,spreadsheet_basic,paham_dasar,Dynamic Skill,1.0
Q_DATA_0622,sql_basic,cukup_paham,Dynamic Skill,2.0
Q_WEB__0623,css_basic,belum_paham,Dynamic Skill,0.0
Q_WEB__0623,javascript_basic,paham_dasar,Dynamic Skill,1.0
Q_WEB__0623,css_basic,cukup_paham,Dynamic Skill,2.0
Q_UI_U_0624,figma,belum_paham,Dynamic Skill,0.0
Q_UI_U_0624,ui_principles,paham_dasar,Dynamic Skill,1.0
Q_UI_U_0624,ui_principles,cukup_paham,Dynamic Skill,2.0
Q_CYBE_0625,log_analysis,belum_paham,Dynamic Skill,0.0
Q_CYBE_0625,log_analysis,paham_dasar,Dynamic Skill,1.0
Q_CYBE_0625,networking_fundamental,cukup_paham,Dynamic Skill,2.0
Q_CYBE_0626,linux_basic,belum_paham,Dynamic Skill,0.0
Q_CYBE_0626,networking_fundamental,paham_dasar,Dynamic Skill,1.0
Q_CYBE_0626,linux_basic,cukup_paham,Dynamic Skill,2.0
Q_UI_U_0627,wireframing,belum_paham,Dynamic Skill,0.0
Q_UI_U_0627,wireframing,paham_dasar,Dynamic Skill,1.0
Q_UI_U_0627,figma,cukup_paham,Dynamic Skill,2.0
Q_UI_U_0628,ui_principles,belum_paham,Dynamic Skill,0.0
Q_UI_U_0628,figma,paham_dasar,Dynamic Skill,1.0
Q_UI_U_0628,ui_principles,cukup_paham,Dynamic Skill,2.0
Q_WEB__0629,javascript_basic,belum_paham,Dynamic Skill,0.0
Q_WEB__0629,javascript_basic,paham_dasar,Dynamic Skill,1.0
Q_WEB__0629,javascript_basic,cukup_paham,Dynamic Skill,2.0
Q_DATA_0630,sql_basic,belum_paham,Dynamic Skill,0.0
Q_DATA_0630,sql_basic,paham_dasar,Dynamic Skill,1.0
Q_DATA_0630,spreadsheet_basic,cukup_paham,Dynamic Skill,2.0
Q_AI_M_0631,mlops,belum_paham,Dynamic Skill,0.0
Q_AI_M_0631,python_basic,paham_dasar,Dynamic Skill,1.0
Q_AI_M_0631,mlops,cukup_paham,Dynamic Skill,2.0
Q_UI_U_0632,wireframing,belum_paham,Dynamic Skill,0.0
Q_UI_U_0632,figma,paham_dasar,Dynamic Skill,1.0
Q_UI_U_0632,figma,cukup_paham,Dynamic Skill,2.0
Q_AI_M_0633,mlops,belum_paham,Dynamic Skill,0.0
Q_AI_M_0633,model_training,paham_dasar,Dynamic Skill,1.0
Q_AI_M_0633,mlops,cukup_paham,Dynamic Skill,2.0
Q_WEB__0634,css_basic,belum_paham,Dynamic Skill,0.0
Q_WEB__0634,css_basic,paham_dasar,Dynamic Skill,1.0
Q_WEB__0634,html_basic,cukup_paham,Dynamic Skill,2.0
Q_CYBE_0635,linux_basic,belum_paham,Dynamic Skill,0.0
Q_CYBE_0635,linux_basic,paham_dasar,Dynamic Skill,1.0
Q_CYBE_0635,networking_fundamental,cukup_paham,Dynamic Skill,2.0
Q_UI_U_0636,figma,belum_paham,Dynamic Skill,0.0
Q_UI_U_0636,wireframing,paham_dasar,Dynamic Skill,1.0
Q_UI_U_0636,ui_principles,cukup_paham,Dynamic Skill,2.0
Q_UI_U_0637,ui_principles,belum_paham,Dynamic Skill,0.0
Q_UI_U_0637,ui_principles,paham_dasar,Dynamic Skill,1.0
Q_UI_U_0637,figma,cukup_paham,Dynamic Skill,2.0
Q_CYBE_0638,log_analysis,belum_paham,Dynamic Skill,0.0
Q_CYBE_0638,networking_fundamental,paham_dasar,Dynamic Skill,1.0
Q_CYBE_0638,networking_fundamental,cukup_paham,Dynamic Skill,2.0
Q_CYBE_0639,linux_basic,belum_paham,Dynamic Skill,0.0
Q_CYBE_0639,linux_basic,paham_dasar,Dynamic Skill,1.0
Q_CYBE_0639,networking_fundamental,cukup_paham,Dynamic Skill,2.0
Q_CYBE_0640,linux_basic,belum_paham,Dynamic Skill,0.0
Q_CYBE_0640,log_analysis,paham_dasar,Dynamic Skill,1.0
Q_CYBE_0640,linux_basic,cukup_paham,Dynamic Skill,2.0
Q_CYBE_0641,linux_basic,belum_paham,Dynamic Skill,0.0
Q_CYBE_0641,networking_fundamental,paham_dasar,Dynamic Skill,1.0
Q_CYBE_0641,linux_basic,cukup_paham,Dynamic Skill,2.0
Q_UI_U_0642,wireframing,belum_paham,Dynamic Skill,0.0
Q_UI_U_0642,figma,paham_dasar,Dynamic Skill,1.0
Q_UI_U_0642,wireframing,cukup_paham,Dynamic Skill,2.0
Q_UI_U_0643,wireframing,belum_paham,Dynamic Skill,0.0
Q_UI_U_0643,ui_principles,paham_dasar,Dynamic Skill,1.0
Q_UI_U_0643,wireframing,cukup_paham,Dynamic Skill,2.0
Q_CYBE_0644,log_analysis,belum_paham,Dynamic Skill,0.0
Q_CYBE_0644,linux_basic,paham_dasar,Dynamic Skill,1.0
Q_CYBE_0644,log_analysis,cukup_paham,Dynamic Skill,2.0
Q_AI_M_0645,mlops,belum_paham,Dynamic Skill,0.0
Q_AI_M_0645,model_training,paham_dasar,Dynamic Skill,1.0
Q_AI_M_0645,mlops,cukup_paham,Dynamic Skill,2.0
Q_CYBE_0646,linux_basic,belum_paham,Dynamic Skill,0.0
Q_CYBE_0646,linux_basic,paham_dasar,Dynamic Skill,1.0
Q_CYBE_0646,networking_fundamental,cukup_paham,Dynamic Skill,2.0
Q_AI_M_0647,model_training,belum_paham,Dynamic Skill,0.0
Q_AI_M_0647,python_basic,paham_dasar,Dynamic Skill,1.0
Q_AI_M_0647,mlops,cukup_paham,Dynamic Skill,2.0
Q_WEB__0648,javascript_basic,belum_paham,Dynamic Skill,0.0
Q_WEB__0648,html_basic,paham_dasar,Dynamic Skill,1.0
Q_WEB__0648,css_basic,cukup_paham,Dynamic Skill,2.0
Q_DATA_0649,spreadsheet_basic,belum_paham,Dynamic Skill,0.0
Q_DATA_0649,spreadsheet_basic,paham_dasar,Dynamic Skill,1.0
Q_DATA_0649,python_basic,cukup_paham,Dynamic Skill,2.0
Q_WEB__0650,css_basic,belum_paham,Dynamic Skill,0.0
Q_WEB__0650,css_basic,paham_dasar,Dynamic Skill,1.0
Q_WEB__0650,javascript_basic,cukup_paham,Dynamic Skill,2.0
Q_UI_U_0651,ui_principles,belum_paham,Dynamic Skill,0.0
Q_UI_U_0651,wireframing,paham_dasar,Dynamic Skill,1.0
Q_UI_U_0651,wireframing,cukup_paham,Dynamic Skill,2.0
Q_CYBE_0652,networking_fundamental,belum_paham,Dynamic Skill,0.0
Q_CYBE_0652,linux_basic,paham_dasar,Dynamic Skill,1.0
Q_CYBE_0652,log_analysis,cukup_paham,Dynamic Skill,2.0
Q_AI_M_0653,python_basic,belum_paham,Dynamic Skill,0.0
Q_AI_M_0653,model_training,paham_dasar,Dynamic Skill,1.0
Q_AI_M_0653,model_training,cukup_paham,Dynamic Skill,2.0
Q_WEB__0654,css_basic,belum_paham,Dynamic Skill,0.0
Q_WEB__0654,css_basic,paham_dasar,Dynamic Skill,1.0
Q_WEB__0654,html_basic,cukup_paham,Dynamic Skill,2.0
Q_WEB__0655,javascript_basic,belum_paham,Dynamic Skill,0.0
Q_WEB__0655,javascript_basic,paham_dasar,Dynamic Skill,1.0
Q_WEB__0655,html_basic,cukup_paham,Dynamic Skill,2.0
Q_DATA_0656,python_basic,belum_paham,Dynamic Skill,0.0
Q_DATA_0656,spreadsheet_basic,paham_dasar,Dynamic Skill,1.0
Q_DATA_0656,spreadsheet_basic,cukup_paham,Dynamic Skill,2.0
Q_DATA_0657,spreadsheet_basic,belum_paham,Dynamic Skill,0.0
Q_DATA_0657,sql_basic,paham_dasar,Dynamic Skill,1.0
Q_DATA_0657,spreadsheet_basic,cukup_paham,Dynamic Skill,2.0
Q_WEB__0658,javascript_basic,belum_paham,Dynamic Skill,0.0
Q_WEB__0658,html_basic,paham_dasar,Dynamic Skill,1.0
Q_WEB__0658,javascript_basic,cukup_paham,Dynamic Skill,2.0
Q_AI_M_0659,python_basic,belum_paham,Dynamic Skill,0.0
Q_AI_M_0659,mlops,paham_dasar,Dynamic Skill,1.0
Q_AI_M_0659,model_training,cukup_paham,Dynamic Skill,2.0
Q_DATA_0660,spreadsheet_basic,belum_paham,Dynamic Skill,0.0
Q_DATA_0660,spreadsheet_basic,paham_dasar,Dynamic Skill,1.0
Q_DATA_0660,sql_basic,cukup_paham,Dynamic Skill,2.0
Q_UI_U_0661,wireframing,belum_paham,Dynamic Skill,0.0
Q_UI_U_0661,wireframing,paham_dasar,Dynamic Skill,1.0
Q_UI_U_0661,ui_principles,cukup_paham,Dynamic Skill,2.0
Q_CYBE_0662,linux_basic,belum_paham,Dynamic Skill,0.0
Q_CYBE_0662,log_analysis,paham_dasar,Dynamic Skill,1.0
Q_CYBE_0662,networking_fundamental,cukup_paham,Dynamic Skill,2.0
Q_UI_U_0663,wireframing,belum_paham,Dynamic Skill,0.0
Q_UI_U_0663,figma,paham_dasar,Dynamic Skill,1.0
Q_UI_U_0663,figma,cukup_paham,Dynamic Skill,2.0
Q_AI_M_0664,mlops,belum_paham,Dynamic Skill,0.0
Q_AI_M_0664,model_training,paham_dasar,Dynamic Skill,1.0
Q_AI_M_0664,model_training,cukup_paham,Dynamic Skill,2.0
Q_DATA_0665,spreadsheet_basic,belum_paham,Dynamic Skill,0.0
Q_DATA_0665,spreadsheet_basic,paham_dasar,Dynamic Skill,1.0
Q_DATA_0665,sql_basic,cukup_paham,Dynamic Skill,2.0
Q_DATA_0666,sql_basic,belum_paham,Dynamic Skill,0.0
Q_DATA_0666,python_basic,paham_dasar,Dynamic Skill,1.0
Q_DATA_0666,spreadsheet_basic,cukup_paham,Dynamic Skill,2.0
Q_UI_U_0667,figma,belum_paham,Dynamic Skill,0.0
Q_UI_U_0667,wireframing,paham_dasar,Dynamic Skill,1.0
Q_UI_U_0667,wireframing,cukup_paham,Dynamic Skill,2.0
Q_CYBE_0668,log_analysis,belum_paham,Dynamic Skill,0.0
Q_CYBE_0668,networking_fundamental,paham_dasar,Dynamic Skill,1.0
Q_CYBE_0668,linux_basic,cukup_paham,Dynamic Skill,2.0
Q_UI_U_0669,wireframing,belum_paham,Dynamic Skill,0.0
Q_UI_U_0669,wireframing,paham_dasar,Dynamic Skill,1.0
Q_UI_U_0669,ui_principles,cukup_paham,Dynamic Skill,2.0
Q_CYBE_0670,log_analysis,belum_paham,Dynamic Skill,0.0
Q_CYBE_0670,networking_fundamental,paham_dasar,Dynamic Skill,1.0
Q_CYBE_0670,networking_fundamental,cukup_paham,Dynamic Skill,2.0
Q_WEB__0671,html_basic,belum_paham,Dynamic Skill,0.0
Q_WEB__0671,css_basic,paham_dasar,Dynamic Skill,1.0
Q_WEB__0671,html_basic,cukup_paham,Dynamic Skill,2.0
Q_UI_U_0672,ui_principles,belum_paham,Dynamic Skill,0.0
Q_UI_U_0672,figma,paham_dasar,Dynamic Skill,1.0
Q_UI_U_0672,wireframing,cukup_paham,Dynamic Skill,2.0
Q_UI_U_0673,ui_principles,belum_paham,Dynamic Skill,0.0
Q_UI_U_0673,figma,paham_dasar,Dynamic Skill,1.0
Q_UI_U_0673,wireframing,cukup_paham,Dynamic Skill,2.0
Q_UI_U_0674,wireframing,belum_paham,Dynamic Skill,0.0
Q_UI_U_0674,ui_principles,paham_dasar,Dynamic Skill,1.0
Q_UI_U_0674,figma,cukup_paham,Dynamic Skill,2.0
Q_AI_M_0675,python_basic,belum_paham,Dynamic Skill,0.0
Q_AI_M_0675,model_training,paham_dasar,Dynamic Skill,1.0
Q_AI_M_0675,model_training,cukup_paham,Dynamic Skill,2.0
Q_AI_M_0676,python_basic,belum_paham,Dynamic Skill,0.0
Q_AI_M_0676,mlops,paham_dasar,Dynamic Skill,1.0
Q_AI_M_0676,model_training,cukup_paham,Dynamic Skill,2.0
Q_UI_U_0677,wireframing,belum_paham,Dynamic Skill,0.0
Q_UI_U_0677,wireframing,paham_dasar,Dynamic Skill,1.0
Q_UI_U_0677,figma,cukup_paham,Dynamic Skill,2.0
Q_CYBE_0678,linux_basic,belum_paham,Dynamic Skill,0.0
Q_CYBE_0678,networking_fundamental,paham_dasar,Dynamic Skill,1.0
Q_CYBE_0678,linux_basic,cukup_paham,Dynamic Skill,2.0
Q_WEB__0679,html_basic,belum_paham,Dynamic Skill,0.0
Q_WEB__0679,javascript_basic,paham_dasar,Dynamic Skill,1.0
Q_WEB__0679,css_basic,cukup_paham,Dynamic Skill,2.0
Q_AI_M_0680,mlops,belum_paham,Dynamic Skill,0.0
Q_AI_M_0680,model_training,paham_dasar,Dynamic Skill,1.0
Q_AI_M_0680,python_basic,cukup_paham,Dynamic Skill,2.0
Q_DATA_0681,sql_basic,belum_paham,Dynamic Skill,0.0
Q_DATA_0681,spreadsheet_basic,paham_dasar,Dynamic Skill,1.0
Q_DATA_0681,python_basic,cukup_paham,Dynamic Skill,2.0
Q_CYBE_0682,linux_basic,belum_paham,Dynamic Skill,0.0
Q_CYBE_0682,linux_basic,paham_dasar,Dynamic Skill,1.0
Q_CYBE_0682,log_analysis,cukup_paham,Dynamic Skill,2.0
Q_AI_M_0683,model_training,belum_paham,Dynamic Skill,0.0
Q_AI_M_0683,model_training,paham_dasar,Dynamic Skill,1.0
Q_AI_M_0683,python_basic,cukup_paham,Dynamic Skill,2.0
Q_WEB__0684,javascript_basic,belum_paham,Dynamic Skill,0.0
Q_WEB__0684,html_basic,paham_dasar,Dynamic Skill,1.0
Q_WEB__0684,html_basic,cukup_paham,Dynamic Skill,2.0
Q_AI_M_0685,python_basic,belum_paham,Dynamic Skill,0.0
Q_AI_M_0685,model_training,paham_dasar,Dynamic Skill,1.0
Q_AI_M_0685,mlops,cukup_paham,Dynamic Skill,2.0
Q_WEB__0686,javascript_basic,belum_paham,Dynamic Skill,0.0
Q_WEB__0686,javascript_basic,paham_dasar,Dynamic Skill,1.0
Q_WEB__0686,html_basic,cukup_paham,Dynamic Skill,2.0
Q_DATA_0687,spreadsheet_basic,belum_paham,Dynamic Skill,0.0
Q_DATA_0687,python_basic,paham_dasar,Dynamic Skill,1.0
Q_DATA_0687,sql_basic,cukup_paham,Dynamic Skill,2.0
Q_WEB__0688,javascript_basic,belum_paham,Dynamic Skill,0.0
Q_WEB__0688,javascript_basic,paham_dasar,Dynamic Skill,1.0
Q_WEB__0688,html_basic,cukup_paham,Dynamic Skill,2.0
Q_DATA_0689,python_basic,belum_paham,Dynamic Skill,0.0
Q_DATA_0689,spreadsheet_basic,paham_dasar,Dynamic Skill,1.0
Q_DATA_0689,python_basic,cukup_paham,Dynamic Skill,2.0
Q_DATA_0690,spreadsheet_basic,belum_paham,Dynamic Skill,0.0
Q_DATA_0690,sql_basic,paham_dasar,Dynamic Skill,1.0
Q_DATA_0690,sql_basic,cukup_paham,Dynamic Skill,2.0
Q_WEB__0691,html_basic,belum_paham,Dynamic Skill,0.0
Q_WEB__0691,css_basic,paham_dasar,Dynamic Skill,1.0
Q_WEB__0691,html_basic,cukup_paham,Dynamic Skill,2.0
Q_AI_M_0692,python_basic,belum_paham,Dynamic Skill,0.0
Q_AI_M_0692,python_basic,paham_dasar,Dynamic Skill,1.0
Q_AI_M_0692,model_training,cukup_paham,Dynamic Skill,2.0
Q_UI_U_0693,wireframing,belum_paham,Dynamic Skill,0.0
Q_UI_U_0693,wireframing,paham_dasar,Dynamic Skill,1.0
Q_UI_U_0693,ui_principles,cukup_paham,Dynamic Skill,2.0
Q_AI_M_0694,model_training,belum_paham,Dynamic Skill,0.0
Q_AI_M_0694,mlops,paham_dasar,Dynamic Skill,1.0
Q_AI_M_0694,mlops,cukup_paham,Dynamic Skill,2.0
Q_AI_M_0695,mlops,belum_paham,Dynamic Skill,0.0
Q_AI_M_0695,python_basic,paham_dasar,Dynamic Skill,1.0
Q_AI_M_0695,mlops,cukup_paham,Dynamic Skill,2.0
Q_AI_M_0696,python_basic,belum_paham,Dynamic Skill,0.0
Q_AI_M_0696,mlops,paham_dasar,Dynamic Skill,1.0
Q_AI_M_0696,model_training,cukup_paham,Dynamic Skill,2.0
Q_CYBE_0697,linux_basic,belum_paham,Dynamic Skill,0.0
Q_CYBE_0697,log_analysis,paham_dasar,Dynamic Skill,1.0
Q_CYBE_0697,linux_basic,cukup_paham,Dynamic Skill,2.0
Q_UI_U_0698,figma,belum_paham,Dynamic Skill,0.0
Q_UI_U_0698,ui_principles,paham_dasar,Dynamic Skill,1.0
Q_UI_U_0698,figma,cukup_paham,Dynamic Skill,2.0
Q_UI_U_0699,figma,belum_paham,Dynamic Skill,0.0
Q_UI_U_0699,wireframing,paham_dasar,Dynamic Skill,1.0
Q_UI_U_0699,figma,cukup_paham,Dynamic Skill,2.0
Q_CYBE_0700,linux_basic,belum_paham,Dynamic Skill,0.0
Q_CYBE_0700,networking_fundamental,paham_dasar,Dynamic Skill,1.0
Q_CYBE_0700,networking_fundamental,cukup_paham,Dynamic Skill,2.0
Q_DATA_0701,sql_basic,belum_paham,Dynamic Skill,0.0
Q_DATA_0701,sql_basic,paham_dasar,Dynamic Skill,1.0
Q_DATA_0701,python_basic,cukup_paham,Dynamic Skill,2.0
Q_UI_U_0702,wireframing,belum_paham,Dynamic Skill,0.0
Q_UI_U_0702,wireframing,paham_dasar,Dynamic Skill,1.0
Q_UI_U_0702,wireframing,cukup_paham,Dynamic Skill,2.0
Q_DATA_0703,spreadsheet_basic,belum_paham,Dynamic Skill,0.0
Q_DATA_0703,spreadsheet_basic,paham_dasar,Dynamic Skill,1.0
Q_DATA_0703,spreadsheet_basic,cukup_paham,Dynamic Skill,2.0
Q_CYBE_0704,linux_basic,belum_paham,Dynamic Skill,0.0
Q_CYBE_0704,networking_fundamental,paham_dasar,Dynamic Skill,1.0
Q_CYBE_0704,networking_fundamental,cukup_paham,Dynamic Skill,2.0
Q_AI_M_0705,python_basic,belum_paham,Dynamic Skill,0.0
Q_AI_M_0705,model_training,paham_dasar,Dynamic Skill,1.0
Q_AI_M_0705,model_training,cukup_paham,Dynamic Skill,2.0
Q_WEB__0706,javascript_basic,belum_paham,Dynamic Skill,0.0
Q_WEB__0706,javascript_basic,paham_dasar,Dynamic Skill,1.0
Q_WEB__0706,javascript_basic,cukup_paham,Dynamic Skill,2.0
Q_AI_M_0707,python_basic,belum_paham,Dynamic Skill,0.0
Q_AI_M_0707,model_training,paham_dasar,Dynamic Skill,1.0
Q_AI_M_0707,python_basic,cukup_paham,Dynamic Skill,2.0
Q_CYBE_0708,networking_fundamental,belum_paham,Dynamic Skill,0.0
Q_CYBE_0708,networking_fundamental,paham_dasar,Dynamic Skill,1.0
Q_CYBE_0708,linux_basic,cukup_paham,Dynamic Skill,2.0
Q_DATA_0709,python_basic,belum_paham,Dynamic Skill,0.0
Q_DATA_0709,spreadsheet_basic,paham_dasar,Dynamic Skill,1.0
Q_DATA_0709,spreadsheet_basic,cukup_paham,Dynamic Skill,2.0
Q_CYBE_0710,networking_fundamental,belum_paham,Dynamic Skill,0.0
Q_CYBE_0710,linux_basic,paham_dasar,Dynamic Skill,1.0
Q_CYBE_0710,linux_basic,cukup_paham,Dynamic Skill,2.0
Q_DATA_0711,spreadsheet_basic,belum_paham,Dynamic Skill,0.0
Q_DATA_0711,python_basic,paham_dasar,Dynamic Skill,1.0
Q_DATA_0711,sql_basic,cukup_paham,Dynamic Skill,2.0
Q_CYBE_0712,networking_fundamental,belum_paham,Dynamic Skill,0.0
Q_CYBE_0712,linux_basic,paham_dasar,Dynamic Skill,1.0
Q_CYBE_0712,log_analysis,cukup_paham,Dynamic Skill,2.0
Q_DATA_0713,spreadsheet_basic,belum_paham,Dynamic Skill,0.0
Q_DATA_0713,spreadsheet_basic,paham_dasar,Dynamic Skill,1.0
Q_DATA_0713,sql_basic,cukup_paham,Dynamic Skill,2.0
Q_DATA_0714,spreadsheet_basic,belum_paham,Dynamic Skill,0.0
Q_DATA_0714,python_basic,paham_dasar,Dynamic Skill,1.0
Q_DATA_0714,spreadsheet_basic,cukup_paham,Dynamic Skill,2.0
Q_UI_U_0715,ui_principles,belum_paham,Dynamic Skill,0.0
Q_UI_U_0715,figma,paham_dasar,Dynamic Skill,1.0
Q_UI_U_0715,ui_principles,cukup_paham,Dynamic Skill,2.0
Q_UI_U_0716,wireframing,belum_paham,Dynamic Skill,0.0
Q_UI_U_0716,wireframing,paham_dasar,Dynamic Skill,1.0
Q_UI_U_0716,ui_principles,cukup_paham,Dynamic Skill,2.0
Q_WEB__0717,javascript_basic,belum_paham,Dynamic Skill,0.0
Q_WEB__0717,css_basic,paham_dasar,Dynamic Skill,1.0
Q_WEB__0717,javascript_basic,cukup_paham,Dynamic Skill,2.0
Q_CYBE_0718,linux_basic,belum_paham,Dynamic Skill,0.0
Q_CYBE_0718,log_analysis,paham_dasar,Dynamic Skill,1.0
Q_CYBE_0718,linux_basic,cukup_paham,Dynamic Skill,2.0
Q_UI_U_0719,figma,belum_paham,Dynamic Skill,0.0
Q_UI_U_0719,figma,paham_dasar,Dynamic Skill,1.0
Q_UI_U_0719,wireframing,cukup_paham,Dynamic Skill,2.0
Q_WEB__0720,html_basic,belum_paham,Dynamic Skill,0.0
Q_WEB__0720,css_basic,paham_dasar,Dynamic Skill,1.0
Q_WEB__0720,css_basic,cukup_paham,Dynamic Skill,2.0
Q_CYBE_0721,log_analysis,belum_paham,Dynamic Skill,0.0
Q_CYBE_0721,networking_fundamental,paham_dasar,Dynamic Skill,1.0
Q_CYBE_0721,log_analysis,cukup_paham,Dynamic Skill,2.0
Q_UI_U_0722,ui_principles,belum_paham,Dynamic Skill,0.0
Q_UI_U_0722,ui_principles,paham_dasar,Dynamic Skill,1.0
Q_UI_U_0722,wireframing,cukup_paham,Dynamic Skill,2.0
Q_CYBE_0723,linux_basic,belum_paham,Dynamic Skill,0.0
Q_CYBE_0723,log_analysis,paham_dasar,Dynamic Skill,1.0
Q_CYBE_0723,networking_fundamental,cukup_paham,Dynamic Skill,2.0
Q_UI_U_0724,wireframing,belum_paham,Dynamic Skill,0.0
Q_UI_U_0724,wireframing,paham_dasar,Dynamic Skill,1.0
Q_UI_U_0724,ui_principles,cukup_paham,Dynamic Skill,2.0
Q_CYBE_0725,linux_basic,belum_paham,Dynamic Skill,0.0
Q_CYBE_0725,log_analysis,paham_dasar,Dynamic Skill,1.0
Q_CYBE_0725,networking_fundamental,cukup_paham,Dynamic Skill,2.0
Q_AI_M_0726,model_training,belum_paham,Dynamic Skill,0.0
Q_AI_M_0726,python_basic,paham_dasar,Dynamic Skill,1.0
Q_AI_M_0726,model_training,cukup_paham,Dynamic Skill,2.0
Q_CYBE_0727,linux_basic,belum_paham,Dynamic Skill,0.0
Q_CYBE_0727,networking_fundamental,paham_dasar,Dynamic Skill,1.0
Q_CYBE_0727,log_analysis,cukup_paham,Dynamic Skill,2.0
Q_DATA_0728,python_basic,belum_paham,Dynamic Skill,0.0
Q_DATA_0728,sql_basic,paham_dasar,Dynamic Skill,1.0
Q_DATA_0728,spreadsheet_basic,cukup_paham,Dynamic Skill,2.0
Q_CYBE_0729,networking_fundamental,belum_paham,Dynamic Skill,0.0
Q_CYBE_0729,linux_basic,paham_dasar,Dynamic Skill,1.0
Q_CYBE_0729,networking_fundamental,cukup_paham,Dynamic Skill,2.0
Q_DATA_0730,sql_basic,belum_paham,Dynamic Skill,0.0
Q_DATA_0730,spreadsheet_basic,paham_dasar,Dynamic Skill,1.0
Q_DATA_0730,python_basic,cukup_paham,Dynamic Skill,2.0
Q_WEB__0731,css_basic,belum_paham,Dynamic Skill,0.0
Q_WEB__0731,css_basic,paham_dasar,Dynamic Skill,1.0
Q_WEB__0731,css_basic,cukup_paham,Dynamic Skill,2.0
Q_AI_M_0732,mlops,belum_paham,Dynamic Skill,0.0
Q_AI_M_0732,mlops,paham_dasar,Dynamic Skill,1.0
Q_AI_M_0732,model_training,cukup_paham,Dynamic Skill,2.0
Q_WEB__0733,html_basic,belum_paham,Dynamic Skill,0.0
Q_WEB__0733,css_basic,paham_dasar,Dynamic Skill,1.0
Q_WEB__0733,html_basic,cukup_paham,Dynamic Skill,2.0
Q_CYBE_0734,log_analysis,belum_paham,Dynamic Skill,0.0
Q_CYBE_0734,log_analysis,paham_dasar,Dynamic Skill,1.0
Q_CYBE_0734,networking_fundamental,cukup_paham,Dynamic Skill,2.0
Q_UI_U_0735,wireframing,belum_paham,Dynamic Skill,0.0
Q_UI_U_0735,figma,paham_dasar,Dynamic Skill,1.0
Q_UI_U_0735,wireframing,cukup_paham,Dynamic Skill,2.0
Q_DATA_0736,sql_basic,belum_paham,Dynamic Skill,0.0
Q_DATA_0736,python_basic,paham_dasar,Dynamic Skill,1.0
Q_DATA_0736,python_basic,cukup_paham,Dynamic Skill,2.0
Q_AI_M_0737,model_training,belum_paham,Dynamic Skill,0.0
Q_AI_M_0737,model_training,paham_dasar,Dynamic Skill,1.0
Q_AI_M_0737,mlops,cukup_paham,Dynamic Skill,2.0
Q_AI_M_0738,mlops,belum_paham,Dynamic Skill,0.0
Q_AI_M_0738,python_basic,paham_dasar,Dynamic Skill,1.0
Q_AI_M_0738,mlops,cukup_paham,Dynamic Skill,2.0
Q_DATA_0739,sql_basic,belum_paham,Dynamic Skill,0.0
Q_DATA_0739,python_basic,paham_dasar,Dynamic Skill,1.0
Q_DATA_0739,python_basic,cukup_paham,Dynamic Skill,2.0
Q_WEB__0740,javascript_basic,belum_paham,Dynamic Skill,0.0
Q_WEB__0740,html_basic,paham_dasar,Dynamic Skill,1.0
Q_WEB__0740,css_basic,cukup_paham,Dynamic Skill,2.0
Q_DATA_0741,sql_basic,belum_paham,Dynamic Skill,0.0
Q_DATA_0741,python_basic,paham_dasar,Dynamic Skill,1.0
Q_DATA_0741,python_basic,cukup_paham,Dynamic Skill,2.0
Q_WEB__0742,css_basic,belum_paham,Dynamic Skill,0.0
Q_WEB__0742,html_basic,paham_dasar,Dynamic Skill,1.0
Q_WEB__0742,html_basic,cukup_paham,Dynamic Skill,2.0
Q_DATA_0743,spreadsheet_basic,belum_paham,Dynamic Skill,0.0
Q_DATA_0743,python_basic,paham_dasar,Dynamic Skill,1.0
Q_DATA_0743,sql_basic,cukup_paham,Dynamic Skill,2.0
Q_DATA_0744,python_basic,belum_paham,Dynamic Skill,0.0
Q_DATA_0744,sql_basic,paham_dasar,Dynamic Skill,1.0
Q_DATA_0744,sql_basic,cukup_paham,Dynamic Skill,2.0
Q_UI_U_0745,ui_principles,belum_paham,Dynamic Skill,0.0
Q_UI_U_0745,figma,paham_dasar,Dynamic Skill,1.0
Q_UI_U_0745,wireframing,cukup_paham,Dynamic Skill,2.0
Q_CYBE_0746,networking_fundamental,belum_paham,Dynamic Skill,0.0
Q_CYBE_0746,networking_fundamental,paham_dasar,Dynamic Skill,1.0
Q_CYBE_0746,log_analysis,cukup_paham,Dynamic Skill,2.0
Q_DATA_0747,sql_basic,belum_paham,Dynamic Skill,0.0
Q_DATA_0747,sql_basic,paham_dasar,Dynamic Skill,1.0
Q_DATA_0747,spreadsheet_basic,cukup_paham,Dynamic Skill,2.0
Q_CYBE_0748,linux_basic,belum_paham,Dynamic Skill,0.0
Q_CYBE_0748,log_analysis,paham_dasar,Dynamic Skill,1.0
Q_CYBE_0748,linux_basic,cukup_paham,Dynamic Skill,2.0
Q_DATA_0749,python_basic,belum_paham,Dynamic Skill,0.0
Q_DATA_0749,sql_basic,paham_dasar,Dynamic Skill,1.0
Q_DATA_0749,sql_basic,cukup_paham,Dynamic Skill,2.0
Q_AI_M_0750,model_training,belum_paham,Dynamic Skill,0.0
Q_AI_M_0750,model_training,paham_dasar,Dynamic Skill,1.0
Q_AI_M_0750,python_basic,cukup_paham,Dynamic Skill,2.0
Q_AI_M_0751,model_training,belum_paham,Dynamic Skill,0.0
Q_AI_M_0751,model_training,paham_dasar,Dynamic Skill,1.0
Q_AI_M_0751,mlops,cukup_paham,Dynamic Skill,2.0
Q_UI_U_0752,wireframing,belum_paham,Dynamic Skill,0.0
Q_UI_U_0752,wireframing,paham_dasar,Dynamic Skill,1.0
Q_UI_U_0752,ui_principles,cukup_paham,Dynamic Skill,2.0
Q_UI_U_0753,figma,belum_paham,Dynamic Skill,0.0
Q_UI_U_0753,wireframing,paham_dasar,Dynamic Skill,1.0
Q_UI_U_0753,figma,cukup_paham,Dynamic Skill,2.0
Q_WEB__0754,html_basic,belum_paham,Dynamic Skill,0.0
Q_WEB__0754,css_basic,paham_dasar,Dynamic Skill,1.0
Q_WEB__0754,javascript_basic,cukup_paham,Dynamic Skill,2.0
Q_AI_M_0755,mlops,belum_paham,Dynamic Skill,0.0
Q_AI_M_0755,model_training,paham_dasar,Dynamic Skill,1.0
Q_AI_M_0755,python_basic,cukup_paham,Dynamic Skill,2.0
Q_AI_M_0756,model_training,belum_paham,Dynamic Skill,0.0
Q_AI_M_0756,python_basic,paham_dasar,Dynamic Skill,1.0
Q_AI_M_0756,model_training,cukup_paham,Dynamic Skill,2.0
Q_AI_M_0757,python_basic,belum_paham,Dynamic Skill,0.0
Q_AI_M_0757,python_basic,paham_dasar,Dynamic Skill,1.0
Q_AI_M_0757,model_training,cukup_paham,Dynamic Skill,2.0
Q_WEB__0758,css_basic,belum_paham,Dynamic Skill,0.0
Q_WEB__0758,html_basic,paham_dasar,Dynamic Skill,1.0
Q_WEB__0758,html_basic,cukup_paham,Dynamic Skill,2.0
Q_WEB__0759,javascript_basic,belum_paham,Dynamic Skill,0.0
Q_WEB__0759,html_basic,paham_dasar,Dynamic Skill,1.0
Q_WEB__0759,html_basic,cukup_paham,Dynamic Skill,2.0
Q_AI_M_0760,mlops,belum_paham,Dynamic Skill,0.0
Q_AI_M_0760,python_basic,paham_dasar,Dynamic Skill,1.0
Q_AI_M_0760,model_training,cukup_paham,Dynamic Skill,2.0
Q_AI_M_0761,mlops,belum_paham,Dynamic Skill,0.0
Q_AI_M_0761,model_training,paham_dasar,Dynamic Skill,1.0
Q_AI_M_0761,mlops,cukup_paham,Dynamic Skill,2.0
Q_CYBE_0762,linux_basic,belum_paham,Dynamic Skill,0.0
Q_CYBE_0762,networking_fundamental,paham_dasar,Dynamic Skill,1.0
Q_CYBE_0762,linux_basic,cukup_paham,Dynamic Skill,2.0
Q_AI_M_0763,model_training,belum_paham,Dynamic Skill,0.0
Q_AI_M_0763,python_basic,paham_dasar,Dynamic Skill,1.0
Q_AI_M_0763,python_basic,cukup_paham,Dynamic Skill,2.0
Q_DATA_0764,python_basic,belum_paham,Dynamic Skill,0.0
Q_DATA_0764,spreadsheet_basic,paham_dasar,Dynamic Skill,1.0
Q_DATA_0764,sql_basic,cukup_paham,Dynamic Skill,2.0
Q_UI_U_0765,wireframing,belum_paham,Dynamic Skill,0.0
Q_UI_U_0765,ui_principles,paham_dasar,Dynamic Skill,1.0
Q_UI_U_0765,ui_principles,cukup_paham,Dynamic Skill,2.0
Q_UI_U_0766,wireframing,belum_paham,Dynamic Skill,0.0
Q_UI_U_0766,figma,paham_dasar,Dynamic Skill,1.0
Q_UI_U_0766,ui_principles,cukup_paham,Dynamic Skill,2.0
Q_WEB__0767,html_basic,belum_paham,Dynamic Skill,0.0
Q_WEB__0767,html_basic,paham_dasar,Dynamic Skill,1.0
Q_WEB__0767,css_basic,cukup_paham,Dynamic Skill,2.0
Q_WEB__0768,javascript_basic,belum_paham,Dynamic Skill,0.0
Q_WEB__0768,css_basic,paham_dasar,Dynamic Skill,1.0
Q_WEB__0768,javascript_basic,cukup_paham,Dynamic Skill,2.0
Q_WEB__0769,css_basic,belum_paham,Dynamic Skill,0.0
Q_WEB__0769,css_basic,paham_dasar,Dynamic Skill,1.0
Q_WEB__0769,css_basic,cukup_paham,Dynamic Skill,2.0
Q_CYBE_0770,networking_fundamental,belum_paham,Dynamic Skill,0.0
Q_CYBE_0770,networking_fundamental,paham_dasar,Dynamic Skill,1.0
Q_CYBE_0770,linux_basic,cukup_paham,Dynamic Skill,2.0
Q_UI_U_0771,ui_principles,belum_paham,Dynamic Skill,0.0
Q_UI_U_0771,figma,paham_dasar,Dynamic Skill,1.0
Q_UI_U_0771,wireframing,cukup_paham,Dynamic Skill,2.0
Q_UI_U_0772,wireframing,belum_paham,Dynamic Skill,0.0
Q_UI_U_0772,wireframing,paham_dasar,Dynamic Skill,1.0
Q_UI_U_0772,wireframing,cukup_paham,Dynamic Skill,2.0
Q_AI_M_0773,mlops,belum_paham,Dynamic Skill,0.0
Q_AI_M_0773,model_training,paham_dasar,Dynamic Skill,1.0
Q_AI_M_0773,mlops,cukup_paham,Dynamic Skill,2.0
Q_CYBE_0774,log_analysis,belum_paham,Dynamic Skill,0.0
Q_CYBE_0774,networking_fundamental,paham_dasar,Dynamic Skill,1.0
Q_CYBE_0774,log_analysis,cukup_paham,Dynamic Skill,2.0
Q_UI_U_0775,wireframing,belum_paham,Dynamic Skill,0.0
Q_UI_U_0775,figma,paham_dasar,Dynamic Skill,1.0
Q_UI_U_0775,wireframing,cukup_paham,Dynamic Skill,2.0
Q_CYBE_0776,networking_fundamental,belum_paham,Dynamic Skill,0.0
Q_CYBE_0776,log_analysis,paham_dasar,Dynamic Skill,1.0
Q_CYBE_0776,networking_fundamental,cukup_paham,Dynamic Skill,2.0
Q_WEB__0777,javascript_basic,belum_paham,Dynamic Skill,0.0
Q_WEB__0777,html_basic,paham_dasar,Dynamic Skill,1.0
Q_WEB__0777,css_basic,cukup_paham,Dynamic Skill,2.0
Q_DATA_0778,python_basic,belum_paham,Dynamic Skill,0.0
Q_DATA_0778,python_basic,paham_dasar,Dynamic Skill,1.0
Q_DATA_0778,spreadsheet_basic,cukup_paham,Dynamic Skill,2.0
Q_DATA_0779,spreadsheet_basic,belum_paham,Dynamic Skill,0.0
Q_DATA_0779,sql_basic,paham_dasar,Dynamic Skill,1.0
Q_DATA_0779,sql_basic,cukup_paham,Dynamic Skill,2.0
Q_DATA_0780,python_basic,belum_paham,Dynamic Skill,0.0
Q_DATA_0780,spreadsheet_basic,paham_dasar,Dynamic Skill,1.0
Q_DATA_0780,sql_basic,cukup_paham,Dynamic Skill,2.0
Q_UI_U_0781,wireframing,belum_paham,Dynamic Skill,0.0
Q_UI_U_0781,ui_principles,paham_dasar,Dynamic Skill,1.0
Q_UI_U_0781,ui_principles,cukup_paham,Dynamic Skill,2.0
Q_AI_M_0782,model_training,belum_paham,Dynamic Skill,0.0
Q_AI_M_0782,python_basic,paham_dasar,Dynamic Skill,1.0
Q_AI_M_0782,mlops,cukup_paham,Dynamic Skill,2.0
Q_AI_M_0783,python_basic,belum_paham,Dynamic Skill,0.0
Q_AI_M_0783,mlops,paham_dasar,Dynamic Skill,1.0
Q_AI_M_0783,model_training,cukup_paham,Dynamic Skill,2.0
Q_AI_M_0784,model_training,belum_paham,Dynamic Skill,0.0
Q_AI_M_0784,python_basic,paham_dasar,Dynamic Skill,1.0
Q_AI_M_0784,mlops,cukup_paham,Dynamic Skill,2.0
Q_AI_M_0785,mlops,belum_paham,Dynamic Skill,0.0
Q_AI_M_0785,model_training,paham_dasar,Dynamic Skill,1.0
Q_AI_M_0785,mlops,cukup_paham,Dynamic Skill,2.0
Q_UI_U_0786,wireframing,belum_paham,Dynamic Skill,0.0
Q_UI_U_0786,ui_principles,paham_dasar,Dynamic Skill,1.0
Q_UI_U_0786,wireframing,cukup_paham,Dynamic Skill,2.0
Q_AI_M_0787,mlops,belum_paham,Dynamic Skill,0.0
Q_AI_M_0787,model_training,paham_dasar,Dynamic Skill,1.0
Q_AI_M_0787,python_basic,cukup_paham,Dynamic Skill,2.0
Q_WEB__0788,css_basic,belum_paham,Dynamic Skill,0.0
Q_WEB__0788,html_basic,paham_dasar,Dynamic Skill,1.0
Q_WEB__0788,javascript_basic,cukup_paham,Dynamic Skill,2.0
Q_CYBE_0789,linux_basic,belum_paham,Dynamic Skill,0.0
Q_CYBE_0789,networking_fundamental,paham_dasar,Dynamic Skill,1.0
Q_CYBE_0789,linux_basic,cukup_paham,Dynamic Skill,2.0
Q_AI_M_0790,python_basic,belum_paham,Dynamic Skill,0.0
Q_AI_M_0790,mlops,paham_dasar,Dynamic Skill,1.0
Q_AI_M_0790,mlops,cukup_paham,Dynamic Skill,2.0
Q_AI_M_0791,mlops,belum_paham,Dynamic Skill,0.0
Q_AI_M_0791,model_training,paham_dasar,Dynamic Skill,1.0
Q_AI_M_0791,python_basic,cukup_paham,Dynamic Skill,2.0
Q_WEB__0792,html_basic,belum_paham,Dynamic Skill,0.0
Q_WEB__0792,html_basic,paham_dasar,Dynamic Skill,1.0
Q_WEB__0792,javascript_basic,cukup_paham,Dynamic Skill,2.0
Q_UI_U_0793,wireframing,belum_paham,Dynamic Skill,0.0
Q_UI_U_0793,ui_principles,paham_dasar,Dynamic Skill,1.0
Q_UI_U_0793,figma,cukup_paham,Dynamic Skill,2.0
Q_UI_U_0794,wireframing,belum_paham,Dynamic Skill,0.0
Q_UI_U_0794,wireframing,paham_dasar,Dynamic Skill,1.0
Q_UI_U_0794,figma,cukup_paham,Dynamic Skill,2.0
Q_WEB__0795,css_basic,belum_paham,Dynamic Skill,0.0
Q_WEB__0795,html_basic,paham_dasar,Dynamic Skill,1.0
Q_WEB__0795,css_basic,cukup_paham,Dynamic Skill,2.0
Q_UI_U_0796,wireframing,belum_paham,Dynamic Skill,0.0
Q_UI_U_0796,ui_principles,paham_dasar,Dynamic Skill,1.0
Q_UI_U_0796,ui_principles,cukup_paham,Dynamic Skill,2.0
Q_WEB__0797,javascript_basic,belum_paham,Dynamic Skill,0.0
Q_WEB__0797,html_basic,paham_dasar,Dynamic Skill,1.0
Q_WEB__0797,javascript_basic,cukup_paham,Dynamic Skill,2.0
Q_AI_M_0798,mlops,belum_paham,Dynamic Skill,0.0
Q_AI_M_0798,mlops,paham_dasar,Dynamic Skill,1.0
Q_AI_M_0798,model_training,cukup_paham,Dynamic Skill,2.0
Q_AI_M_0799,python_basic,belum_paham,Dynamic Skill,0.0
Q_AI_M_0799,python_basic,paham_dasar,Dynamic Skill,1.0
Q_AI_M_0799,mlops,cukup_paham,Dynamic Skill,2.0
Q_DATA_0800,spreadsheet_basic,belum_paham,Dynamic Skill,0.0
Q_DATA_0800,spreadsheet_basic,paham_dasar,Dynamic Skill,1.0
Q_DATA_0800,sql_basic,cukup_paham,Dynamic Skill,2.0
Q_WEB__0801,css_basic,belum_paham,Dynamic Skill,0.0
Q_WEB__0801,html_basic,paham_dasar,Dynamic Skill,1.0
Q_WEB__0801,javascript_basic,cukup_paham,Dynamic Skill,2.0
Q_CYBE_0802,networking_fundamental,belum_paham,Dynamic Skill,0.0
Q_CYBE_0802,networking_fundamental,paham_dasar,Dynamic Skill,1.0
Q_CYBE_0802,linux_basic,cukup_paham,Dynamic Skill,2.0
Q_CYBE_0803,networking_fundamental,belum_paham,Dynamic Skill,0.0
Q_CYBE_0803,networking_fundamental,paham_dasar,Dynamic Skill,1.0
Q_CYBE_0803,linux_basic,cukup_paham,Dynamic Skill,2.0
Q_DATA_0804,sql_basic,belum_paham,Dynamic Skill,0.0
Q_DATA_0804,sql_basic,paham_dasar,Dynamic Skill,1.0
Q_DATA_0804,python_basic,cukup_paham,Dynamic Skill,2.0
Q_UI_U_0805,wireframing,belum_paham,Dynamic Skill,0.0
Q_UI_U_0805,wireframing,paham_dasar,Dynamic Skill,1.0
Q_UI_U_0805,figma,cukup_paham,Dynamic Skill,2.0
Q_WEB__0806,html_basic,belum_paham,Dynamic Skill,0.0
Q_WEB__0806,javascript_basic,paham_dasar,Dynamic Skill,1.0
Q_WEB__0806,css_basic,cukup_paham,Dynamic Skill,2.0
Q_AI_M_0807,model_training,belum_paham,Dynamic Skill,0.0
Q_AI_M_0807,model_training,paham_dasar,Dynamic Skill,1.0
Q_AI_M_0807,mlops,cukup_paham,Dynamic Skill,2.0
Q_WEB__0808,css_basic,belum_paham,Dynamic Skill,0.0
Q_WEB__0808,javascript_basic,paham_dasar,Dynamic Skill,1.0
Q_WEB__0808,javascript_basic,cukup_paham,Dynamic Skill,2.0
Q_WEB__0809,html_basic,belum_paham,Dynamic Skill,0.0
Q_WEB__0809,javascript_basic,paham_dasar,Dynamic Skill,1.0
Q_WEB__0809,html_basic,cukup_paham,Dynamic Skill,2.0
Q_WEB__0810,javascript_basic,belum_paham,Dynamic Skill,0.0
Q_WEB__0810,css_basic,paham_dasar,Dynamic Skill,1.0
Q_WEB__0810,javascript_basic,cukup_paham,Dynamic Skill,2.0
Q_DATA_0811,sql_basic,belum_paham,Dynamic Skill,0.0
Q_DATA_0811,python_basic,paham_dasar,Dynamic Skill,1.0
Q_DATA_0811,spreadsheet_basic,cukup_paham,Dynamic Skill,2.0
Q_WEB__0812,html_basic,belum_paham,Dynamic Skill,0.0
Q_WEB__0812,css_basic,paham_dasar,Dynamic Skill,1.0
Q_WEB__0812,css_basic,cukup_paham,Dynamic Skill,2.0
Q_CYBE_0813,linux_basic,belum_paham,Dynamic Skill,0.0
Q_CYBE_0813,linux_basic,paham_dasar,Dynamic Skill,1.0
Q_CYBE_0813,linux_basic,cukup_paham,Dynamic Skill,2.0
Q_DATA_0814,spreadsheet_basic,belum_paham,Dynamic Skill,0.0
Q_DATA_0814,python_basic,paham_dasar,Dynamic Skill,1.0
Q_DATA_0814,spreadsheet_basic,cukup_paham,Dynamic Skill,2.0
Q_DATA_0815,spreadsheet_basic,belum_paham,Dynamic Skill,0.0
Q_DATA_0815,python_basic,paham_dasar,Dynamic Skill,1.0
Q_DATA_0815,python_basic,cukup_paham,Dynamic Skill,2.0
Q_AI_M_0816,python_basic,belum_paham,Dynamic Skill,0.0
Q_AI_M_0816,python_basic,paham_dasar,Dynamic Skill,1.0
Q_AI_M_0816,mlops,cukup_paham,Dynamic Skill,2.0
Q_DATA_0817,sql_basic,belum_paham,Dynamic Skill,0.0
Q_DATA_0817,spreadsheet_basic,paham_dasar,Dynamic Skill,1.0
Q_DATA_0817,sql_basic,cukup_paham,Dynamic Skill,2.0
Q_UI_U_0818,wireframing,belum_paham,Dynamic Skill,0.0
Q_UI_U_0818,figma,paham_dasar,Dynamic Skill,1.0
Q_UI_U_0818,wireframing,cukup_paham,Dynamic Skill,2.0
Q_AI_M_0819,python_basic,belum_paham,Dynamic Skill,0.0
Q_AI_M_0819,python_basic,paham_dasar,Dynamic Skill,1.0
Q_AI_M_0819,model_training,cukup_paham,Dynamic Skill,2.0
Q_WEB__0820,css_basic,belum_paham,Dynamic Skill,0.0
Q_WEB__0820,html_basic,paham_dasar,Dynamic Skill,1.0
Q_WEB__0820,html_basic,cukup_paham,Dynamic Skill,2.0
Q_WEB__0821,css_basic,belum_paham,Dynamic Skill,0.0
Q_WEB__0821,javascript_basic,paham_dasar,Dynamic Skill,1.0
Q_WEB__0821,css_basic,cukup_paham,Dynamic Skill,2.0
Q_UI_U_0822,figma,belum_paham,Dynamic Skill,0.0
Q_UI_U_0822,wireframing,paham_dasar,Dynamic Skill,1.0
Q_UI_U_0822,wireframing,cukup_paham,Dynamic Skill,2.0
Q_DATA_0823,spreadsheet_basic,belum_paham,Dynamic Skill,0.0
Q_DATA_0823,spreadsheet_basic,paham_dasar,Dynamic Skill,1.0
Q_DATA_0823,spreadsheet_basic,cukup_paham,Dynamic Skill,2.0
Q_WEB__0824,css_basic,belum_paham,Dynamic Skill,0.0
Q_WEB__0824,javascript_basic,paham_dasar,Dynamic Skill,1.0
Q_WEB__0824,html_basic,cukup_paham,Dynamic Skill,2.0
Q_AI_M_0825,mlops,belum_paham,Dynamic Skill,0.0
Q_AI_M_0825,model_training,paham_dasar,Dynamic Skill,1.0
Q_AI_M_0825,model_training,cukup_paham,Dynamic Skill,2.0
Q_CYBE_0826,log_analysis,belum_paham,Dynamic Skill,0.0
Q_CYBE_0826,log_analysis,paham_dasar,Dynamic Skill,1.0
Q_CYBE_0826,networking_fundamental,cukup_paham,Dynamic Skill,2.0
Q_CYBE_0827,log_analysis,belum_paham,Dynamic Skill,0.0
Q_CYBE_0827,linux_basic,paham_dasar,Dynamic Skill,1.0
Q_CYBE_0827,log_analysis,cukup_paham,Dynamic Skill,2.0
Q_AI_M_0828,mlops,belum_paham,Dynamic Skill,0.0
Q_AI_M_0828,mlops,paham_dasar,Dynamic Skill,1.0
Q_AI_M_0828,model_training,cukup_paham,Dynamic Skill,2.0
Q_AI_M_0829,mlops,belum_paham,Dynamic Skill,0.0
Q_AI_M_0829,model_training,paham_dasar,Dynamic Skill,1.0
Q_AI_M_0829,model_training,cukup_paham,Dynamic Skill,2.0
Q_DATA_0830,python_basic,belum_paham,Dynamic Skill,0.0
Q_DATA_0830,sql_basic,paham_dasar,Dynamic Skill,1.0
Q_DATA_0830,python_basic,cukup_paham,Dynamic Skill,2.0
Q_UI_U_0831,wireframing,belum_paham,Dynamic Skill,0.0
Q_UI_U_0831,figma,paham_dasar,Dynamic Skill,1.0
Q_UI_U_0831,ui_principles,cukup_paham,Dynamic Skill,2.0
Q_CYBE_0832,linux_basic,belum_paham,Dynamic Skill,0.0
Q_CYBE_0832,log_analysis,paham_dasar,Dynamic Skill,1.0
Q_CYBE_0832,log_analysis,cukup_paham,Dynamic Skill,2.0
Q_AI_M_0833,mlops,belum_paham,Dynamic Skill,0.0
Q_AI_M_0833,model_training,paham_dasar,Dynamic Skill,1.0
Q_AI_M_0833,model_training,cukup_paham,Dynamic Skill,2.0
Q_CYBE_0834,log_analysis,belum_paham,Dynamic Skill,0.0
Q_CYBE_0834,linux_basic,paham_dasar,Dynamic Skill,1.0
Q_CYBE_0834,log_analysis,cukup_paham,Dynamic Skill,2.0
Q_DATA_0835,sql_basic,belum_paham,Dynamic Skill,0.0
Q_DATA_0835,python_basic,paham_dasar,Dynamic Skill,1.0
Q_DATA_0835,python_basic,cukup_paham,Dynamic Skill,2.0
Q_DATA_0836,sql_basic,belum_paham,Dynamic Skill,0.0
Q_DATA_0836,spreadsheet_basic,paham_dasar,Dynamic Skill,1.0
Q_DATA_0836,python_basic,cukup_paham,Dynamic Skill,2.0
Q_DATA_0837,sql_basic,belum_paham,Dynamic Skill,0.0
Q_DATA_0837,sql_basic,paham_dasar,Dynamic Skill,1.0
Q_DATA_0837,sql_basic,cukup_paham,Dynamic Skill,2.0
Q_WEB__0838,css_basic,belum_paham,Dynamic Skill,0.0
Q_WEB__0838,html_basic,paham_dasar,Dynamic Skill,1.0
Q_WEB__0838,html_basic,cukup_paham,Dynamic Skill,2.0
Q_WEB__0839,css_basic,belum_paham,Dynamic Skill,0.0
Q_WEB__0839,html_basic,paham_dasar,Dynamic Skill,1.0
Q_WEB__0839,html_basic,cukup_paham,Dynamic Skill,2.0
Q_DATA_0840,spreadsheet_basic,belum_paham,Dynamic Skill,0.0
Q_DATA_0840,spreadsheet_basic,paham_dasar,Dynamic Skill,1.0
Q_DATA_0840,spreadsheet_basic,cukup_paham,Dynamic Skill,2.0
Q_UI_U_0841,figma,belum_paham,Dynamic Skill,0.0
Q_UI_U_0841,ui_principles,paham_dasar,Dynamic Skill,1.0
Q_UI_U_0841,wireframing,cukup_paham,Dynamic Skill,2.0
Q_CYBE_0842,linux_basic,belum_paham,Dynamic Skill,0.0
Q_CYBE_0842,log_analysis,paham_dasar,Dynamic Skill,1.0
Q_CYBE_0842,log_analysis,cukup_paham,Dynamic Skill,2.0
Q_DATA_0843,sql_basic,belum_paham,Dynamic Skill,0.0
Q_DATA_0843,python_basic,paham_dasar,Dynamic Skill,1.0
Q_DATA_0843,python_basic,cukup_paham,Dynamic Skill,2.0
Q_DATA_0844,python_basic,belum_paham,Dynamic Skill,0.0
Q_DATA_0844,sql_basic,paham_dasar,Dynamic Skill,1.0
Q_DATA_0844,spreadsheet_basic,cukup_paham,Dynamic Skill,2.0
Q_AI_M_0845,mlops,belum_paham,Dynamic Skill,0.0
Q_AI_M_0845,mlops,paham_dasar,Dynamic Skill,1.0
Q_AI_M_0845,model_training,cukup_paham,Dynamic Skill,2.0
Q_WEB__0846,html_basic,belum_paham,Dynamic Skill,0.0
Q_WEB__0846,html_basic,paham_dasar,Dynamic Skill,1.0
Q_WEB__0846,javascript_basic,cukup_paham,Dynamic Skill,2.0
Q_DATA_0847,sql_basic,belum_paham,Dynamic Skill,0.0
Q_DATA_0847,spreadsheet_basic,paham_dasar,Dynamic Skill,1.0
Q_DATA_0847,sql_basic,cukup_paham,Dynamic Skill,2.0
Q_UI_U_0848,ui_principles,belum_paham,Dynamic Skill,0.0
Q_UI_U_0848,figma,paham_dasar,Dynamic Skill,1.0
Q_UI_U_0848,figma,cukup_paham,Dynamic Skill,2.0
Q_WEB__0849,javascript_basic,belum_paham,Dynamic Skill,0.0
Q_WEB__0849,css_basic,paham_dasar,Dynamic Skill,1.0
Q_WEB__0849,css_basic,cukup_paham,Dynamic Skill,2.0
Q_UI_U_0850,wireframing,belum_paham,Dynamic Skill,0.0
Q_UI_U_0850,figma,paham_dasar,Dynamic Skill,1.0
Q_UI_U_0850,ui_principles,cukup_paham,Dynamic Skill,2.0
Q_WEB__0851,css_basic,belum_paham,Dynamic Skill,0.0
Q_WEB__0851,html_basic,paham_dasar,Dynamic Skill,1.0
Q_WEB__0851,javascript_basic,cukup_paham,Dynamic Skill,2.0
Q_AI_M_0852,python_basic,belum_paham,Dynamic Skill,0.0
Q_AI_M_0852,model_training,paham_dasar,Dynamic Skill,1.0
Q_AI_M_0852,model_training,cukup_paham,Dynamic Skill,2.0
Q_WEB__0853,html_basic,belum_paham,Dynamic Skill,0.0
Q_WEB__0853,css_basic,paham_dasar,Dynamic Skill,1.0
Q_WEB__0853,javascript_basic,cukup_paham,Dynamic Skill,2.0
Q_UI_U_0854,figma,belum_paham,Dynamic Skill,0.0
Q_UI_U_0854,ui_principles,paham_dasar,Dynamic Skill,1.0
Q_UI_U_0854,wireframing,cukup_paham,Dynamic Skill,2.0
Q_AI_M_0855,model_training,belum_paham,Dynamic Skill,0.0
Q_AI_M_0855,model_training,paham_dasar,Dynamic Skill,1.0
Q_AI_M_0855,model_training,cukup_paham,Dynamic Skill,2.0
Q_UI_U_0856,wireframing,belum_paham,Dynamic Skill,0.0
Q_UI_U_0856,wireframing,paham_dasar,Dynamic Skill,1.0
Q_UI_U_0856,wireframing,cukup_paham,Dynamic Skill,2.0
Q_AI_M_0857,python_basic,belum_paham,Dynamic Skill,0.0
Q_AI_M_0857,mlops,paham_dasar,Dynamic Skill,1.0
Q_AI_M_0857,mlops,cukup_paham,Dynamic Skill,2.0
Q_DATA_0858,spreadsheet_basic,belum_paham,Dynamic Skill,0.0
Q_DATA_0858,sql_basic,paham_dasar,Dynamic Skill,1.0
Q_DATA_0858,spreadsheet_basic,cukup_paham,Dynamic Skill,2.0
Q_CYBE_0859,log_analysis,belum_paham,Dynamic Skill,0.0
Q_CYBE_0859,linux_basic,paham_dasar,Dynamic Skill,1.0
Q_CYBE_0859,networking_fundamental,cukup_paham,Dynamic Skill,2.0
Q_UI_U_0860,ui_principles,belum_paham,Dynamic Skill,0.0
Q_UI_U_0860,wireframing,paham_dasar,Dynamic Skill,1.0
Q_UI_U_0860,ui_principles,cukup_paham,Dynamic Skill,2.0
Q_WEB__0861,css_basic,belum_paham,Dynamic Skill,0.0
Q_WEB__0861,html_basic,paham_dasar,Dynamic Skill,1.0
Q_WEB__0861,javascript_basic,cukup_paham,Dynamic Skill,2.0
Q_CYBE_0862,networking_fundamental,belum_paham,Dynamic Skill,0.0
Q_CYBE_0862,log_analysis,paham_dasar,Dynamic Skill,1.0
Q_CYBE_0862,log_analysis,cukup_paham,Dynamic Skill,2.0
Q_DATA_0863,sql_basic,belum_paham,Dynamic Skill,0.0
Q_DATA_0863,python_basic,paham_dasar,Dynamic Skill,1.0
Q_DATA_0863,sql_basic,cukup_paham,Dynamic Skill,2.0
Q_WEB__0864,javascript_basic,belum_paham,Dynamic Skill,0.0
Q_WEB__0864,css_basic,paham_dasar,Dynamic Skill,1.0
Q_WEB__0864,css_basic,cukup_paham,Dynamic Skill,2.0
Q_AI_M_0865,python_basic,belum_paham,Dynamic Skill,0.0
Q_AI_M_0865,mlops,paham_dasar,Dynamic Skill,1.0
Q_AI_M_0865,model_training,cukup_paham,Dynamic Skill,2.0
Q_UI_U_0866,figma,belum_paham,Dynamic Skill,0.0
Q_UI_U_0866,wireframing,paham_dasar,Dynamic Skill,1.0
Q_UI_U_0866,ui_principles,cukup_paham,Dynamic Skill,2.0
Q_DATA_0867,sql_basic,belum_paham,Dynamic Skill,0.0
Q_DATA_0867,sql_basic,paham_dasar,Dynamic Skill,1.0
Q_DATA_0867,sql_basic,cukup_paham,Dynamic Skill,2.0
Q_CYBE_0868,log_analysis,belum_paham,Dynamic Skill,0.0
Q_CYBE_0868,linux_basic,paham_dasar,Dynamic Skill,1.0
Q_CYBE_0868,linux_basic,cukup_paham,Dynamic Skill,2.0
Q_DATA_0869,python_basic,belum_paham,Dynamic Skill,0.0
Q_DATA_0869,sql_basic,paham_dasar,Dynamic Skill,1.0
Q_DATA_0869,spreadsheet_basic,cukup_paham,Dynamic Skill,2.0
Q_WEB__0870,css_basic,belum_paham,Dynamic Skill,0.0
Q_WEB__0870,javascript_basic,paham_dasar,Dynamic Skill,1.0
Q_WEB__0870,javascript_basic,cukup_paham,Dynamic Skill,2.0
Q_UI_U_0871,ui_principles,belum_paham,Dynamic Skill,0.0
Q_UI_U_0871,wireframing,paham_dasar,Dynamic Skill,1.0
Q_UI_U_0871,figma,cukup_paham,Dynamic Skill,2.0
Q_CYBE_0872,networking_fundamental,belum_paham,Dynamic Skill,0.0
Q_CYBE_0872,log_analysis,paham_dasar,Dynamic Skill,1.0
Q_CYBE_0872,log_analysis,cukup_paham,Dynamic Skill,2.0
Q_AI_M_0873,model_training,belum_paham,Dynamic Skill,0.0
Q_AI_M_0873,python_basic,paham_dasar,Dynamic Skill,1.0
Q_AI_M_0873,mlops,cukup_paham,Dynamic Skill,2.0
Q_UI_U_0874,figma,belum_paham,Dynamic Skill,0.0
Q_UI_U_0874,figma,paham_dasar,Dynamic Skill,1.0
Q_UI_U_0874,ui_principles,cukup_paham,Dynamic Skill,2.0
Q_UI_U_0875,ui_principles,belum_paham,Dynamic Skill,0.0
Q_UI_U_0875,wireframing,paham_dasar,Dynamic Skill,1.0
Q_UI_U_0875,figma,cukup_paham,Dynamic Skill,2.0
Q_AI_M_0876,python_basic,belum_paham,Dynamic Skill,0.0
Q_AI_M_0876,model_training,paham_dasar,Dynamic Skill,1.0
Q_AI_M_0876,model_training,cukup_paham,Dynamic Skill,2.0
Q_WEB__0877,javascript_basic,belum_paham,Dynamic Skill,0.0
Q_WEB__0877,javascript_basic,paham_dasar,Dynamic Skill,1.0
Q_WEB__0877,css_basic,cukup_paham,Dynamic Skill,2.0
Q_CYBE_0878,linux_basic,belum_paham,Dynamic Skill,0.0
Q_CYBE_0878,linux_basic,paham_dasar,Dynamic Skill,1.0
Q_CYBE_0878,log_analysis,cukup_paham,Dynamic Skill,2.0
Q_WEB__0879,html_basic,belum_paham,Dynamic Skill,0.0
Q_WEB__0879,html_basic,paham_dasar,Dynamic Skill,1.0
Q_WEB__0879,css_basic,cukup_paham,Dynamic Skill,2.0
Q_CYBE_0880,log_analysis,belum_paham,Dynamic Skill,0.0
Q_CYBE_0880,linux_basic,paham_dasar,Dynamic Skill,1.0
Q_CYBE_0880,linux_basic,cukup_paham,Dynamic Skill,2.0
Q_CYBE_0881,log_analysis,belum_paham,Dynamic Skill,0.0
Q_CYBE_0881,linux_basic,paham_dasar,Dynamic Skill,1.0
Q_CYBE_0881,linux_basic,cukup_paham,Dynamic Skill,2.0
Q_AI_M_0882,model_training,belum_paham,Dynamic Skill,0.0
Q_AI_M_0882,model_training,paham_dasar,Dynamic Skill,1.0
Q_AI_M_0882,mlops,cukup_paham,Dynamic Skill,2.0
Q_WEB__0883,css_basic,belum_paham,Dynamic Skill,0.0
Q_WEB__0883,javascript_basic,paham_dasar,Dynamic Skill,1.0
Q_WEB__0883,html_basic,cukup_paham,Dynamic Skill,2.0
Q_UI_U_0884,figma,belum_paham,Dynamic Skill,0.0
Q_UI_U_0884,wireframing,paham_dasar,Dynamic Skill,1.0
Q_UI_U_0884,ui_principles,cukup_paham,Dynamic Skill,2.0
Q_CYBE_0885,linux_basic,belum_paham,Dynamic Skill,0.0
Q_CYBE_0885,networking_fundamental,paham_dasar,Dynamic Skill,1.0
Q_CYBE_0885,log_analysis,cukup_paham,Dynamic Skill,2.0
Q_AI_M_0886,model_training,belum_paham,Dynamic Skill,0.0
Q_AI_M_0886,model_training,paham_dasar,Dynamic Skill,1.0
Q_AI_M_0886,model_training,cukup_paham,Dynamic Skill,2.0
Q_WEB__0887,html_basic,belum_paham,Dynamic Skill,0.0
Q_WEB__0887,css_basic,paham_dasar,Dynamic Skill,1.0
Q_WEB__0887,css_basic,cukup_paham,Dynamic Skill,2.0
Q_AI_M_0888,python_basic,belum_paham,Dynamic Skill,0.0
Q_AI_M_0888,model_training,paham_dasar,Dynamic Skill,1.0
Q_AI_M_0888,model_training,cukup_paham,Dynamic Skill,2.0
Q_AI_M_0889,mlops,belum_paham,Dynamic Skill,0.0
Q_AI_M_0889,model_training,paham_dasar,Dynamic Skill,1.0
Q_AI_M_0889,mlops,cukup_paham,Dynamic Skill,2.0
Q_WEB__0890,css_basic,belum_paham,Dynamic Skill,0.0
Q_WEB__0890,css_basic,paham_dasar,Dynamic Skill,1.0
Q_WEB__0890,html_basic,cukup_paham,Dynamic Skill,2.0
Q_CYBE_0891,linux_basic,belum_paham,Dynamic Skill,0.0
Q_CYBE_0891,log_analysis,paham_dasar,Dynamic Skill,1.0
Q_CYBE_0891,linux_basic,cukup_paham,Dynamic Skill,2.0
Q_AI_M_0892,mlops,belum_paham,Dynamic Skill,0.0
Q_AI_M_0892,python_basic,paham_dasar,Dynamic Skill,1.0
Q_AI_M_0892,mlops,cukup_paham,Dynamic Skill,2.0
Q_AI_M_0893,mlops,belum_paham,Dynamic Skill,0.0
Q_AI_M_0893,model_training,paham_dasar,Dynamic Skill,1.0
Q_AI_M_0893,python_basic,cukup_paham,Dynamic Skill,2.0
Q_UI_U_0894,ui_principles,belum_paham,Dynamic Skill,0.0
Q_UI_U_0894,figma,paham_dasar,Dynamic Skill,1.0
Q_UI_U_0894,ui_principles,cukup_paham,Dynamic Skill,2.0
Q_AI_M_0895,python_basic,belum_paham,Dynamic Skill,0.0
Q_AI_M_0895,mlops,paham_dasar,Dynamic Skill,1.0
Q_AI_M_0895,mlops,cukup_paham,Dynamic Skill,2.0
Q_DATA_0896,spreadsheet_basic,belum_paham,Dynamic Skill,0.0
Q_DATA_0896,spreadsheet_basic,paham_dasar,Dynamic Skill,1.0
Q_DATA_0896,python_basic,cukup_paham,Dynamic Skill,2.0
Q_WEB__0897,css_basic,belum_paham,Dynamic Skill,0.0
Q_WEB__0897,html_basic,paham_dasar,Dynamic Skill,1.0
Q_WEB__0897,css_basic,cukup_paham,Dynamic Skill,2.0
Q_AI_M_0898,mlops,belum_paham,Dynamic Skill,0.0
Q_AI_M_0898,python_basic,paham_dasar,Dynamic Skill,1.0
Q_AI_M_0898,model_training,cukup_paham,Dynamic Skill,2.0
Q_UI_U_0899,wireframing,belum_paham,Dynamic Skill,0.0
Q_UI_U_0899,ui_principles,paham_dasar,Dynamic Skill,1.0
Q_UI_U_0899,figma,cukup_paham,Dynamic Skill,2.0
Q_WEB__0900,javascript_basic,belum_paham,Dynamic Skill,0.0
Q_WEB__0900,javascript_basic,paham_dasar,Dynamic Skill,1.0
Q_WEB__0900,css_basic,cukup_paham,Dynamic Skill,2.0
Q_CYBE_0901,linux_basic,belum_paham,Dynamic Skill,0.0
Q_CYBE_0901,log_analysis,paham_dasar,Dynamic Skill,1.0
Q_CYBE_0901,networking_fundamental,cukup_paham,Dynamic Skill,2.0
Q_WEB__0902,html_basic,belum_paham,Dynamic Skill,0.0
Q_WEB__0902,javascript_basic,paham_dasar,Dynamic Skill,1.0
Q_WEB__0902,javascript_basic,cukup_paham,Dynamic Skill,2.0
Q_UI_U_0903,figma,belum_paham,Dynamic Skill,0.0
Q_UI_U_0903,ui_principles,paham_dasar,Dynamic Skill,1.0
Q_UI_U_0903,ui_principles,cukup_paham,Dynamic Skill,2.0
Q_DATA_0904,spreadsheet_basic,belum_paham,Dynamic Skill,0.0
Q_DATA_0904,spreadsheet_basic,paham_dasar,Dynamic Skill,1.0
Q_DATA_0904,sql_basic,cukup_paham,Dynamic Skill,2.0
Q_CYBE_0905,log_analysis,belum_paham,Dynamic Skill,0.0
Q_CYBE_0905,log_analysis,paham_dasar,Dynamic Skill,1.0
Q_CYBE_0905,linux_basic,cukup_paham,Dynamic Skill,2.0
Q_WEB__0906,javascript_basic,belum_paham,Dynamic Skill,0.0
Q_WEB__0906,css_basic,paham_dasar,Dynamic Skill,1.0
Q_WEB__0906,html_basic,cukup_paham,Dynamic Skill,2.0
Q_DATA_0907,python_basic,belum_paham,Dynamic Skill,0.0
Q_DATA_0907,spreadsheet_basic,paham_dasar,Dynamic Skill,1.0
Q_DATA_0907,spreadsheet_basic,cukup_paham,Dynamic Skill,2.0
Q_UI_U_0908,ui_principles,belum_paham,Dynamic Skill,0.0
Q_UI_U_0908,ui_principles,paham_dasar,Dynamic Skill,1.0
Q_UI_U_0908,ui_principles,cukup_paham,Dynamic Skill,2.0
Q_DATA_0909,sql_basic,belum_paham,Dynamic Skill,0.0
Q_DATA_0909,python_basic,paham_dasar,Dynamic Skill,1.0
Q_DATA_0909,sql_basic,cukup_paham,Dynamic Skill,2.0
Q_DATA_0910,python_basic,belum_paham,Dynamic Skill,0.0
Q_DATA_0910,spreadsheet_basic,paham_dasar,Dynamic Skill,1.0
Q_DATA_0910,spreadsheet_basic,cukup_paham,Dynamic Skill,2.0
Q_DATA_0911,sql_basic,belum_paham,Dynamic Skill,0.0
Q_DATA_0911,python_basic,paham_dasar,Dynamic Skill,1.0
Q_DATA_0911,spreadsheet_basic,cukup_paham,Dynamic Skill,2.0
Q_CYBE_0912,linux_basic,belum_paham,Dynamic Skill,0.0
Q_CYBE_0912,log_analysis,paham_dasar,Dynamic Skill,1.0
Q_CYBE_0912,linux_basic,cukup_paham,Dynamic Skill,2.0
Q_AI_M_0913,mlops,belum_paham,Dynamic Skill,0.0
Q_AI_M_0913,mlops,paham_dasar,Dynamic Skill,1.0
Q_AI_M_0913,mlops,cukup_paham,Dynamic Skill,2.0
Q_WEB__0914,javascript_basic,belum_paham,Dynamic Skill,0.0
Q_WEB__0914,html_basic,paham_dasar,Dynamic Skill,1.0
Q_WEB__0914,html_basic,cukup_paham,Dynamic Skill,2.0
Q_DATA_0915,python_basic,belum_paham,Dynamic Skill,0.0
Q_DATA_0915,spreadsheet_basic,paham_dasar,Dynamic Skill,1.0
Q_DATA_0915,sql_basic,cukup_paham,Dynamic Skill,2.0
Q_WEB__0916,html_basic,belum_paham,Dynamic Skill,0.0
Q_WEB__0916,html_basic,paham_dasar,Dynamic Skill,1.0
Q_WEB__0916,css_basic,cukup_paham,Dynamic Skill,2.0
Q_DATA_0917,sql_basic,belum_paham,Dynamic Skill,0.0
Q_DATA_0917,python_basic,paham_dasar,Dynamic Skill,1.0
Q_DATA_0917,sql_basic,cukup_paham,Dynamic Skill,2.0
Q_WEB__0918,html_basic,belum_paham,Dynamic Skill,0.0
Q_WEB__0918,javascript_basic,paham_dasar,Dynamic Skill,1.0
Q_WEB__0918,html_basic,cukup_paham,Dynamic Skill,2.0
Q_DATA_0919,sql_basic,belum_paham,Dynamic Skill,0.0
Q_DATA_0919,python_basic,paham_dasar,Dynamic Skill,1.0
Q_DATA_0919,spreadsheet_basic,cukup_paham,Dynamic Skill,2.0
Q_DATA_0920,spreadsheet_basic,belum_paham,Dynamic Skill,0.0
Q_DATA_0920,spreadsheet_basic,paham_dasar,Dynamic Skill,1.0
Q_DATA_0920,sql_basic,cukup_paham,Dynamic Skill,2.0
Q_CYBE_0921,networking_fundamental,belum_paham,Dynamic Skill,0.0
Q_CYBE_0921,linux_basic,paham_dasar,Dynamic Skill,1.0
Q_CYBE_0921,networking_fundamental,cukup_paham,Dynamic Skill,2.0
Q_UI_U_0922,wireframing,belum_paham,Dynamic Skill,0.0
Q_UI_U_0922,figma,paham_dasar,Dynamic Skill,1.0
Q_UI_U_0922,figma,cukup_paham,Dynamic Skill,2.0
Q_UI_U_0923,ui_principles,belum_paham,Dynamic Skill,0.0
Q_UI_U_0923,wireframing,paham_dasar,Dynamic Skill,1.0
Q_UI_U_0923,figma,cukup_paham,Dynamic Skill,2.0
Q_AI_M_0924,mlops,belum_paham,Dynamic Skill,0.0
Q_AI_M_0924,mlops,paham_dasar,Dynamic Skill,1.0
Q_AI_M_0924,mlops,cukup_paham,Dynamic Skill,2.0
Q_UI_U_0925,ui_principles,belum_paham,Dynamic Skill,0.0
Q_UI_U_0925,wireframing,paham_dasar,Dynamic Skill,1.0
Q_UI_U_0925,ui_principles,cukup_paham,Dynamic Skill,2.0
Q_CYBE_0926,networking_fundamental,belum_paham,Dynamic Skill,0.0
Q_CYBE_0926,networking_fundamental,paham_dasar,Dynamic Skill,1.0
Q_CYBE_0926,linux_basic,cukup_paham,Dynamic Skill,2.0
Q_CYBE_0927,networking_fundamental,belum_paham,Dynamic Skill,0.0
Q_CYBE_0927,linux_basic,paham_dasar,Dynamic Skill,1.0
Q_CYBE_0927,networking_fundamental,cukup_paham,Dynamic Skill,2.0
Q_AI_M_0928,python_basic,belum_paham,Dynamic Skill,0.0
Q_AI_M_0928,model_training,paham_dasar,Dynamic Skill,1.0
Q_AI_M_0928,mlops,cukup_paham,Dynamic Skill,2.0
Q_UI_U_0929,ui_principles,belum_paham,Dynamic Skill,0.0
Q_UI_U_0929,figma,paham_dasar,Dynamic Skill,1.0
Q_UI_U_0929,wireframing,cukup_paham,Dynamic Skill,2.0
Q_UI_U_0930,wireframing,belum_paham,Dynamic Skill,0.0
Q_UI_U_0930,ui_principles,paham_dasar,Dynamic Skill,1.0
Q_UI_U_0930,figma,cukup_paham,Dynamic Skill,2.0
Q_CYBE_0931,networking_fundamental,belum_paham,Dynamic Skill,0.0
Q_CYBE_0931,log_analysis,paham_dasar,Dynamic Skill,1.0
Q_CYBE_0931,linux_basic,cukup_paham,Dynamic Skill,2.0
Q_DATA_0932,spreadsheet_basic,belum_paham,Dynamic Skill,0.0
Q_DATA_0932,python_basic,paham_dasar,Dynamic Skill,1.0
Q_DATA_0932,sql_basic,cukup_paham,Dynamic Skill,2.0
Q_DATA_0933,spreadsheet_basic,belum_paham,Dynamic Skill,0.0
Q_DATA_0933,python_basic,paham_dasar,Dynamic Skill,1.0
Q_DATA_0933,sql_basic,cukup_paham,Dynamic Skill,2.0
Q_WEB__0934,html_basic,belum_paham,Dynamic Skill,0.0
Q_WEB__0934,html_basic,paham_dasar,Dynamic Skill,1.0
Q_WEB__0934,css_basic,cukup_paham,Dynamic Skill,2.0
Q_UI_U_0935,ui_principles,belum_paham,Dynamic Skill,0.0
Q_UI_U_0935,wireframing,paham_dasar,Dynamic Skill,1.0
Q_UI_U_0935,ui_principles,cukup_paham,Dynamic Skill,2.0
Q_UI_U_0936,ui_principles,belum_paham,Dynamic Skill,0.0
Q_UI_U_0936,ui_principles,paham_dasar,Dynamic Skill,1.0
Q_UI_U_0936,wireframing,cukup_paham,Dynamic Skill,2.0
Q_DATA_0937,sql_basic,belum_paham,Dynamic Skill,0.0
Q_DATA_0937,sql_basic,paham_dasar,Dynamic Skill,1.0
Q_DATA_0937,sql_basic,cukup_paham,Dynamic Skill,2.0
Q_CYBE_0938,log_analysis,belum_paham,Dynamic Skill,0.0
Q_CYBE_0938,log_analysis,paham_dasar,Dynamic Skill,1.0
Q_CYBE_0938,log_analysis,cukup_paham,Dynamic Skill,2.0
Q_UI_U_0939,figma,belum_paham,Dynamic Skill,0.0
Q_UI_U_0939,ui_principles,paham_dasar,Dynamic Skill,1.0
Q_UI_U_0939,wireframing,cukup_paham,Dynamic Skill,2.0
Q_WEB__0940,javascript_basic,belum_paham,Dynamic Skill,0.0
Q_WEB__0940,javascript_basic,paham_dasar,Dynamic Skill,1.0
Q_WEB__0940,css_basic,cukup_paham,Dynamic Skill,2.0
Q_CYBE_0941,log_analysis,belum_paham,Dynamic Skill,0.0
Q_CYBE_0941,networking_fundamental,paham_dasar,Dynamic Skill,1.0
Q_CYBE_0941,linux_basic,cukup_paham,Dynamic Skill,2.0
Q_DATA_0942,sql_basic,belum_paham,Dynamic Skill,0.0
Q_DATA_0942,spreadsheet_basic,paham_dasar,Dynamic Skill,1.0
Q_DATA_0942,python_basic,cukup_paham,Dynamic Skill,2.0
Q_WEB__0943,javascript_basic,belum_paham,Dynamic Skill,0.0
Q_WEB__0943,css_basic,paham_dasar,Dynamic Skill,1.0
Q_WEB__0943,css_basic,cukup_paham,Dynamic Skill,2.0
Q_CYBE_0944,log_analysis,belum_paham,Dynamic Skill,0.0
Q_CYBE_0944,linux_basic,paham_dasar,Dynamic Skill,1.0
Q_CYBE_0944,networking_fundamental,cukup_paham,Dynamic Skill,2.0
Q_UI_U_0945,ui_principles,belum_paham,Dynamic Skill,0.0
Q_UI_U_0945,wireframing,paham_dasar,Dynamic Skill,1.0
Q_UI_U_0945,figma,cukup_paham,Dynamic Skill,2.0
Q_WEB__0946,javascript_basic,belum_paham,Dynamic Skill,0.0
Q_WEB__0946,html_basic,paham_dasar,Dynamic Skill,1.0
Q_WEB__0946,html_basic,cukup_paham,Dynamic Skill,2.0
Q_CYBE_0947,networking_fundamental,belum_paham,Dynamic Skill,0.0
Q_CYBE_0947,linux_basic,paham_dasar,Dynamic Skill,1.0
Q_CYBE_0947,networking_fundamental,cukup_paham,Dynamic Skill,2.0
Q_AI_M_0948,model_training,belum_paham,Dynamic Skill,0.0
Q_AI_M_0948,mlops,paham_dasar,Dynamic Skill,1.0
Q_AI_M_0948,model_training,cukup_paham,Dynamic Skill,2.0
Q_AI_M_0949,model_training,belum_paham,Dynamic Skill,0.0
Q_AI_M_0949,python_basic,paham_dasar,Dynamic Skill,1.0
Q_AI_M_0949,python_basic,cukup_paham,Dynamic Skill,2.0
Q_CYBE_0950,linux_basic,belum_paham,Dynamic Skill,0.0
Q_CYBE_0950,log_analysis,paham_dasar,Dynamic Skill,1.0
Q_CYBE_0950,linux_basic,cukup_paham,Dynamic Skill,2.0
Q_WEB__0951,css_basic,belum_paham,Dynamic Skill,0.0
Q_WEB__0951,javascript_basic,paham_dasar,Dynamic Skill,1.0
Q_WEB__0951,html_basic,cukup_paham,Dynamic Skill,2.0
Q_CYBE_0952,networking_fundamental,belum_paham,Dynamic Skill,0.0
Q_CYBE_0952,networking_fundamental,paham_dasar,Dynamic Skill,1.0
Q_CYBE_0952,linux_basic,cukup_paham,Dynamic Skill,2.0
Q_AI_M_0953,model_training,belum_paham,Dynamic Skill,0.0
Q_AI_M_0953,model_training,paham_dasar,Dynamic Skill,1.0
Q_AI_M_0953,model_training,cukup_paham,Dynamic Skill,2.0
Q_WEB__0954,javascript_basic,belum_paham,Dynamic Skill,0.0
Q_WEB__0954,css_basic,paham_dasar,Dynamic Skill,1.0
Q_WEB__0954,css_basic,cukup_paham,Dynamic Skill,2.0
Q_WEB__0955,html_basic,belum_paham,Dynamic Skill,0.0
Q_WEB__0955,css_basic,paham_dasar,Dynamic Skill,1.0
Q_WEB__0955,javascript_basic,cukup_paham,Dynamic Skill,2.0
Q_WEB__0956,javascript_basic,belum_paham,Dynamic Skill,0.0
Q_WEB__0956,html_basic,paham_dasar,Dynamic Skill,1.0
Q_WEB__0956,html_basic,cukup_paham,Dynamic Skill,2.0
Q_AI_M_0957,mlops,belum_paham,Dynamic Skill,0.0
Q_AI_M_0957,model_training,paham_dasar,Dynamic Skill,1.0
Q_AI_M_0957,mlops,cukup_paham,Dynamic Skill,2.0
Q_AI_M_0958,model_training,belum_paham,Dynamic Skill,0.0
Q_AI_M_0958,python_basic,paham_dasar,Dynamic Skill,1.0
Q_AI_M_0958,model_training,cukup_paham,Dynamic Skill,2.0
Q_UI_U_0959,wireframing,belum_paham,Dynamic Skill,0.0
Q_UI_U_0959,ui_principles,paham_dasar,Dynamic Skill,1.0
Q_UI_U_0959,figma,cukup_paham,Dynamic Skill,2.0
Q_UI_U_0960,wireframing,belum_paham,Dynamic Skill,0.0
Q_UI_U_0960,figma,paham_dasar,Dynamic Skill,1.0
Q_UI_U_0960,wireframing,cukup_paham,Dynamic Skill,2.0
Q_UI_U_0961,figma,belum_paham,Dynamic Skill,0.0
Q_UI_U_0961,wireframing,paham_dasar,Dynamic Skill,1.0
Q_UI_U_0961,ui_principles,cukup_paham,Dynamic Skill,2.0
Q_DATA_0962,python_basic,belum_paham,Dynamic Skill,0.0
Q_DATA_0962,spreadsheet_basic,paham_dasar,Dynamic Skill,1.0
Q_DATA_0962,spreadsheet_basic,cukup_paham,Dynamic Skill,2.0
Q_CYBE_0963,networking_fundamental,belum_paham,Dynamic Skill,0.0
Q_CYBE_0963,linux_basic,paham_dasar,Dynamic Skill,1.0
Q_CYBE_0963,networking_fundamental,cukup_paham,Dynamic Skill,2.0
Q_UI_U_0964,wireframing,belum_paham,Dynamic Skill,0.0
Q_UI_U_0964,wireframing,paham_dasar,Dynamic Skill,1.0
Q_UI_U_0964,wireframing,cukup_paham,Dynamic Skill,2.0
Q_UI_U_0965,wireframing,belum_paham,Dynamic Skill,0.0
Q_UI_U_0965,figma,paham_dasar,Dynamic Skill,1.0
Q_UI_U_0965,ui_principles,cukup_paham,Dynamic Skill,2.0
Q_WEB__0966,html_basic,belum_paham,Dynamic Skill,0.0
Q_WEB__0966,javascript_basic,paham_dasar,Dynamic Skill,1.0
Q_WEB__0966,javascript_basic,cukup_paham,Dynamic Skill,2.0
Q_WEB__0967,html_basic,belum_paham,Dynamic Skill,0.0
Q_WEB__0967,html_basic,paham_dasar,Dynamic Skill,1.0
Q_WEB__0967,css_basic,cukup_paham,Dynamic Skill,2.0
Q_CYBE_0968,linux_basic,belum_paham,Dynamic Skill,0.0
Q_CYBE_0968,linux_basic,paham_dasar,Dynamic Skill,1.0
Q_CYBE_0968,log_analysis,cukup_paham,Dynamic Skill,2.0
Q_DATA_0969,python_basic,belum_paham,Dynamic Skill,0.0
Q_DATA_0969,python_basic,paham_dasar,Dynamic Skill,1.0
Q_DATA_0969,sql_basic,cukup_paham,Dynamic Skill,2.0
Q_DATA_0970,sql_basic,belum_paham,Dynamic Skill,0.0
Q_DATA_0970,python_basic,paham_dasar,Dynamic Skill,1.0
Q_DATA_0970,sql_basic,cukup_paham,Dynamic Skill,2.0
Q_DATA_0971,python_basic,belum_paham,Dynamic Skill,0.0
Q_DATA_0971,python_basic,paham_dasar,Dynamic Skill,1.0
Q_DATA_0971,spreadsheet_basic,cukup_paham,Dynamic Skill,2.0
Q_CYBE_0972,log_analysis,belum_paham,Dynamic Skill,0.0
Q_CYBE_0972,log_analysis,paham_dasar,Dynamic Skill,1.0
Q_CYBE_0972,linux_basic,cukup_paham,Dynamic Skill,2.0
Q_UI_U_0973,figma,belum_paham,Dynamic Skill,0.0
Q_UI_U_0973,ui_principles,paham_dasar,Dynamic Skill,1.0
Q_UI_U_0973,ui_principles,cukup_paham,Dynamic Skill,2.0
Q_WEB__0974,css_basic,belum_paham,Dynamic Skill,0.0
Q_WEB__0974,css_basic,paham_dasar,Dynamic Skill,1.0
Q_WEB__0974,html_basic,cukup_paham,Dynamic Skill,2.0
Q_AI_M_0975,python_basic,belum_paham,Dynamic Skill,0.0
Q_AI_M_0975,python_basic,paham_dasar,Dynamic Skill,1.0
Q_AI_M_0975,model_training,cukup_paham,Dynamic Skill,2.0
Q_CYBE_0976,log_analysis,belum_paham,Dynamic Skill,0.0
Q_CYBE_0976,linux_basic,paham_dasar,Dynamic Skill,1.0
Q_CYBE_0976,log_analysis,cukup_paham,Dynamic Skill,2.0
Q_UI_U_0977,ui_principles,belum_paham,Dynamic Skill,0.0
Q_UI_U_0977,wireframing,paham_dasar,Dynamic Skill,1.0
Q_UI_U_0977,ui_principles,cukup_paham,Dynamic Skill,2.0
Q_DATA_0978,sql_basic,belum_paham,Dynamic Skill,0.0
Q_DATA_0978,spreadsheet_basic,paham_dasar,Dynamic Skill,1.0
Q_DATA_0978,python_basic,cukup_paham,Dynamic Skill,2.0
Q_UI_U_0979,wireframing,belum_paham,Dynamic Skill,0.0
Q_UI_U_0979,ui_principles,paham_dasar,Dynamic Skill,1.0
Q_UI_U_0979,wireframing,cukup_paham,Dynamic Skill,2.0
Q_DATA_0980,spreadsheet_basic,belum_paham,Dynamic Skill,0.0
Q_DATA_0980,sql_basic,paham_dasar,Dynamic Skill,1.0
Q_DATA_0980,python_basic,cukup_paham,Dynamic Skill,2.0
Q_CYBE_0981,networking_fundamental,belum_paham,Dynamic Skill,0.0
Q_CYBE_0981,log_analysis,paham_dasar,Dynamic Skill,1.0
Q_CYBE_0981,log_analysis,cukup_paham,Dynamic Skill,2.0
Q_CYBE_0982,linux_basic,belum_paham,Dynamic Skill,0.0
Q_CYBE_0982,networking_fundamental,paham_dasar,Dynamic Skill,1.0
Q_CYBE_0982,linux_basic,cukup_paham,Dynamic Skill,2.0
Q_AI_M_0983,model_training,belum_paham,Dynamic Skill,0.0
Q_AI_M_0983,python_basic,paham_dasar,Dynamic Skill,1.0
Q_AI_M_0983,mlops,cukup_paham,Dynamic Skill,2.0
Q_CYBE_0984,linux_basic,belum_paham,Dynamic Skill,0.0
Q_CYBE_0984,networking_fundamental,paham_dasar,Dynamic Skill,1.0
Q_CYBE_0984,linux_basic,cukup_paham,Dynamic Skill,2.0
Q_CYBE_0985,linux_basic,belum_paham,Dynamic Skill,0.0
Q_CYBE_0985,networking_fundamental,paham_dasar,Dynamic Skill,1.0
Q_CYBE_0985,linux_basic,cukup_paham,Dynamic Skill,2.0
Q_UI_U_0986,wireframing,belum_paham,Dynamic Skill,0.0
Q_UI_U_0986,figma,paham_dasar,Dynamic Skill,1.0
Q_UI_U_0986,ui_principles,cukup_paham,Dynamic Skill,2.0
Q_UI_U_0987,figma,belum_paham,Dynamic Skill,0.0
Q_UI_U_0987,figma,paham_dasar,Dynamic Skill,1.0
Q_UI_U_0987,wireframing,cukup_paham,Dynamic Skill,2.0
Q_AI_M_0988,python_basic,belum_paham,Dynamic Skill,0.0
Q_AI_M_0988,python_basic,paham_dasar,Dynamic Skill,1.0
Q_AI_M_0988,python_basic,cukup_paham,Dynamic Skill,2.0
Q_AI_M_0989,mlops,belum_paham,Dynamic Skill,0.0
Q_AI_M_0989,model_training,paham_dasar,Dynamic Skill,1.0
Q_AI_M_0989,model_training,cukup_paham,Dynamic Skill,2.0
Q_WEB__0990,html_basic,belum_paham,Dynamic Skill,0.0
Q_WEB__0990,html_basic,paham_dasar,Dynamic Skill,1.0
Q_WEB__0990,html_basic,cukup_paham,Dynamic Skill,2.0
Q_WEB__0991,javascript_basic,belum_paham,Dynamic Skill,0.0
Q_WEB__0991,html_basic,paham_dasar,Dynamic Skill,1.0
Q_WEB__0991,javascript_basic,cukup_paham,Dynamic Skill,2.0
Q_WEB__0992,css_basic,belum_paham,Dynamic Skill,0.0
Q_WEB__0992,javascript_basic,paham_dasar,Dynamic Skill,1.0
Q_WEB__0992,css_basic,cukup_paham,Dynamic Skill,2.0
Q_CYBE_0993,log_analysis,belum_paham,Dynamic Skill,0.0
Q_CYBE_0993,networking_fundamental,paham_dasar,Dynamic Skill,1.0
Q_CYBE_0993,log_analysis,cukup_paham,Dynamic Skill,2.0
Q_UI_U_0994,ui_principles,belum_paham,Dynamic Skill,0.0
Q_UI_U_0994,ui_principles,paham_dasar,Dynamic Skill,1.0
Q_UI_U_0994,ui_principles,cukup_paham,Dynamic Skill,2.0
Q_DATA_0995,python_basic,belum_paham,Dynamic Skill,0.0
Q_DATA_0995,python_basic,paham_dasar,Dynamic Skill,1.0
Q_DATA_0995,python_basic,cukup_paham,Dynamic Skill,2.0
Q_AI_M_0996,mlops,belum_paham,Dynamic Skill,0.0
Q_AI_M_0996,model_training,paham_dasar,Dynamic Skill,1.0
Q_AI_M_0996,python_basic,cukup_paham,Dynamic Skill,2.0
Q_CYBE_0997,linux_basic,belum_paham,Dynamic Skill,0.0
Q_CYBE_0997,linux_basic,paham_dasar,Dynamic Skill,1.0
Q_CYBE_0997,linux_basic,cukup_paham,Dynamic Skill,2.0
Q_WEB__0998,html_basic,belum_paham,Dynamic Skill,0.0
Q_WEB__0998,javascript_basic,paham_dasar,Dynamic Skill,1.0
Q_WEB__0998,html_basic,cukup_paham,Dynamic Skill,2.0
Q_CYBE_0999,networking_fundamental,belum_paham,Dynamic Skill,0.0
Q_CYBE_0999,linux_basic,paham_dasar,Dynamic Skill,1.0
Q_CYBE_0999,linux_basic,cukup_paham,Dynamic Skill,2.0
Q_WEB__1000,css_basic,belum_paham,Dynamic Skill,0.0
Q_WEB__1000,css_basic,paham_dasar,Dynamic Skill,1.0
Q_WEB__1000,html_basic,cukup_paham,Dynamic Skill,2.0
